ISO-10303-21;
HEADER;
FILE_DESCRIPTION(('Open CASCADE Model'),'2;1');
FILE_NAME('Open CASCADE Shape Model','2026-09-07T22:58:06',('Author'),(
    'Open CASCADE'),'Open CASCADE STEP processor 7.9','Open CASCADE 7.9'
  ,'Unknown');
FILE_SCHEMA(('AUTOMOTIVE_DESIGN { 1 0 10303 214 1 1 1 1 }'));
ENDSEC;
DATA;
#1 = APPLICATION_PROTOCOL_DEFINITION('international standard',
  'automotive_design',2000,#2);
#2 = APPLICATION_CONTEXT(
  'core data for automotive mechanical design processes');
#3 = SHAPE_DEFINITION_REPRESENTATION(#4,#10);
#4 = PRODUCT_DEFINITION_SHAPE('','',#5);
#5 = PRODUCT_DEFINITION('design','',#6,#9);
#6 = PRODUCT_DEFINITION_FORMATION('','',#7);
#7 = PRODUCT('Open CASCADE STEP translator 7.9 1',
  'Open CASCADE STEP translator 7.9 1','',(#8));
#8 = PRODUCT_CONTEXT('',#2,'mechanical');
#9 = PRODUCT_DEFINITION_CONTEXT('part definition',#2,'design');
#10 = ADVANCED_BREP_SHAPE_REPRESENTATION('',(#11,#15),#4401);
#11 = AXIS2_PLACEMENT_3D('',#12,#13,#14);
#12 = CARTESIAN_POINT('',(0.,0.,0.));
#13 = DIRECTION('',(0.,0.,1.));
#14 = DIRECTION('',(1.,0.,-0.));
#15 = MANIFOLD_SOLID_BREP('',#16);
#16 = CLOSED_SHELL('',(#17,#240,#295,#929,#1442,#2055,#2689,#3221,#3813,
    #3907,#3962,#4017,#4052,#4107,#4142,#4197,#4252,#4307,#4342,#4397));
#17 = ADVANCED_FACE('',(#18,#54,#85,#116,#147,#178,#209),#31,.F.);
#18 = FACE_BOUND('',#19,.T.);
#19 = EDGE_LOOP('',(#20));
#20 = ORIENTED_EDGE('',*,*,#21,.F.);
#21 = EDGE_CURVE('',#22,#22,#24,.T.);
#22 = VERTEX_POINT('',#23);
#23 = CARTESIAN_POINT('',(54.5,0.,-8.));
#24 = SURFACE_CURVE('',#25,(#30,#42),.PCURVE_S1.);
#25 = CIRCLE('',#26,54.5);
#26 = AXIS2_PLACEMENT_3D('',#27,#28,#29);
#27 = CARTESIAN_POINT('',(0.,0.,-8.));
#28 = DIRECTION('',(0.,0.,1.));
#29 = DIRECTION('',(1.,0.,-0.));
#30 = PCURVE('',#31,#36);
#31 = PLANE('',#32);
#32 = AXIS2_PLACEMENT_3D('',#33,#34,#35);
#33 = CARTESIAN_POINT('',(0.,0.,-8.));
#34 = DIRECTION('',(0.,0.,1.));
#35 = DIRECTION('',(1.,0.,-0.));
#36 = DEFINITIONAL_REPRESENTATION('',(#37),#41);
#37 = CIRCLE('',#38,54.5);
#38 = AXIS2_PLACEMENT_2D('',#39,#40);
#39 = CARTESIAN_POINT('',(0.,0.));
#40 = DIRECTION('',(1.,-0.));
#41 = ( GEOMETRIC_REPRESENTATION_CONTEXT(2) 
PARAMETRIC_REPRESENTATION_CONTEXT() REPRESENTATION_CONTEXT('2D SPACE',''
  ) );
#42 = PCURVE('',#43,#48);
#43 = CYLINDRICAL_SURFACE('',#44,54.5);
#44 = AXIS2_PLACEMENT_3D('',#45,#46,#47);
#45 = CARTESIAN_POINT('',(0.,0.,-8.));
#46 = DIRECTION('',(0.,0.,1.));
#47 = DIRECTION('',(1.,0.,-0.));
#48 = DEFINITIONAL_REPRESENTATION('',(#49),#53);
#49 = LINE('',#50,#51);
#50 = CARTESIAN_POINT('',(0.,0.));
#51 = VECTOR('',#52,1.);
#52 = DIRECTION('',(1.,0.));
#53 = ( GEOMETRIC_REPRESENTATION_CONTEXT(2) 
PARAMETRIC_REPRESENTATION_CONTEXT() REPRESENTATION_CONTEXT('2D SPACE',''
  ) );
#54 = FACE_BOUND('',#55,.T.);
#55 = EDGE_LOOP('',(#56));
#56 = ORIENTED_EDGE('',*,*,#57,.T.);
#57 = EDGE_CURVE('',#58,#58,#60,.T.);
#58 = VERTEX_POINT('',#59);
#59 = CARTESIAN_POINT('',(27.,-42.00223208354,-8.));
#60 = SURFACE_CURVE('',#61,(#66,#73),.PCURVE_S1.);
#61 = CIRCLE('',#62,2.75);
#62 = AXIS2_PLACEMENT_3D('',#63,#64,#65);
#63 = CARTESIAN_POINT('',(24.25,-42.00223208354,-8.));
#64 = DIRECTION('',(0.,0.,1.));
#65 = DIRECTION('',(1.,0.,-0.));
#66 = PCURVE('',#31,#67);
#67 = DEFINITIONAL_REPRESENTATION('',(#68),#72);
#68 = CIRCLE('',#69,2.75);
#69 = AXIS2_PLACEMENT_2D('',#70,#71);
#70 = CARTESIAN_POINT('',(24.25,-42.00223208354));
#71 = DIRECTION('',(1.,-0.));
#72 = ( GEOMETRIC_REPRESENTATION_CONTEXT(2) 
PARAMETRIC_REPRESENTATION_CONTEXT() REPRESENTATION_CONTEXT('2D SPACE',''
  ) );
#73 = PCURVE('',#74,#79);
#74 = CYLINDRICAL_SURFACE('',#75,2.75);
#75 = AXIS2_PLACEMENT_3D('',#76,#77,#78);
#76 = CARTESIAN_POINT('',(24.25,-42.00223208354,-16.));
#77 = DIRECTION('',(0.,0.,1.));
#78 = DIRECTION('',(1.,0.,-0.));
#79 = DEFINITIONAL_REPRESENTATION('',(#80),#84);
#80 = LINE('',#81,#82);
#81 = CARTESIAN_POINT('',(0.,8.));
#82 = VECTOR('',#83,1.);
#83 = DIRECTION('',(1.,0.));
#84 = ( GEOMETRIC_REPRESENTATION_CONTEXT(2) 
PARAMETRIC_REPRESENTATION_CONTEXT() REPRESENTATION_CONTEXT('2D SPACE',''
  ) );
#85 = FACE_BOUND('',#86,.T.);
#86 = EDGE_LOOP('',(#87));
#87 = ORIENTED_EDGE('',*,*,#88,.T.);
#88 = EDGE_CURVE('',#89,#89,#91,.T.);
#89 = VERTEX_POINT('',#90);
#90 = CARTESIAN_POINT('',(51.25,-6.73555739531E-16,-8.));
#91 = SURFACE_CURVE('',#92,(#97,#104),.PCURVE_S1.);
#92 = CIRCLE('',#93,2.75);
#93 = AXIS2_PLACEMENT_3D('',#94,#95,#96);
#94 = CARTESIAN_POINT('',(48.5,0.,-8.));
#95 = DIRECTION('',(0.,0.,1.));
#96 = DIRECTION('',(1.,0.,-0.));
#97 = PCURVE('',#31,#98);
#98 = DEFINITIONAL_REPRESENTATION('',(#99),#103);
#99 = CIRCLE('',#100,2.75);
#100 = AXIS2_PLACEMENT_2D('',#101,#102);
#101 = CARTESIAN_POINT('',(48.5,0.));
#102 = DIRECTION('',(1.,-0.));
#103 = ( GEOMETRIC_REPRESENTATION_CONTEXT(2) 
PARAMETRIC_REPRESENTATION_CONTEXT() REPRESENTATION_CONTEXT('2D SPACE',''
  ) );
#104 = PCURVE('',#105,#110);
#105 = CYLINDRICAL_SURFACE('',#106,2.75);
#106 = AXIS2_PLACEMENT_3D('',#107,#108,#109);
#107 = CARTESIAN_POINT('',(48.5,0.,-16.));
#108 = DIRECTION('',(0.,0.,1.));
#109 = DIRECTION('',(1.,0.,-0.));
#110 = DEFINITIONAL_REPRESENTATION('',(#111),#115);
#111 = LINE('',#112,#113);
#112 = CARTESIAN_POINT('',(0.,8.));
#113 = VECTOR('',#114,1.);
#114 = DIRECTION('',(1.,0.));
#115 = ( GEOMETRIC_REPRESENTATION_CONTEXT(2) 
PARAMETRIC_REPRESENTATION_CONTEXT() REPRESENTATION_CONTEXT('2D SPACE',''
  ) );
#116 = FACE_BOUND('',#117,.T.);
#117 = EDGE_LOOP('',(#118));
#118 = ORIENTED_EDGE('',*,*,#119,.T.);
#119 = EDGE_CURVE('',#120,#120,#122,.T.);
#120 = VERTEX_POINT('',#121);
#121 = CARTESIAN_POINT('',(-21.5,-42.00223208354,-8.));
#122 = SURFACE_CURVE('',#123,(#128,#135),.PCURVE_S1.);
#123 = CIRCLE('',#124,2.75);
#124 = AXIS2_PLACEMENT_3D('',#125,#126,#127);
#125 = CARTESIAN_POINT('',(-24.25,-42.00223208354,-8.));
#126 = DIRECTION('',(0.,0.,1.));
#127 = DIRECTION('',(1.,0.,-0.));
#128 = PCURVE('',#31,#129);
#129 = DEFINITIONAL_REPRESENTATION('',(#130),#134);
#130 = CIRCLE('',#131,2.75);
#131 = AXIS2_PLACEMENT_2D('',#132,#133);
#132 = CARTESIAN_POINT('',(-24.25,-42.00223208354));
#133 = DIRECTION('',(1.,-0.));
#134 = ( GEOMETRIC_REPRESENTATION_CONTEXT(2) 
PARAMETRIC_REPRESENTATION_CONTEXT() REPRESENTATION_CONTEXT('2D SPACE',''
  ) );
#135 = PCURVE('',#136,#141);
#136 = CYLINDRICAL_SURFACE('',#137,2.75);
#137 = AXIS2_PLACEMENT_3D('',#138,#139,#140);
#138 = CARTESIAN_POINT('',(-24.25,-42.00223208354,-16.));
#139 = DIRECTION('',(0.,0.,1.));
#140 = DIRECTION('',(1.,0.,-0.));
#141 = DEFINITIONAL_REPRESENTATION('',(#142),#146);
#142 = LINE('',#143,#144);
#143 = CARTESIAN_POINT('',(0.,8.));
#144 = VECTOR('',#145,1.);
#145 = DIRECTION('',(1.,0.));
#146 = ( GEOMETRIC_REPRESENTATION_CONTEXT(2) 
PARAMETRIC_REPRESENTATION_CONTEXT() REPRESENTATION_CONTEXT('2D SPACE',''
  ) );
#147 = FACE_BOUND('',#148,.T.);
#148 = EDGE_LOOP('',(#149));
#149 = ORIENTED_EDGE('',*,*,#150,.T.);
#150 = EDGE_CURVE('',#151,#151,#153,.T.);
#151 = VERTEX_POINT('',#152);
#152 = CARTESIAN_POINT('',(27.,42.002232083545,-8.));
#153 = SURFACE_CURVE('',#154,(#159,#166),.PCURVE_S1.);
#154 = CIRCLE('',#155,2.75);
#155 = AXIS2_PLACEMENT_3D('',#156,#157,#158);
#156 = CARTESIAN_POINT('',(24.25,42.002232083545,-8.));
#157 = DIRECTION('',(0.,0.,1.));
#158 = DIRECTION('',(1.,0.,-0.));
#159 = PCURVE('',#31,#160);
#160 = DEFINITIONAL_REPRESENTATION('',(#161),#165);
#161 = CIRCLE('',#162,2.75);
#162 = AXIS2_PLACEMENT_2D('',#163,#164);
#163 = CARTESIAN_POINT('',(24.25,42.002232083545));
#164 = DIRECTION('',(1.,-0.));
#165 = ( GEOMETRIC_REPRESENTATION_CONTEXT(2) 
PARAMETRIC_REPRESENTATION_CONTEXT() REPRESENTATION_CONTEXT('2D SPACE',''
  ) );
#166 = PCURVE('',#167,#172);
#167 = CYLINDRICAL_SURFACE('',#168,2.75);
#168 = AXIS2_PLACEMENT_3D('',#169,#170,#171);
#169 = CARTESIAN_POINT('',(24.25,42.002232083545,-16.));
#170 = DIRECTION('',(0.,0.,1.));
#171 = DIRECTION('',(1.,0.,-0.));
#172 = DEFINITIONAL_REPRESENTATION('',(#173),#177);
#173 = LINE('',#174,#175);
#174 = CARTESIAN_POINT('',(0.,8.));
#175 = VECTOR('',#176,1.);
#176 = DIRECTION('',(1.,0.));
#177 = ( GEOMETRIC_REPRESENTATION_CONTEXT(2) 
PARAMETRIC_REPRESENTATION_CONTEXT() REPRESENTATION_CONTEXT('2D SPACE',''
  ) );
#178 = FACE_BOUND('',#179,.T.);
#179 = EDGE_LOOP('',(#180));
#180 = ORIENTED_EDGE('',*,*,#181,.T.);
#181 = EDGE_CURVE('',#182,#182,#184,.T.);
#182 = VERTEX_POINT('',#183);
#183 = CARTESIAN_POINT('',(-45.75,5.265981236334E-15,-8.));
#184 = SURFACE_CURVE('',#185,(#190,#197),.PCURVE_S1.);
#185 = CIRCLE('',#186,2.75);
#186 = AXIS2_PLACEMENT_3D('',#187,#188,#189);
#187 = CARTESIAN_POINT('',(-48.5,5.939536975865E-15,-8.));
#188 = DIRECTION('',(0.,0.,1.));
#189 = DIRECTION('',(1.,0.,-0.));
#190 = PCURVE('',#31,#191);
#191 = DEFINITIONAL_REPRESENTATION('',(#192),#196);
#192 = CIRCLE('',#193,2.75);
#193 = AXIS2_PLACEMENT_2D('',#194,#195);
#194 = CARTESIAN_POINT('',(-48.5,5.939536975865E-15));
#195 = DIRECTION('',(1.,-0.));
#196 = ( GEOMETRIC_REPRESENTATION_CONTEXT(2) 
PARAMETRIC_REPRESENTATION_CONTEXT() REPRESENTATION_CONTEXT('2D SPACE',''
  ) );
#197 = PCURVE('',#198,#203);
#198 = CYLINDRICAL_SURFACE('',#199,2.75);
#199 = AXIS2_PLACEMENT_3D('',#200,#201,#202);
#200 = CARTESIAN_POINT('',(-48.5,5.939536975865E-15,-16.));
#201 = DIRECTION('',(0.,0.,1.));
#202 = DIRECTION('',(1.,0.,-0.));
#203 = DEFINITIONAL_REPRESENTATION('',(#204),#208);
#204 = LINE('',#205,#206);
#205 = CARTESIAN_POINT('',(0.,8.));
#206 = VECTOR('',#207,1.);
#207 = DIRECTION('',(1.,0.));
#208 = ( GEOMETRIC_REPRESENTATION_CONTEXT(2) 
PARAMETRIC_REPRESENTATION_CONTEXT() REPRESENTATION_CONTEXT('2D SPACE',''
  ) );
#209 = FACE_BOUND('',#210,.T.);
#210 = EDGE_LOOP('',(#211));
#211 = ORIENTED_EDGE('',*,*,#212,.T.);
#212 = EDGE_CURVE('',#213,#213,#215,.T.);
#213 = VERTEX_POINT('',#214);
#214 = CARTESIAN_POINT('',(-21.5,42.002232083545,-8.));
#215 = SURFACE_CURVE('',#216,(#221,#228),.PCURVE_S1.);
#216 = CIRCLE('',#217,2.75);
#217 = AXIS2_PLACEMENT_3D('',#218,#219,#220);
#218 = CARTESIAN_POINT('',(-24.25,42.002232083545,-8.));
#219 = DIRECTION('',(0.,0.,1.));
#220 = DIRECTION('',(1.,0.,-0.));
#221 = PCURVE('',#31,#222);
#222 = DEFINITIONAL_REPRESENTATION('',(#223),#227);
#223 = CIRCLE('',#224,2.75);
#224 = AXIS2_PLACEMENT_2D('',#225,#226);
#225 = CARTESIAN_POINT('',(-24.25,42.002232083545));
#226 = DIRECTION('',(1.,-0.));
#227 = ( GEOMETRIC_REPRESENTATION_CONTEXT(2) 
PARAMETRIC_REPRESENTATION_CONTEXT() REPRESENTATION_CONTEXT('2D SPACE',''
  ) );
#228 = PCURVE('',#229,#234);
#229 = CYLINDRICAL_SURFACE('',#230,2.75);
#230 = AXIS2_PLACEMENT_3D('',#231,#232,#233);
#231 = CARTESIAN_POINT('',(-24.25,42.002232083545,-16.));
#232 = DIRECTION('',(0.,0.,1.));
#233 = DIRECTION('',(1.,0.,-0.));
#234 = DEFINITIONAL_REPRESENTATION('',(#235),#239);
#235 = LINE('',#236,#237);
#236 = CARTESIAN_POINT('',(0.,8.));
#237 = VECTOR('',#238,1.);
#238 = DIRECTION('',(1.,0.));
#239 = ( GEOMETRIC_REPRESENTATION_CONTEXT(2) 
PARAMETRIC_REPRESENTATION_CONTEXT() REPRESENTATION_CONTEXT('2D SPACE',''
  ) );
#240 = ADVANCED_FACE('',(#241),#43,.T.);
#241 = FACE_BOUND('',#242,.T.);
#242 = EDGE_LOOP('',(#243,#244,#267,#294));
#243 = ORIENTED_EDGE('',*,*,#21,.T.);
#244 = ORIENTED_EDGE('',*,*,#245,.T.);
#245 = EDGE_CURVE('',#22,#246,#248,.T.);
#246 = VERTEX_POINT('',#247);
#247 = CARTESIAN_POINT('',(54.5,0.,0.));
#248 = SEAM_CURVE('',#249,(#253,#260),.PCURVE_S1.);
#249 = LINE('',#250,#251);
#250 = CARTESIAN_POINT('',(54.5,0.,-8.));
#251 = VECTOR('',#252,1.);
#252 = DIRECTION('',(0.,0.,1.));
#253 = PCURVE('',#43,#254);
#254 = DEFINITIONAL_REPRESENTATION('',(#255),#259);
#255 = LINE('',#256,#257);
#256 = CARTESIAN_POINT('',(0.,0.));
#257 = VECTOR('',#258,1.);
#258 = DIRECTION('',(0.,1.));
#259 = ( GEOMETRIC_REPRESENTATION_CONTEXT(2) 
PARAMETRIC_REPRESENTATION_CONTEXT() REPRESENTATION_CONTEXT('2D SPACE',''
  ) );
#260 = PCURVE('',#43,#261);
#261 = DEFINITIONAL_REPRESENTATION('',(#262),#266);
#262 = LINE('',#263,#264);
#263 = CARTESIAN_POINT('',(6.28318530718,0.));
#264 = VECTOR('',#265,1.);
#265 = DIRECTION('',(0.,1.));
#266 = ( GEOMETRIC_REPRESENTATION_CONTEXT(2) 
PARAMETRIC_REPRESENTATION_CONTEXT() REPRESENTATION_CONTEXT('2D SPACE',''
  ) );
#267 = ORIENTED_EDGE('',*,*,#268,.F.);
#268 = EDGE_CURVE('',#246,#246,#269,.T.);
#269 = SURFACE_CURVE('',#270,(#275,#282),.PCURVE_S1.);
#270 = CIRCLE('',#271,54.5);
#271 = AXIS2_PLACEMENT_3D('',#272,#273,#274);
#272 = CARTESIAN_POINT('',(0.,0.,0.));
#273 = DIRECTION('',(0.,0.,1.));
#274 = DIRECTION('',(1.,0.,-0.));
#275 = PCURVE('',#43,#276);
#276 = DEFINITIONAL_REPRESENTATION('',(#277),#281);
#277 = LINE('',#278,#279);
#278 = CARTESIAN_POINT('',(0.,8.));
#279 = VECTOR('',#280,1.);
#280 = DIRECTION('',(1.,0.));
#281 = ( GEOMETRIC_REPRESENTATION_CONTEXT(2) 
PARAMETRIC_REPRESENTATION_CONTEXT() REPRESENTATION_CONTEXT('2D SPACE',''
  ) );
#282 = PCURVE('',#283,#288);
#283 = CONICAL_SURFACE('',#284,54.5,1.067953115867);
#284 = AXIS2_PLACEMENT_3D('',#285,#286,#287);
#285 = CARTESIAN_POINT('',(0.,0.,0.));
#286 = DIRECTION('',(-0.,-0.,-1.));
#287 = DIRECTION('',(1.,0.,-0.));
#288 = DEFINITIONAL_REPRESENTATION('',(#289),#293);
#289 = LINE('',#290,#291);
#290 = CARTESIAN_POINT('',(-0.,-0.));
#291 = VECTOR('',#292,1.);
#292 = DIRECTION('',(-1.,-0.));
#293 = ( GEOMETRIC_REPRESENTATION_CONTEXT(2) 
PARAMETRIC_REPRESENTATION_CONTEXT() REPRESENTATION_CONTEXT('2D SPACE',''
  ) );
#294 = ORIENTED_EDGE('',*,*,#245,.F.);
#295 = ADVANCED_FACE('',(#296),#74,.F.);
#296 = FACE_BOUND('',#297,.F.);
#297 = EDGE_LOOP('',(#298,#906,#927,#928));
#298 = ORIENTED_EDGE('',*,*,#299,.F.);
#299 = EDGE_CURVE('',#300,#300,#302,.T.);
#300 = VERTEX_POINT('',#301);
#301 = CARTESIAN_POINT('',(27.,-42.00223208354,2.512494310424));
#302 = SURFACE_CURVE('',#303,(#502,#704),.PCURVE_S1.);
#303 = B_SPLINE_CURVE_WITH_KNOTS('',8,(#304,#305,#306,#307,#308,#309,
    #310,#311,#312,#313,#314,#315,#316,#317,#318,#319,#320,#321,#322,
    #323,#324,#325,#326,#327,#328,#329,#330,#331,#332,#333,#334,#335,
    #336,#337,#338,#339,#340,#341,#342,#343,#344,#345,#346,#347,#348,
    #349,#350,#351,#352,#353,#354,#355,#356,#357,#358,#359,#360,#361,
    #362,#363,#364,#365,#366,#367,#368,#369,#370,#371,#372,#373,#374,
    #375,#376,#377,#378,#379,#380,#381,#382,#383,#384,#385,#386,#387,
    #388,#389,#390,#391,#392,#393,#394,#395,#396,#397,#398,#399,#400,
    #401,#402,#403,#404,#405,#406,#407,#408,#409,#410,#411,#412,#413,
    #414,#415,#416,#417,#418,#419,#420,#421,#422,#423,#424,#425,#426,
    #427,#428,#429,#430,#431,#432,#433,#434,#435,#436,#437,#438,#439,
    #440,#441,#442,#443,#444,#445,#446,#447,#448,#449,#450,#451,#452,
    #453,#454,#455,#456,#457,#458,#459,#460,#461,#462,#463,#464,#465,
    #466,#467,#468,#469,#470,#471,#472,#473,#474,#475,#476,#477,#478,
    #479,#480,#481,#482,#483,#484,#485,#486,#487,#488,#489,#490,#491,
    #492,#493,#494,#495,#496,#497,#498,#499,#500,#501),.UNSPECIFIED.,.T.
  ,.F.,(9,7,7,7,7,7,7,7,7,7,7,7,7,7,7,7,7,7,7,7,7,7,7,7,7,7,7,7,9),(0.,
    0.109428460582,0.196072712996,0.224118230421,0.256540970109,
    0.291802801582,0.315806361319,0.327662783018,0.33497328532,
    0.350827488378,0.373982972267,0.385830015864,0.409808957179,
    0.445032834169,0.477426199927,0.505452349921,0.592688077303,
    0.679405502235,0.709247082365,0.744451288678,0.78410611787,
    0.811116306385,0.82456732381,0.833034058907,0.850774575477,
    0.875422277635,0.887603656906,0.911277897107,1.),.UNSPECIFIED.);
#304 = CARTESIAN_POINT('',(27.,-42.00223208354,2.512494310424));
#305 = CARTESIAN_POINT('',(27.,-41.78850475715,2.611376401604));
#306 = CARTESIAN_POINT('',(26.981016587252,-41.58136524277,
    2.712688245481));
#307 = CARTESIAN_POINT('',(26.945095891717,-41.38103700799,
    2.815814891245));
#308 = CARTESIAN_POINT('',(26.893582822596,-41.18786965009,
    2.920257404112));
#309 = CARTESIAN_POINT('',(26.827556933411,-41.00217834622,
    3.025593250543));
#310 = CARTESIAN_POINT('',(26.747795181449,-40.82426676097,
    3.131477797976));
#311 = CARTESIAN_POINT('',(26.654828865608,-40.65441830745,
    3.237635825464));
#312 = CARTESIAN_POINT('',(26.464897156786,-40.36512564837,
    3.427974170144));
#313 = CARTESIAN_POINT('',(26.372862610783,-40.24265293959,
    3.512060503329));
#314 = CARTESIAN_POINT('',(26.272848135192,-40.12572136682,
    3.596004555919));
#315 = CARTESIAN_POINT('',(26.16490411726,-40.01459834408,3.679662186784
    ));
#316 = CARTESIAN_POINT('',(26.049016940743,-39.90963933375,
    3.762861632599));
#317 = CARTESIAN_POINT('',(25.925114712484,-39.81128443711,
    3.845402776784));
#318 = CARTESIAN_POINT('',(25.793042284395,-39.72007872451,
    3.927053448734));
#319 = CARTESIAN_POINT('',(25.606980409261,-39.60976432906,4.03359058711
    ));
#320 = CARTESIAN_POINT('',(25.560596521584,-39.58361542439,
    4.059518033281));
#321 = CARTESIAN_POINT('',(25.513317938853,-39.55831826771,
    4.085310841826));
#322 = CARTESIAN_POINT('',(25.465135146342,-39.53390033697,
    4.110957694456));
#323 = CARTESIAN_POINT('',(25.416038126379,-39.51039173182,
    4.136446059944));
#324 = CARTESIAN_POINT('',(25.366016158074,-39.48782537922,
    4.161762139689));
#325 = CARTESIAN_POINT('',(25.315057617048,-39.46623723904,
    4.186890813294));
#326 = CARTESIAN_POINT('',(25.203140383286,-39.42188519058,
    4.240630504708));
#327 = CARTESIAN_POINT('',(25.141865237362,-39.39946475353,
    4.269171509794));
#328 = CARTESIAN_POINT('',(25.079302582958,-39.37846519227,
    4.297413983314));
#329 = CARTESIAN_POINT('',(25.015432571286,-39.35895382298,
    4.325328991646));
#330 = CARTESIAN_POINT('',(24.950236792519,-39.34100591076,
    4.352883070143));
#331 = CARTESIAN_POINT('',(24.883697809121,-39.32470529606,4.38003800965
    ));
#332 = CARTESIAN_POINT('',(24.815798689166,-39.31014502106,
    4.406750643019));
#333 = CARTESIAN_POINT('',(24.671180235712,-39.28359732355,
    4.461490744282));
#334 = CARTESIAN_POINT('',(24.594222104333,-39.2719492703,4.489423590601
    ));
#335 = CARTESIAN_POINT('',(24.515618690577,-39.26261407856,
    4.516712246809));
#336 = CARTESIAN_POINT('',(24.43535730424,-39.25574085468,4.543283198758
    ));
#337 = CARTESIAN_POINT('',(24.353443152357,-39.25149610609,
    4.569048670167));
#338 = CARTESIAN_POINT('',(24.269900471681,-39.25006231825,
    4.593906950852));
#339 = CARTESIAN_POINT('',(24.184773661169,-39.25163653158,
    4.617742724966));
#340 = CARTESIAN_POINT('',(24.039146952969,-39.25969120911,
    4.655869391632));
#341 = CARTESIAN_POINT('',(23.979469756271,-39.26444449115,
    4.670775831401));
#342 = CARTESIAN_POINT('',(23.919121425016,-39.27075386343,4.68510565652
    ));
#343 = CARTESIAN_POINT('',(23.858138835213,-39.2786870697,4.698812800804
    ));
#344 = CARTESIAN_POINT('',(23.796571988442,-39.28831192642,
    4.711847262813));
#345 = CARTESIAN_POINT('',(23.734484862076,-39.29969375072,
    4.724156174764));
#346 = CARTESIAN_POINT('',(23.671956259494,-39.31289278822,
    4.735684871456));
#347 = CARTESIAN_POINT('',(23.578023615984,-39.33540481501,
    4.751659748988));
#348 = CARTESIAN_POINT('',(23.546882686336,-39.34330397167,
    4.756737550865));
#349 = CARTESIAN_POINT('',(23.515669827637,-39.35166520635,
    4.761604647915));
#350 = CARTESIAN_POINT('',(23.484398082035,-39.36049404576,4.7662542938)
  );
#351 = CARTESIAN_POINT('',(23.453081589276,-39.36979529771,
    4.770679786898));
#352 = CARTESIAN_POINT('',(23.421735598455,-39.37957290079,
    4.774874544447));
#353 = CARTESIAN_POINT('',(23.390376479743,-39.38982977422,
    4.778832176703));
#354 = CARTESIAN_POINT('',(23.339688843695,-39.40718850108,
    4.784836798093));
#355 = CARTESIAN_POINT('',(23.320357585139,-39.41399220254,
    4.787034569022));
#356 = CARTESIAN_POINT('',(23.301032077702,-39.42097920236,
    4.789138423938));
#357 = CARTESIAN_POINT('',(23.281716564069,-39.42814974395,
    4.791146972112));
#358 = CARTESIAN_POINT('',(23.262415412365,-39.43550388377,
    4.793058882028));
#359 = CARTESIAN_POINT('',(23.243133116161,-39.4430414913,4.794872881386
    ));
#360 = CARTESIAN_POINT('',(23.22387429447,-39.45076224905,4.796587757099
    ));
#361 = CARTESIAN_POINT('',(23.162938502707,-39.47580567372,
    4.801703916006));
#362 = CARTESIAN_POINT('',(23.1213643725,-39.49380534085,4.804734020714)
  );
#363 = CARTESIAN_POINT('',(23.079971597843,-39.51265852953,
    4.807280841206));
#364 = CARTESIAN_POINT('',(23.038810863822,-39.53235512894,
    4.809334490203));
#365 = CARTESIAN_POINT('',(22.997933094588,-39.55288072963,
    4.810887227673));
#366 = CARTESIAN_POINT('',(22.957389304054,-39.57421631138,4.81193366715
    ));
#367 = CARTESIAN_POINT('',(22.91723044659,-39.596337931,4.812470982047)
  );
#368 = CARTESIAN_POINT('',(22.819490511854,-39.65263103539,
    4.812540196471));
#369 = CARTESIAN_POINT('',(22.762393248688,-39.68766593371,
    4.811495078256));
#370 = CARTESIAN_POINT('',(22.70637954322,-39.72422754247,4.809363146061
    ));
#371 = CARTESIAN_POINT('',(22.651589698412,-39.76221090821,
    4.806156764805));
#372 = CARTESIAN_POINT('',(22.598142124248,-39.80150192902,4.80189955439
    ));
#373 = CARTESIAN_POINT('',(22.546135206784,-39.84197959698,4.79662466851
    ));
#374 = CARTESIAN_POINT('',(22.495649177209,-39.88351824063,
    4.790373073451));
#375 = CARTESIAN_POINT('',(22.421728654693,-39.94771948074,
    4.779517684674));
#376 = CARTESIAN_POINT('',(22.397122081945,-39.96969518542,4.77559989725
    ));
#377 = CARTESIAN_POINT('',(22.372935650088,-39.99190085146,
    4.771444540561));
#378 = CARTESIAN_POINT('',(22.349175162145,-40.01432083434,
    4.767057964819));
#379 = CARTESIAN_POINT('',(22.325844972357,-40.03693994048,
    4.762446720144));
#380 = CARTESIAN_POINT('',(22.302948121814,-40.05974349286,4.75761748218
    ));
#381 = CARTESIAN_POINT('',(22.280486474093,-40.08271739654,
    4.752576977733));
#382 = CARTESIAN_POINT('',(22.213880013332,-40.15266598429,
    4.736715661622));
#383 = CARTESIAN_POINT('',(22.171087800478,-40.20012428659,
    4.725261830328));
#384 = CARTESIAN_POINT('',(22.130086912537,-40.24811467103,
    4.713025670109));
#385 = CARTESIAN_POINT('',(22.090865417452,-40.29653840713,
    4.700061781483));
#386 = CARTESIAN_POINT('',(22.053399424054,-40.34530703775,
    4.686423029513));
#387 = CARTESIAN_POINT('',(22.017655755211,-40.39434294276,
    4.672159461436));
#388 = CARTESIAN_POINT('',(21.983594620988,-40.44357990261,
    4.657317224282));
#389 = CARTESIAN_POINT('',(21.903545496251,-40.56550595854,
    4.619345403688));
#390 = CARTESIAN_POINT('',(21.859463960304,-40.6383505988,4.595598107026
    ));
#391 = CARTESIAN_POINT('',(21.818779476966,-40.71133449827,
    4.570824468295));
#392 = CARTESIAN_POINT('',(21.781344223047,-40.78431971563,4.54514011864
    ));
#393 = CARTESIAN_POINT('',(21.74701262506,-40.85719318594,4.518647094821
    ));
#394 = CARTESIAN_POINT('',(21.715643225121,-40.9298664537,4.491433489468
    ));
#395 = CARTESIAN_POINT('',(21.687100546855,-41.00227540588,4.46357310133
    ));
#396 = CARTESIAN_POINT('',(21.637490107935,-41.1406904414,4.408963088028
    ));
#397 = CARTESIAN_POINT('',(21.61600969838,-41.20673295666,4.382308285708
    ));
#398 = CARTESIAN_POINT('',(21.596718086058,-41.27247041032,
    4.355209224352));
#399 = CARTESIAN_POINT('',(21.579526096442,-41.33787066365,
    4.327709256424));
#400 = CARTESIAN_POINT('',(21.564352255752,-41.40290666851,
    4.299846754362));
#401 = CARTESIAN_POINT('',(21.551122019658,-41.4675565561,4.271655323871
    ));
#402 = CARTESIAN_POINT('',(21.539767001972,-41.53180372573,
    4.243164017231));
#403 = CARTESIAN_POINT('',(21.52196794781,-41.65086426228,4.189509320179
    ));
#404 = CARTESIAN_POINT('',(21.515068624488,-41.70577935557,
    4.164416173401));
#405 = CARTESIAN_POINT('',(21.509485791777,-41.76037356822,
    4.139134678516));
#406 = CARTESIAN_POINT('',(21.505182371752,-41.81463893052,
    4.113680023157));
#407 = CARTESIAN_POINT('',(21.502124371193,-41.86856821885,
    4.088066065076));
#408 = CARTESIAN_POINT('',(21.5002806026,-41.92215502615,4.062305386901)
  );
#409 = CARTESIAN_POINT('',(21.499622405209,-41.97539383245,
    4.036409350888));
#410 = CARTESIAN_POINT('',(21.501682684028,-42.19289668756,
    3.929393151974));
#411 = CARTESIAN_POINT('',(21.514472244741,-42.35404986528,
    3.847208908781));
#412 = CARTESIAN_POINT('',(21.537688915497,-42.5116575189,3.764117332552
    ));
#413 = CARTESIAN_POINT('',(21.570769987459,-42.66557845106,3.68035602597
    ));
#414 = CARTESIAN_POINT('',(21.613288957567,-42.81565149399,
    3.596129546252));
#415 = CARTESIAN_POINT('',(21.66492437319,-42.96170737441,3.511613241082
    ));
#416 = CARTESIAN_POINT('',(21.725466149847,-43.10356523323,
    3.426953977555));
#417 = CARTESIAN_POINT('',(21.863769313417,-43.37766951297,3.25809331451
    ));
#418 = CARTESIAN_POINT('',(21.941391648812,-43.50989931135,
    3.173934498762));
#419 = CARTESIAN_POINT('',(22.02758484691,-43.63751928733,3.089917983309
    ));
#420 = CARTESIAN_POINT('',(22.122321093995,-43.76024237616,
    3.006185660351));
#421 = CARTESIAN_POINT('',(22.225633335561,-43.87769682415,
    2.922899977304));
#422 = CARTESIAN_POINT('',(22.33760658327,-43.98942930389,2.840244261138
    ));
#423 = CARTESIAN_POINT('',(22.458394106666,-44.09489050628,
    2.758424531219));
#424 = CARTESIAN_POINT('',(22.632969817386,-44.22728488354,
    2.649887086547));
#425 = CARTESIAN_POINT('',(22.678737853621,-44.26035320902,
    2.622228329558));
#426 = CARTESIAN_POINT('',(22.725588544528,-44.29256499746,
    2.594709112226));
#427 = CARTESIAN_POINT('',(22.773531872014,-44.32388847438,
    2.567340951386));
#428 = CARTESIAN_POINT('',(22.822578237616,-44.3542890067,2.540136507319
    ));
#429 = CARTESIAN_POINT('',(22.872738607272,-44.38372892782,
    2.513109616656));
#430 = CARTESIAN_POINT('',(22.9240246561,-44.41216736266,2.486275325281)
  );
#431 = CARTESIAN_POINT('',(23.038293974778,-44.47187529563,
    2.428239848005));
#432 = CARTESIAN_POINT('',(23.101720121941,-44.50273372478,
    2.397121941065));
#433 = CARTESIAN_POINT('',(23.166749950315,-44.53206349356,
    2.366322021903));
#434 = CARTESIAN_POINT('',(23.233403824976,-44.55978414243,
    2.335870307191));
#435 = CARTESIAN_POINT('',(23.301700171073,-44.58580605356,
    2.305801546073));
#436 = CARTESIAN_POINT('',(23.371655764479,-44.61002990551,
    2.276155157451));
#437 = CARTESIAN_POINT('',(23.443286022448,-44.63234612788,
    2.246975367268));
#438 = CARTESIAN_POINT('',(23.59919381152,-44.67548748355,2.186023531504
    ));
#439 = CARTESIAN_POINT('',(23.68391080535,-44.69576334234,2.154395855338
    ));
#440 = CARTESIAN_POINT('',(23.770785717094,-44.71329327421,
    2.123494715509));
#441 = CARTESIAN_POINT('',(23.859826931647,-44.72788330717,
    2.093403175472));
#442 = CARTESIAN_POINT('',(23.951019818849,-44.73931633779,
    2.064220420326));
#443 = CARTESIAN_POINT('',(24.04432477487,-44.74735431372,2.036061213221
    ));
#444 = CARTESIAN_POINT('',(24.139675263601,-44.75174041606,
    2.009055351761));
#445 = CARTESIAN_POINT('',(24.303250444313,-44.75251512525,
    1.965836418113));
#446 = CARTESIAN_POINT('',(24.370420495252,-44.75100764459,
    1.948930290109));
#447 = CARTESIAN_POINT('',(24.43845105177,-44.74759364992,1.932675056628
    ));
#448 = CARTESIAN_POINT('',(24.507291883679,-44.74218412908,
    1.917122646101));
#449 = CARTESIAN_POINT('',(24.576876426965,-44.73468952159,
    1.902329402385));
#450 = CARTESIAN_POINT('',(24.647120721063,-44.7250230324,1.888354888001
    ));
#451 = CARTESIAN_POINT('',(24.717922346128,-44.71310394577,
    1.875260687362));
#452 = CARTESIAN_POINT('',(24.824635244478,-44.69176795142,
    1.857057799678));
#453 = CARTESIAN_POINT('',(24.860218185977,-44.68409885096,
    1.851240326646));
#454 = CARTESIAN_POINT('',(24.895892433166,-44.67584510876,
    1.845664554763));
#455 = CARTESIAN_POINT('',(24.931640865534,-44.66699891,1.840338282161)
  );
#456 = CARTESIAN_POINT('',(24.967444982519,-44.65755335394,
    1.835269255993));
#457 = CARTESIAN_POINT('',(25.003284892329,-44.647502654,1.830465087195)
  );
#458 = CARTESIAN_POINT('',(25.039139300759,-44.63684233784,
    1.825933165236));
#459 = CARTESIAN_POINT('',(25.097548869291,-44.61847373311,
    1.819003781081));
#460 = CARTESIAN_POINT('',(25.120109029894,-44.61113532178,
    1.816437646328));
#461 = CARTESIAN_POINT('',(25.142660297151,-44.60355344508,
    1.813983953982));
#462 = CARTESIAN_POINT('',(25.165196820974,-44.59572760064,
    1.811644414339));
#463 = CARTESIAN_POINT('',(25.187712585863,-44.58765755205,
    1.809420662616));
#464 = CARTESIAN_POINT('',(25.210201410896,-44.57934332891,
    1.807314258954));
#465 = CARTESIAN_POINT('',(25.232656949739,-44.57078522676,
    1.805326688417));
#466 = CARTESIAN_POINT('',(25.302040833414,-44.54354201954,
    1.799546713115));
#467 = CARTESIAN_POINT('',(25.348836225634,-44.52403128213,
    1.796161777865));
#468 = CARTESIAN_POINT('',(25.395396740718,-44.50345790877,
    1.793317589486));
#469 = CARTESIAN_POINT('',(25.441659964146,-44.48183326802,1.79102502499
    ));
#470 = CARTESIAN_POINT('',(25.487563392733,-44.45917416606,
    1.789292585405));
#471 = CARTESIAN_POINT('',(25.533044633898,-44.43550322941,
    1.788126177019));
#472 = CARTESIAN_POINT('',(25.578041604935,-44.4108492878,1.787528892617
    ));
#473 = CARTESIAN_POINT('',(25.684250694234,-44.34967839212,
    1.787461752281));
#474 = CARTESIAN_POINT('',(25.744964763444,-44.31227420203,
    1.788521441185));
#475 = CARTESIAN_POINT('',(25.804464672324,-44.27313235821,1.79068034837
    ));
#476 = CARTESIAN_POINT('',(25.862603436873,-44.23236287493,
    1.793927383255));
#477 = CARTESIAN_POINT('',(25.919255698702,-44.19008641084,
    1.798241261599));
#478 = CARTESIAN_POINT('',(25.974316067045,-44.14643207046,
    1.803591891338));
#479 = CARTESIAN_POINT('',(26.027697460782,-44.10153520581,
    1.809941758438));
#480 = CARTESIAN_POINT('',(26.104846995447,-44.03280111902,
    1.820857861385));
#481 = CARTESIAN_POINT('',(26.129939075212,-44.00979597799,
    1.824702083655));
#482 = CARTESIAN_POINT('',(26.154598163777,-43.98653565927,
    1.828774901602));
#483 = CARTESIAN_POINT('',(26.1788181436,-43.96303577721,1.833070989764)
  );
#484 = CARTESIAN_POINT('',(26.202594195525,-43.93931163509,
    1.837584829975));
#485 = CARTESIAN_POINT('',(26.225922688745,-43.91537816415,
    1.842310766171));
#486 = CARTESIAN_POINT('',(26.248801070757,-43.89124986258,
    1.847243059201));
#487 = CARTESIAN_POINT('',(26.314813524818,-43.81969648377,1.8623515847)
  );
#488 = CARTESIAN_POINT('',(26.356691990119,-43.77177039787,
    1.873084659425));
#489 = CARTESIAN_POINT('',(26.396853888923,-43.72326354362,
    1.884533003235));
#490 = CARTESIAN_POINT('',(26.435302738358,-43.67426984109,
    1.896654353604));
#491 = CARTESIAN_POINT('',(26.472052722551,-43.62487548807,
    1.909407142164));
#492 = CARTESIAN_POINT('',(26.50712657819,-43.57515838457,1.922751288813
    ));
#493 = CARTESIAN_POINT('',(26.540553480087,-43.52518755722,
    1.936648995833));
#494 = CARTESIAN_POINT('',(26.691591698632,-43.28702322674,
    2.005093307231));
#495 = CARTESIAN_POINT('',(26.787795392667,-43.09686915725,
    2.066243095257));
#496 = CARTESIAN_POINT('',(26.863545058063,-42.90685964528,
    2.132855405041));
#497 = CARTESIAN_POINT('',(26.920833662063,-42.7187522573,2.203656297979
    ));
#498 = CARTESIAN_POINT('',(26.961605434228,-42.53376420163,2.27761484395
    ));
#499 = CARTESIAN_POINT('',(26.987524457024,-42.35260010126,
    2.353994459763));
#500 = CARTESIAN_POINT('',(27.,-42.17549031766,2.432335461326));
#501 = CARTESIAN_POINT('',(27.,-42.00223208354,2.512494310424));
#502 = PCURVE('',#74,#503);
#503 = DEFINITIONAL_REPRESENTATION('',(#504),#703);
#504 = B_SPLINE_CURVE_WITH_KNOTS('',8,(#505,#506,#507,#508,#509,#510,
    #511,#512,#513,#514,#515,#516,#517,#518,#519,#520,#521,#522,#523,
    #524,#525,#526,#527,#528,#529,#530,#531,#532,#533,#534,#535,#536,
    #537,#538,#539,#540,#541,#542,#543,#544,#545,#546,#547,#548,#549,
    #550,#551,#552,#553,#554,#555,#556,#557,#558,#559,#560,#561,#562,
    #563,#564,#565,#566,#567,#568,#569,#570,#571,#572,#573,#574,#575,
    #576,#577,#578,#579,#580,#581,#582,#583,#584,#585,#586,#587,#588,
    #589,#590,#591,#592,#593,#594,#595,#596,#597,#598,#599,#600,#601,
    #602,#603,#604,#605,#606,#607,#608,#609,#610,#611,#612,#613,#614,
    #615,#616,#617,#618,#619,#620,#621,#622,#623,#624,#625,#626,#627,
    #628,#629,#630,#631,#632,#633,#634,#635,#636,#637,#638,#639,#640,
    #641,#642,#643,#644,#645,#646,#647,#648,#649,#650,#651,#652,#653,
    #654,#655,#656,#657,#658,#659,#660,#661,#662,#663,#664,#665,#666,
    #667,#668,#669,#670,#671,#672,#673,#674,#675,#676,#677,#678,#679,
    #680,#681,#682,#683,#684,#685,#686,#687,#688,#689,#690,#691,#692,
    #693,#694,#695,#696,#697,#698,#699,#700,#701,#702),.UNSPECIFIED.,.F.
  ,.F.,(9,7,7,7,7,7,7,7,7,7,7,7,7,7,7,7,7,7,7,7,7,7,7,7,7,7,7,7,9),(0.,
    0.109428460582,0.196072712996,0.224118230421,0.256540970109,
    0.291802801582,0.315806361319,0.327662783018,0.33497328532,
    0.350827488378,0.373982972267,0.385830015864,0.409808957179,
    0.445032834169,0.477426199927,0.505452349921,0.592688077303,
    0.679405502235,0.709247082365,0.744451288678,0.78410611787,
    0.811116306385,0.82456732381,0.833034058907,0.850774575477,
    0.875422277635,0.887603656906,0.911277897107,1.),.UNSPECIFIED.);
#505 = CARTESIAN_POINT('',(0.,18.512494310424));
#506 = CARTESIAN_POINT('',(7.771902777921E-02,18.611376401604));
#507 = CARTESIAN_POINT('',(0.153042554577,18.712688245481));
#508 = CARTESIAN_POINT('',(0.226604099614,18.815814891245));
#509 = CARTESIAN_POINT('',(0.29880905737,18.920257404112));
#510 = CARTESIAN_POINT('',(0.370013915169,19.025593250543));
#511 = CARTESIAN_POINT('',(0.440540687529,19.131477797976));
#512 = CARTESIAN_POINT('',(0.51072436811,19.237635825464));
#513 = CARTESIAN_POINT('',(0.636567926567,19.427974170144));
#514 = CARTESIAN_POINT('',(0.69216436694,19.512060503329));
#515 = CARTESIAN_POINT('',(0.747931323072,19.596004555919));
#516 = CARTESIAN_POINT('',(0.804038176011,19.679662186784));
#517 = CARTESIAN_POINT('',(0.860657142121,19.762861632599));
#518 = CARTESIAN_POINT('',(0.917972444245,19.845402776784));
#519 = CARTESIAN_POINT('',(0.976197987619,19.927053448734));
#520 = CARTESIAN_POINT('',(1.054854716224,20.03359058711));
#521 = CARTESIAN_POINT('',(1.074212595061,20.059518033281));
#522 = CARTESIAN_POINT('',(1.093703226126,20.085310841826));
#523 = CARTESIAN_POINT('',(1.113335905125,20.110957694456));
#524 = CARTESIAN_POINT('',(1.13312029622,20.136446059944));
#525 = CARTESIAN_POINT('',(1.153066601544,20.161762139689));
#526 = CARTESIAN_POINT('',(1.173185730726,20.186890813294));
#527 = CARTESIAN_POINT('',(1.216962129388,20.240630504708));
#528 = CARTESIAN_POINT('',(1.240680342669,20.269171509794));
#529 = CARTESIAN_POINT('',(1.264663215217,20.297413983314));
#530 = CARTESIAN_POINT('',(1.288929825816,20.325328991646));
#531 = CARTESIAN_POINT('',(1.313499810904,20.352883070143));
#532 = CARTESIAN_POINT('',(1.338393948394,20.38003800965));
#533 = CARTESIAN_POINT('',(1.363634741507,20.406750643019));
#534 = CARTESIAN_POINT('',(1.417101997043,20.461490744282));
#535 = CARTESIAN_POINT('',(1.445391593712,20.489423590601));
#536 = CARTESIAN_POINT('',(1.474150752267,20.516712246809));
#537 = CARTESIAN_POINT('',(1.503411450664,20.543283198758));
#538 = CARTESIAN_POINT('',(1.533203499916,20.569048670167));
#539 = CARTESIAN_POINT('',(1.563555358863,20.593906950852));
#540 = CARTESIAN_POINT('',(1.594494948938,20.617742724966));
#541 = CARTESIAN_POINT('',(1.647531055113,20.655869391632));
#542 = CARTESIAN_POINT('',(1.669294226803,20.670775831401));
#543 = CARTESIAN_POINT('',(1.691347355309,20.68510565652));
#544 = CARTESIAN_POINT('',(1.713695257248,20.698812800804));
#545 = CARTESIAN_POINT('',(1.736339830012,20.711847262813));
#546 = CARTESIAN_POINT('',(1.759279687226,20.724156174764));
#547 = CARTESIAN_POINT('',(1.782509794196,20.735684871456));
#548 = CARTESIAN_POINT('',(1.817634380706,20.751659748988));
#549 = CARTESIAN_POINT('',(1.829315967322,20.756737550865));
#550 = CARTESIAN_POINT('',(1.841064534807,20.761604647915));
#551 = CARTESIAN_POINT('',(1.852878446847,20.7662542938));
#552 = CARTESIAN_POINT('',(1.864755731591,20.770679786898));
#553 = CARTESIAN_POINT('',(1.876694054001,20.774874544447));
#554 = CARTESIAN_POINT('',(1.888690688217,20.778832176703));
#555 = CARTESIAN_POINT('',(1.90817346076,20.784836798093));
#556 = CARTESIAN_POINT('',(1.91562541255,20.787034569022));
#557 = CARTESIAN_POINT('',(1.923097607982,20.789138423938));
#558 = CARTESIAN_POINT('',(1.930589256428,20.791146972112));
#559 = CARTESIAN_POINT('',(1.938099513935,20.793058882028));
#560 = CARTESIAN_POINT('',(1.945627483223,20.794872881386));
#561 = CARTESIAN_POINT('',(1.953172213684,20.796587757099));
#562 = CARTESIAN_POINT('',(1.977129044935,20.801703916006));
#563 = CARTESIAN_POINT('',(1.993600140405,20.804734020714));
#564 = CARTESIAN_POINT('',(2.010134928017,20.807280841206));
#565 = CARTESIAN_POINT('',(2.026721946959,20.809334490203));
#566 = CARTESIAN_POINT('',(2.043349220366,20.810887227673));
#567 = CARTESIAN_POINT('',(2.060004140301,20.81193366715));
#568 = CARTESIAN_POINT('',(2.076673352738,20.812470982047));
#569 = CARTESIAN_POINT('',(2.117688582233,20.812540196471));
#570 = CARTESIAN_POINT('',(2.142038791369,20.811495078256));
#571 = CARTESIAN_POINT('',(2.166346734865,20.809363146061));
#572 = CARTESIAN_POINT('',(2.190571050006,20.806156764805));
#573 = CARTESIAN_POINT('',(2.2146747784,20.80189955439));
#574 = CARTESIAN_POINT('',(2.238624597941,20.79662466851));
#575 = CARTESIAN_POINT('',(2.262390054758,20.790373073451));
#576 = CARTESIAN_POINT('',(2.297993087188,20.779517684674));
#577 = CARTESIAN_POINT('',(2.309988714707,20.77559989725));
#578 = CARTESIAN_POINT('',(2.321926497236,20.771444540561));
#579 = CARTESIAN_POINT('',(2.333803673061,20.767057964819));
#580 = CARTESIAN_POINT('',(2.345617871564,20.762446720144));
#581 = CARTESIAN_POINT('',(2.357367085523,20.75761748218));
#582 = CARTESIAN_POINT('',(2.369049643413,20.752576977733));
#583 = CARTESIAN_POINT('',(2.404172522008,20.736715661622));
#584 = CARTESIAN_POINT('',(2.427400991237,20.725261830328));
#585 = CARTESIAN_POINT('',(2.450340253563,20.713025670109));
#586 = CARTESIAN_POINT('',(2.472985028484,20.700061781483));
#587 = CARTESIAN_POINT('',(2.495333720038,20.686423029513));
#588 = CARTESIAN_POINT('',(2.517388046001,20.672159461436));
#589 = CARTESIAN_POINT('',(2.539152667086,20.657317224282));
#590 = CARTESIAN_POINT('',(2.592191028983,20.619345403688));
#591 = CARTESIAN_POINT('',(2.623131623367,20.595598107025));
#592 = CARTESIAN_POINT('',(2.653484440557,20.570824468295));
#593 = CARTESIAN_POINT('',(2.683277138975,20.54514011864));
#594 = CARTESIAN_POINT('',(2.712537993644,20.518647094821));
#595 = CARTESIAN_POINT('',(2.741296695619,20.491433489468));
#596 = CARTESIAN_POINT('',(2.769585151425,20.46357310133));
#597 = CARTESIAN_POINT('',(2.823053198832,20.408963088028));
#598 = CARTESIAN_POINT('',(2.848295898647,20.382308285708));
#599 = CARTESIAN_POINT('',(2.873191181144,20.355209224352));
#600 = CARTESIAN_POINT('',(2.897761542803,20.327709256424));
#601 = CARTESIAN_POINT('',(2.922027761303,20.299846754362));
#602 = CARTESIAN_POINT('',(2.946009479424,20.271655323871));
#603 = CARTESIAN_POINT('',(2.969725788971,20.243164017231));
#604 = CARTESIAN_POINT('',(3.013501653399,20.189509320179));
#605 = CARTESIAN_POINT('',(3.03362225063,20.164416173401));
#606 = CARTESIAN_POINT('',(3.053569410623,20.139134678516));
#607 = CARTESIAN_POINT('',(3.073354058591,20.113680023157));
#608 = CARTESIAN_POINT('',(3.09298641078,20.088066065076));
#609 = CARTESIAN_POINT('',(3.112476144547,20.062305386901));
#610 = CARTESIAN_POINT('',(3.131832568433,20.036409350888));
#611 = CARTESIAN_POINT('',(3.210928064,19.929393151974));
#612 = CARTESIAN_POINT('',(3.2695706843,19.847208908781));
#613 = CARTESIAN_POINT('',(3.327286656391,19.764117332552));
#614 = CARTESIAN_POINT('',(3.384294485133,19.68035602597));
#615 = CARTESIAN_POINT('',(3.44078213653,19.596129546252));
#616 = CARTESIAN_POINT('',(3.496925303922,19.511613241082));
#617 = CARTESIAN_POINT('',(3.55289679167,19.426953977555));
#618 = CARTESIAN_POINT('',(3.664540215329,19.25809331451));
#619 = CARTESIAN_POINT('',(3.720183884727,19.173934498762));
#620 = CARTESIAN_POINT('',(3.775997803648,19.089917983309));
#621 = CARTESIAN_POINT('',(3.832145954703,19.006185660351));
#622 = CARTESIAN_POINT('',(3.888790804753,18.922899977304));
#623 = CARTESIAN_POINT('',(3.946102375422,18.840244261138));
#624 = CARTESIAN_POINT('',(4.004272578766,18.758424531219));
#625 = CARTESIAN_POINT('',(4.083945422136,18.649887086547));
#626 = CARTESIAN_POINT('',(4.104472414188,18.622228329558));
#627 = CARTESIAN_POINT('',(4.125137831718,18.594709112226));
#628 = CARTESIAN_POINT('',(4.145951191811,18.567340951386));
#629 = CARTESIAN_POINT('',(4.166922319154,18.540136507319));
#630 = CARTESIAN_POINT('',(4.188061509518,18.513109616656));
#631 = CARTESIAN_POINT('',(4.20937969326,18.486275325281));
#632 = CARTESIAN_POINT('',(4.256262722596,18.428239848005));
#633 = CARTESIAN_POINT('',(4.281901054658,18.397121941065));
#634 = CARTESIAN_POINT('',(4.307823762096,18.366322021903));
#635 = CARTESIAN_POINT('',(4.33405087451,18.335870307191));
#636 = CARTESIAN_POINT('',(4.360602888914,18.305801546073));
#637 = CARTESIAN_POINT('',(4.387501374655,18.276155157451));
#638 = CARTESIAN_POINT('',(4.414769578338,18.246975367268));
#639 = CARTESIAN_POINT('',(4.473593776723,18.186023531504));
#640 = CARTESIAN_POINT('',(4.505250529505,18.154395855338));
#641 = CARTESIAN_POINT('',(4.537443401448,18.123494715509));
#642 = CARTESIAN_POINT('',(4.570208775701,18.093403175472));
#643 = CARTESIAN_POINT('',(4.603580385359,18.064220420326));
#644 = CARTESIAN_POINT('',(4.637590394611,18.036061213221));
#645 = CARTESIAN_POINT('',(4.672270479897,18.009055351761));
#646 = CARTESIAN_POINT('',(4.731753030898,17.965836418113));
#647 = CARTESIAN_POINT('',(4.756175684074,17.948930290109));
#648 = CARTESIAN_POINT('',(4.780929185972,17.932675056628));
#649 = CARTESIAN_POINT('',(4.806018951902,17.917122646101));
#650 = CARTESIAN_POINT('',(4.831447099648,17.902329402385));
#651 = CARTESIAN_POINT('',(4.85721205202,17.888354888001));
#652 = CARTESIAN_POINT('',(4.88330813941,17.875260687362));
#653 = CARTESIAN_POINT('',(4.922880844469,17.857057799678));
#654 = CARTESIAN_POINT('',(4.936115736039,17.851240326646));
#655 = CARTESIAN_POINT('',(4.949428332324,17.845664554763));
#656 = CARTESIAN_POINT('',(4.962816734796,17.840338282161));
#657 = CARTESIAN_POINT('',(4.976278656379,17.835269255993));
#658 = CARTESIAN_POINT('',(4.989811386699,17.830465087195));
#659 = CARTESIAN_POINT('',(5.003411757339,17.825933165236));
#660 = CARTESIAN_POINT('',(5.025677124095,17.819003781081));
#661 = CARTESIAN_POINT('',(5.034303500884,17.816437646328));
#662 = CARTESIAN_POINT('',(5.042954324242,17.813983953982));
#663 = CARTESIAN_POINT('',(5.051628613526,17.811644414339));
#664 = CARTESIAN_POINT('',(5.060325320672,17.809420662616));
#665 = CARTESIAN_POINT('',(5.069043330186,17.807314258954));
#666 = CARTESIAN_POINT('',(5.07778145915,17.805326688417));
#667 = CARTESIAN_POINT('',(5.104887167503,17.799546713115));
#668 = CARTESIAN_POINT('',(5.12331947689,17.796161777865));
#669 = CARTESIAN_POINT('',(5.141822912499,17.793317589486));
#670 = CARTESIAN_POINT('',(5.160384624773,17.79102502499));
#671 = CARTESIAN_POINT('',(5.17899123088,17.789292585405));
#672 = CARTESIAN_POINT('',(5.197628658112,17.788126177019));
#673 = CARTESIAN_POINT('',(5.216281987285,17.787528892617));
#674 = CARTESIAN_POINT('',(5.260851181892,17.787461752281));
#675 = CARTESIAN_POINT('',(5.286771076023,17.788521441185));
#676 = CARTESIAN_POINT('',(5.312650367886,17.79068034837));
#677 = CARTESIAN_POINT('',(5.338449206033,17.793927383255));
#678 = CARTESIAN_POINT('',(5.364131701834,17.798241261599));
#679 = CARTESIAN_POINT('',(5.389665133084,17.803591891338));
#680 = CARTESIAN_POINT('',(5.415019147627,17.809941758438));
#681 = CARTESIAN_POINT('',(5.452592525554,17.820857861385));
#682 = CARTESIAN_POINT('',(5.464970128288,17.824702083655));
#683 = CARTESIAN_POINT('',(5.477294822163,17.828774901602));
#684 = CARTESIAN_POINT('',(5.489563992589,17.833070989764));
#685 = CARTESIAN_POINT('',(5.501775340904,17.837584829975));
#686 = CARTESIAN_POINT('',(5.513926861877,17.842310766171));
#687 = CARTESIAN_POINT('',(5.526016821214,17.847243059201));
#688 = CARTESIAN_POINT('',(5.561417769253,17.8623515847));
#689 = CARTESIAN_POINT('',(5.584553038471,17.873084659425));
#690 = CARTESIAN_POINT('',(5.607439790372,17.884533003235));
#691 = CARTESIAN_POINT('',(5.630071504797,17.896654353604));
#692 = CARTESIAN_POINT('',(5.652444601174,17.909407142164));
#693 = CARTESIAN_POINT('',(5.674558147914,17.922751288813));
#694 = CARTESIAN_POINT('',(5.696413571821,17.936648995833));
#695 = CARTESIAN_POINT('',(5.798965984076,18.005093307231));
#696 = CARTESIAN_POINT('',(5.876096049904,18.066243095257));
#697 = CARTESIAN_POINT('',(5.950005966833,18.132855405041));
#698 = CARTESIAN_POINT('',(6.021035533489,18.203656297979));
#699 = CARTESIAN_POINT('',(6.089520455744,18.27761484395));
#700 = CARTESIAN_POINT('',(6.155778617916,18.353994459763));
#701 = CARTESIAN_POINT('',(6.220182312953,18.432335461326));
#702 = CARTESIAN_POINT('',(6.28318530718,18.512494310424));
#703 = ( GEOMETRIC_REPRESENTATION_CONTEXT(2) 
PARAMETRIC_REPRESENTATION_CONTEXT() REPRESENTATION_CONTEXT('2D SPACE',''
  ) );
#704 = PCURVE('',#283,#705);
#705 = DEFINITIONAL_REPRESENTATION('',(#706),#905);
#706 = B_SPLINE_CURVE_WITH_KNOTS('',8,(#707,#708,#709,#710,#711,#712,
    #713,#714,#715,#716,#717,#718,#719,#720,#721,#722,#723,#724,#725,
    #726,#727,#728,#729,#730,#731,#732,#733,#734,#735,#736,#737,#738,
    #739,#740,#741,#742,#743,#744,#745,#746,#747,#748,#749,#750,#751,
    #752,#753,#754,#755,#756,#757,#758,#759,#760,#761,#762,#763,#764,
    #765,#766,#767,#768,#769,#770,#771,#772,#773,#774,#775,#776,#777,
    #778,#779,#780,#781,#782,#783,#784,#785,#786,#787,#788,#789,#790,
    #791,#792,#793,#794,#795,#796,#797,#798,#799,#800,#801,#802,#803,
    #804,#805,#806,#807,#808,#809,#810,#811,#812,#813,#814,#815,#816,
    #817,#818,#819,#820,#821,#822,#823,#824,#825,#826,#827,#828,#829,
    #830,#831,#832,#833,#834,#835,#836,#837,#838,#839,#840,#841,#842,
    #843,#844,#845,#846,#847,#848,#849,#850,#851,#852,#853,#854,#855,
    #856,#857,#858,#859,#860,#861,#862,#863,#864,#865,#866,#867,#868,
    #869,#870,#871,#872,#873,#874,#875,#876,#877,#878,#879,#880,#881,
    #882,#883,#884,#885,#886,#887,#888,#889,#890,#891,#892,#893,#894,
    #895,#896,#897,#898,#899,#900,#901,#902,#903,#904),.UNSPECIFIED.,.T.
  ,.F.,(9,7,7,7,7,7,7,7,7,7,7,7,7,7,7,7,7,7,7,7,7,7,7,7,7,7,7,7,9),(0.,
    0.109428460582,0.196072712996,0.224118230421,0.256540970109,
    0.291802801582,0.315806361319,0.327662783018,0.33497328532,
    0.350827488378,0.373982972267,0.385830015864,0.409808957179,
    0.445032834169,0.477426199927,0.505452349921,0.592688077303,
    0.679405502235,0.709247082365,0.744451288678,0.78410611787,
    0.811116306385,0.82456732381,0.833034058907,0.850774575477,
    0.875422277635,0.887603656906,0.911277897107,1.),.UNSPECIFIED.);
#707 = CARTESIAN_POINT('',(-5.283702286937,-2.512494310424));
#708 = CARTESIAN_POINT('',(-5.286016849245,-2.611376401604));
#709 = CARTESIAN_POINT('',(-5.28795930769,-2.712688245482));
#710 = CARTESIAN_POINT('',(-5.289557192934,-2.815814891245));
#711 = CARTESIAN_POINT('',(-5.290824758886,-2.920257404112));
#712 = CARTESIAN_POINT('',(-5.291772029523,-3.025593250543));
#713 = CARTESIAN_POINT('',(-5.292404007925,-3.131477797976));
#714 = CARTESIAN_POINT('',(-5.29272170561,-3.237635825464));
#715 = CARTESIAN_POINT('',(-5.292717219908,-3.427974170144));
#716 = CARTESIAN_POINT('',(-5.292514501315,-3.512060503329));
#717 = CARTESIAN_POINT('',(-5.292108661119,-3.596004555919));
#718 = CARTESIAN_POINT('',(-5.291494962004,-3.679662186784));
#719 = CARTESIAN_POINT('',(-5.290666461666,-3.762861632599));
#720 = CARTESIAN_POINT('',(-5.289614139347,-3.845402776784));
#721 = CARTESIAN_POINT('',(-5.288326213381,-3.927053448734));
#722 = CARTESIAN_POINT('',(-5.286287271202,-4.03359058711));
#723 = CARTESIAN_POINT('',(-5.285762279224,-4.059518033281));
#724 = CARTESIAN_POINT('',(-5.285210336664,-4.085310841826));
#725 = CARTESIAN_POINT('',(-5.284630860571,-4.110957694456));
#726 = CARTESIAN_POINT('',(-5.284023228164,-4.136446059944));
#727 = CARTESIAN_POINT('',(-5.283386771206,-4.161762139689));
#728 = CARTESIAN_POINT('',(-5.282720770392,-4.186890813294));
#729 = CARTESIAN_POINT('',(-5.281219450349,-4.240630504708));
#730 = CARTESIAN_POINT('',(-5.280373969218,-4.269171509794));
#731 = CARTESIAN_POINT('',(-5.279486777327,-4.297413983314));
#732 = CARTESIAN_POINT('',(-5.278556595379,-4.325328991646));
#733 = CARTESIAN_POINT('',(-5.277582081254,-4.352883070143));
#734 = CARTESIAN_POINT('',(-5.276561817483,-4.38003800965));
#735 = CARTESIAN_POINT('',(-5.27549429872,-4.406750643019));
#736 = CARTESIAN_POINT('',(-5.27316378413,-4.461490744282));
#737 = CARTESIAN_POINT('',(-5.271892063618,-4.489423590601));
#738 = CARTESIAN_POINT('',(-5.270560579833,-4.516712246809));
#739 = CARTESIAN_POINT('',(-5.269167256224,-4.543283198758));
#740 = CARTESIAN_POINT('',(-5.267710172349,-4.569048670167));
#741 = CARTESIAN_POINT('',(-5.26618761869,-4.593906950852));
#742 = CARTESIAN_POINT('',(-5.264598151461,-4.617742724966));
#743 = CARTESIAN_POINT('',(-5.261812345364,-4.655869391632));
#744 = CARTESIAN_POINT('',(-5.260652665431,-4.670775831401));
#745 = CARTESIAN_POINT('',(-5.259461339638,-4.68510565652));
#746 = CARTESIAN_POINT('',(-5.258238315444,-4.698812800804));
#747 = CARTESIAN_POINT('',(-5.25698380504,-4.711847262813));
#748 = CARTESIAN_POINT('',(-5.25569833462,-4.724156174764));
#749 = CARTESIAN_POINT('',(-5.254382793667,-4.735684871456));
#750 = CARTESIAN_POINT('',(-5.252374470235,-4.751659748988));
#751 = CARTESIAN_POINT('',(-5.251703454161,-4.756737550865));
#752 = CARTESIAN_POINT('',(-5.251025606219,-4.761604647915));
#753 = CARTESIAN_POINT('',(-5.25034112532,-4.7662542938));
#754 = CARTESIAN_POINT('',(-5.249650240985,-4.770679786898));
#755 = CARTESIAN_POINT('',(-5.248953215261,-4.774874544447));
#756 = CARTESIAN_POINT('',(-5.248250344628,-4.778832176703));
#757 = CARTESIAN_POINT('',(-5.247105183129,-4.784836798093));
#758 = CARTESIAN_POINT('',(-5.24666630826,-4.787034569022));
#759 = CARTESIAN_POINT('',(-5.246225415384,-4.789138423938));
#760 = CARTESIAN_POINT('',(-5.245782587279,-4.791146972112));
#761 = CARTESIAN_POINT('',(-5.245337911423,-4.793058882028));
#762 = CARTESIAN_POINT('',(-5.244891479996,-4.794872881386));
#763 = CARTESIAN_POINT('',(-5.244443389879,-4.796587757099));
#764 = CARTESIAN_POINT('',(-5.243018597836,-4.801703916006));
#765 = CARTESIAN_POINT('',(-5.242036091413,-4.804734020714));
#766 = CARTESIAN_POINT('',(-5.241047305666,-4.807280841206));
#767 = CARTESIAN_POINT('',(-5.240053380036,-4.809334490203));
#768 = CARTESIAN_POINT('',(-5.239055510241,-4.810887227673));
#769 = CARTESIAN_POINT('',(-5.238054947389,-4.81193366715));
#770 = CARTESIAN_POINT('',(-5.237052997093,-4.812470982047));
#771 = CARTESIAN_POINT('',(-5.234587602406,-4.812540196471));
#772 = CARTESIAN_POINT('',(-5.23312387514,-4.811495078256));
#773 = CARTESIAN_POINT('',(-5.23166421514,-4.809363146061));
#774 = CARTESIAN_POINT('',(-5.230212671983,-4.806156764805));
#775 = CARTESIAN_POINT('',(-5.228772969173,-4.80189955439));
#776 = CARTESIAN_POINT('',(-5.227348506844,-4.79662466851));
#777 = CARTESIAN_POINT('',(-5.225942364465,-4.790373073451));
#778 = CARTESIAN_POINT('',(-5.223848664614,-4.779517684674));
#779 = CARTESIAN_POINT('',(-5.223145485073,-4.77559989725));
#780 = CARTESIAN_POINT('',(-5.222448100746,-4.771444540561));
#781 = CARTESIAN_POINT('',(-5.221756811148,-4.767057964819));
#782 = CARTESIAN_POINT('',(-5.221071881373,-4.762446720144));
#783 = CARTESIAN_POINT('',(-5.220393543991,-4.75761748218));
#784 = CARTESIAN_POINT('',(-5.219722000942,-4.752576977733));
#785 = CARTESIAN_POINT('',(-5.217712295133,-4.736715661622));
#786 = CARTESIAN_POINT('',(-5.21639577762,-4.725261830328));
#787 = CARTESIAN_POINT('',(-5.215109199096,-4.713025670109));
#788 = CARTESIAN_POINT('',(-5.213853470317,-4.700061781483));
#789 = CARTESIAN_POINT('',(-5.212629136071,-4.686423029513));
#790 = CARTESIAN_POINT('',(-5.21143642467,-4.672159461436));
#791 = CARTESIAN_POINT('',(-5.210275297435,-4.657317224282));
#792 = CARTESIAN_POINT('',(-5.207485879041,-4.619345403688));
#793 = CARTESIAN_POINT('',(-5.205894182387,-4.595598107025));
#794 = CARTESIAN_POINT('',(-5.204369318067,-4.570824468295));
#795 = CARTESIAN_POINT('',(-5.202909866887,-4.54514011864));
#796 = CARTESIAN_POINT('',(-5.201514136765,-4.518647094821));
#797 = CARTESIAN_POINT('',(-5.200180218884,-4.491433489468));
#798 = CARTESIAN_POINT('',(-5.198906043845,-4.46357310133));
#799 = CARTESIAN_POINT('',(-5.196570595515,-4.408963088028));
#800 = CARTESIAN_POINT('',(-5.195500617567,-4.382308285708));
#801 = CARTESIAN_POINT('',(-5.194477900481,-4.355209224352));
#802 = CARTESIAN_POINT('',(-5.19350094007,-4.327709256424));
#803 = CARTESIAN_POINT('',(-5.192568319071,-4.299846754362));
#804 = CARTESIAN_POINT('',(-5.191678694755,-4.271655323871));
#805 = CARTESIAN_POINT('',(-5.190830786544,-4.243164017231));
#806 = CARTESIAN_POINT('',(-5.189324796023,-4.189509320179));
#807 = CARTESIAN_POINT('',(-5.188656564269,-4.164416173401));
#808 = CARTESIAN_POINT('',(-5.188017890808,-4.139134678516));
#809 = CARTESIAN_POINT('',(-5.187408054767,-4.113680023157));
#810 = CARTESIAN_POINT('',(-5.186826386323,-4.088066065076));
#811 = CARTESIAN_POINT('',(-5.186272261078,-4.062305386901));
#812 = CARTESIAN_POINT('',(-5.185745094427,-4.036409350888));
#813 = CARTESIAN_POINT('',(-5.183685647644,-3.929393151974));
#814 = CARTESIAN_POINT('',(-5.182383269141,-3.847208908781));
#815 = CARTESIAN_POINT('',(-5.181319928924,-3.764117332552));
#816 = CARTESIAN_POINT('',(-5.18048357011,-3.68035602597));
#817 = CARTESIAN_POINT('',(-5.179864971305,-3.596129546252));
#818 = CARTESIAN_POINT('',(-5.179457040498,-3.511613241082));
#819 = CARTESIAN_POINT('',(-5.179254952911,-3.426953977555));
#820 = CARTESIAN_POINT('',(-5.179257646608,-3.25809331451));
#821 = CARTESIAN_POINT('',(-5.179460018464,-3.173934498762));
#822 = CARTESIAN_POINT('',(-5.179860744104,-3.089917983309));
#823 = CARTESIAN_POINT('',(-5.180459494282,-3.006185660351));
#824 = CARTESIAN_POINT('',(-5.181257851765,-2.922899977304));
#825 = CARTESIAN_POINT('',(-5.182259113449,-2.840244261138));
#826 = CARTESIAN_POINT('',(-5.183468713086,-2.758424531219));
#827 = CARTESIAN_POINT('',(-5.185386692622,-2.649887086547));
#828 = CARTESIAN_POINT('',(-5.185903430768,-2.622228329558));
#829 = CARTESIAN_POINT('',(-5.186446209384,-2.594709112226));
#830 = CARTESIAN_POINT('',(-5.187015404125,-2.567340951386));
#831 = CARTESIAN_POINT('',(-5.187611425019,-2.540136507319));
#832 = CARTESIAN_POINT('',(-5.188234720986,-2.513109616656));
#833 = CARTESIAN_POINT('',(-5.188885784354,-2.486275325281));
#834 = CARTESIAN_POINT('',(-5.190366611534,-2.428239848005));
#835 = CARTESIAN_POINT('',(-5.191207424128,-2.397121941065));
#836 = CARTESIAN_POINT('',(-5.192088509483,-2.366322021903));
#837 = CARTESIAN_POINT('',(-5.193010825792,-2.335870307191));
#838 = CARTESIAN_POINT('',(-5.193975386269,-2.305801546073));
#839 = CARTESIAN_POINT('',(-5.194983272295,-2.276155157451));
#840 = CARTESIAN_POINT('',(-5.196035646571,-2.246975367268));
#841 = CARTESIAN_POINT('',(-5.198370713581,-2.186023531504));
#842 = CARTESIAN_POINT('',(-5.19966548544,-2.154395855338));
#843 = CARTESIAN_POINT('',(-5.201020008968,-2.123494715509));
#844 = CARTESIAN_POINT('',(-5.202436093155,-2.093403175472));
#845 = CARTESIAN_POINT('',(-5.203915393191,-2.064220420326));
#846 = CARTESIAN_POINT('',(-5.205459374813,-2.036061213221));
#847 = CARTESIAN_POINT('',(-5.207069278647,-2.009055351761));
#848 = CARTESIAN_POINT('',(-5.209888211369,-1.965836418113));
#849 = CARTESIAN_POINT('',(-5.211061219634,-1.948930290109));
#850 = CARTESIAN_POINT('',(-5.212265325196,-1.932675056628));
#851 = CARTESIAN_POINT('',(-5.213500536356,-1.917122646101));
#852 = CARTESIAN_POINT('',(-5.214766608847,-1.902329402385));
#853 = CARTESIAN_POINT('',(-5.216063000805,-1.888354888001));
#854 = CARTESIAN_POINT('',(-5.217388827743,-1.875260687362));
#855 = CARTESIAN_POINT('',(-5.2194171016,-1.857057799678));
#856 = CARTESIAN_POINT('',(-5.220098352209,-1.851240326646));
#857 = CARTESIAN_POINT('',(-5.220786397643,-1.845664554763));
#858 = CARTESIAN_POINT('',(-5.221481038189,-1.840338282161));
#859 = CARTESIAN_POINT('',(-5.222182044046,-1.835269255993));
#860 = CARTESIAN_POINT('',(-5.222889153223,-1.830465087195));
#861 = CARTESIAN_POINT('',(-5.223602069461,-1.825933165236));
#862 = CARTESIAN_POINT('',(-5.224772650726,-1.819003781081));
#863 = CARTESIAN_POINT('',(-5.225227010965,-1.816437646328));
#864 = CARTESIAN_POINT('',(-5.225683457843,-1.813983953982));
#865 = CARTESIAN_POINT('',(-5.226141903295,-1.811644414339));
#866 = CARTESIAN_POINT('',(-5.226602254197,-1.809420662616));
#867 = CARTESIAN_POINT('',(-5.227064412369,-1.807314258954));
#868 = CARTESIAN_POINT('',(-5.227528274573,-1.805326688417));
#869 = CARTESIAN_POINT('',(-5.228969015688,-1.799546713115));
#870 = CARTESIAN_POINT('',(-5.229951344999,-1.796161777865));
#871 = CARTESIAN_POINT('',(-5.230939674827,-1.793317589486));
#872 = CARTESIAN_POINT('',(-5.231932911726,-1.79102502499));
#873 = CARTESIAN_POINT('',(-5.232929912555,-1.789292585405));
#874 = CARTESIAN_POINT('',(-5.233929482609,-1.788126177019));
#875 = CARTESIAN_POINT('',(-5.234930373749,-1.787528892617));
#876 = CARTESIAN_POINT('',(-5.23732189039,-1.787461752281));
#877 = CARTESIAN_POINT('',(-5.238712751993,-1.788521441185));
#878 = CARTESIAN_POINT('',(-5.240100264639,-1.79068034837));
#879 = CARTESIAN_POINT('',(-5.241481091319,-1.793927383255));
#880 = CARTESIAN_POINT('',(-5.242852147417,-1.798241261599));
#881 = CARTESIAN_POINT('',(-5.244210587397,-1.803591891338));
#882 = CARTESIAN_POINT('',(-5.245553791493,-1.809941758438));
#883 = CARTESIAN_POINT('',(-5.247534470676,-1.820857861385));
#884 = CARTESIAN_POINT('',(-5.248185326389,-1.824702083655));
#885 = CARTESIAN_POINT('',(-5.248831655203,-1.828774901602));
#886 = CARTESIAN_POINT('',(-5.2494732175,-1.833070989764));
#887 = CARTESIAN_POINT('',(-5.250109797131,-1.837584829975));
#888 = CARTESIAN_POINT('',(-5.250741200159,-1.842310766171));
#889 = CARTESIAN_POINT('',(-5.251367253606,-1.847243059201));
#890 = CARTESIAN_POINT('',(-5.253193830497,-1.8623515847));
#891 = CARTESIAN_POINT('',(-5.254379039942,-1.873084659425));
#892 = CARTESIAN_POINT('',(-5.255542365137,-1.884533003235));
#893 = CARTESIAN_POINT('',(-5.256683003283,-1.896654353604));
#894 = CARTESIAN_POINT('',(-5.257800388716,-1.909407142164));
#895 = CARTESIAN_POINT('',(-5.258894165444,-1.922751288813));
#896 = CARTESIAN_POINT('',(-5.259964159689,-1.936648995833));
#897 = CARTESIAN_POINT('',(-5.264931087325,-2.005093307231));
#898 = CARTESIAN_POINT('',(-5.268505646456,-2.066243095257));
#899 = CARTESIAN_POINT('',(-5.271754889582,-2.132855405041));
#900 = CARTESIAN_POINT('',(-5.274693335447,-2.203656297979));
#901 = CARTESIAN_POINT('',(-5.27733907102,-2.27761484395));
#902 = CARTESIAN_POINT('',(-5.279710317792,-2.353994459763));
#903 = CARTESIAN_POINT('',(-5.281825985086,-2.432335461326));
#904 = CARTESIAN_POINT('',(-5.283702286937,-2.512494310424));
#905 = ( GEOMETRIC_REPRESENTATION_CONTEXT(2) 
PARAMETRIC_REPRESENTATION_CONTEXT() REPRESENTATION_CONTEXT('2D SPACE',''
  ) );
#906 = ORIENTED_EDGE('',*,*,#907,.F.);
#907 = EDGE_CURVE('',#58,#300,#908,.T.);
#908 = SEAM_CURVE('',#909,(#913,#920),.PCURVE_S1.);
#909 = LINE('',#910,#911);
#910 = CARTESIAN_POINT('',(27.,-42.00223208354,-16.));
#911 = VECTOR('',#912,1.);
#912 = DIRECTION('',(0.,0.,1.));
#913 = PCURVE('',#74,#914);
#914 = DEFINITIONAL_REPRESENTATION('',(#915),#919);
#915 = LINE('',#916,#917);
#916 = CARTESIAN_POINT('',(6.28318530718,-0.));
#917 = VECTOR('',#918,1.);
#918 = DIRECTION('',(0.,1.));
#919 = ( GEOMETRIC_REPRESENTATION_CONTEXT(2) 
PARAMETRIC_REPRESENTATION_CONTEXT() REPRESENTATION_CONTEXT('2D SPACE',''
  ) );
#920 = PCURVE('',#74,#921);
#921 = DEFINITIONAL_REPRESENTATION('',(#922),#926);
#922 = LINE('',#923,#924);
#923 = CARTESIAN_POINT('',(0.,-0.));
#924 = VECTOR('',#925,1.);
#925 = DIRECTION('',(0.,1.));
#926 = ( GEOMETRIC_REPRESENTATION_CONTEXT(2) 
PARAMETRIC_REPRESENTATION_CONTEXT() REPRESENTATION_CONTEXT('2D SPACE',''
  ) );
#927 = ORIENTED_EDGE('',*,*,#57,.T.);
#928 = ORIENTED_EDGE('',*,*,#907,.T.);
#929 = ADVANCED_FACE('',(#930),#105,.F.);
#930 = FACE_BOUND('',#931,.F.);
#931 = EDGE_LOOP('',(#932,#1170,#1191,#1192,#1193));
#932 = ORIENTED_EDGE('',*,*,#933,.F.);
#933 = EDGE_CURVE('',#934,#936,#938,.T.);
#934 = VERTEX_POINT('',#935);
#935 = CARTESIAN_POINT('',(51.25,-3.367778697655E-16,1.7875));
#936 = VERTEX_POINT('',#937);
#937 = CARTESIAN_POINT('',(45.75,0.,4.8125));
#938 = SURFACE_CURVE('',#939,(#1014,#1092),.PCURVE_S1.);
#939 = B_SPLINE_CURVE_WITH_KNOTS('',7,(#940,#941,#942,#943,#944,#945,
    #946,#947,#948,#949,#950,#951,#952,#953,#954,#955,#956,#957,#958,
    #959,#960,#961,#962,#963,#964,#965,#966,#967,#968,#969,#970,#971,
    #972,#973,#974,#975,#976,#977,#978,#979,#980,#981,#982,#983,#984,
    #985,#986,#987,#988,#989,#990,#991,#992,#993,#994,#995,#996,#997,
    #998,#999,#1000,#1001,#1002,#1003,#1004,#1005,#1006,#1007,#1008,
    #1009,#1010,#1011,#1012,#1013),.UNSPECIFIED.,.F.,.F.,(8,6,6,6,6,6,6,
    6,6,6,6,6,8),(0.,7.927817935E-02,0.133281314711,0.21256367474,
    0.28295309781,0.34262588135,0.516063319953,0.690589033848,
    0.74667052092,0.811497971055,0.881996000312,0.929986870588,1.),
  .UNSPECIFIED.);
#940 = CARTESIAN_POINT('',(51.25,-6.73555739531E-16,1.7875));
#941 = CARTESIAN_POINT('',(51.25,0.131024941358,1.7875));
#942 = CARTESIAN_POINT('',(51.242716513021,0.262100336313,1.791290980274
    ));
#943 = CARTESIAN_POINT('',(51.228141038605,0.391849290257,1.798877285886
    ));
#944 = CARTESIAN_POINT('',(51.206597425618,0.519163428888,1.810093765127
    ));
#945 = CARTESIAN_POINT('',(51.178606329512,0.643161521726,1.824675584127
    ));
#946 = CARTESIAN_POINT('',(51.144795365404,0.763158755076,1.842303679704
    ));
#947 = CARTESIAN_POINT('',(51.079329320687,0.957315321056,1.876469015703
    ));
#948 = CARTESIAN_POINT('',(51.050407878894,1.033936938629,1.89157044699)
  );
#949 = CARTESIAN_POINT('',(51.019286791041,1.108398702138,1.907830400777
    ));
#950 = CARTESIAN_POINT('',(50.986159109369,1.18063114741,1.925150710121)
  );
#951 = CARTESIAN_POINT('',(50.951208509159,1.250601264449,1.943437993022
    ));
#952 = CARTESIAN_POINT('',(50.91460301901,1.318305610783,1.962606860775)
  );
#953 = CARTESIAN_POINT('',(50.82053294245,1.4798624743,2.01191041384));
#954 = CARTESIAN_POINT('',(50.761339159211,1.571096795356,2.042970598166
    ));
#955 = CARTESIAN_POINT('',(50.699363008328,1.657551654915,2.075532598612
    ));
#956 = CARTESIAN_POINT('',(50.635002546305,1.73934616822,2.109394284267)
  );
#957 = CARTESIAN_POINT('',(50.568595796046,1.816625784344,2.144383950915
    ));
#958 = CARTESIAN_POINT('',(50.500418263697,1.889554771718,2.180361797944
    ));
#959 = CARTESIAN_POINT('',(50.368764991743,2.01935065047,2.249946547299)
  );
#960 = CARTESIAN_POINT('',(50.305631042359,2.077090472776,2.283360724501
    ));
#961 = CARTESIAN_POINT('',(50.241434198145,2.131644269383,2.317385118475
    ));
#962 = CARTESIAN_POINT('',(50.17631024929,2.183119240922,2.351950818118)
  );
#963 = CARTESIAN_POINT('',(50.11037605645,2.231615081071,2.386998453958)
  );
#964 = CARTESIAN_POINT('',(50.043730421841,2.277225367768,2.422477832493
    ));
#965 = CARTESIAN_POINT('',(49.919422044366,2.356334263842,2.488756217471
    ));
#966 = CARTESIAN_POINT('',(49.861939108852,2.390617863844,2.519444009772
    ));
#967 = CARTESIAN_POINT('',(49.804057559048,2.422942574037,2.550384835431
    ));
#968 = CARTESIAN_POINT('',(49.745823780263,2.453356353352,2.581555073701
    ));
#969 = CARTESIAN_POINT('',(49.687279349426,2.481902868077,2.612933507102
    ));
#970 = CARTESIAN_POINT('',(49.628461246656,2.508622059878,2.64450123343)
  );
#971 = CARTESIAN_POINT('',(49.39774805187,2.606005217041,2.768494087122)
  );
#972 = CARTESIAN_POINT('',(49.224107911029,2.663312594706,2.862177720567
    ));
#973 = CARTESIAN_POINT('',(49.049218114192,2.706414431792,2.956916983352
    ));
#974 = CARTESIAN_POINT('',(48.87369412256,2.73589230254,3.052393023759)
  );
#975 = CARTESIAN_POINT('',(48.69806045926,2.752162045348,3.148328945057)
  );
#976 = CARTESIAN_POINT('',(48.522753278453,2.755461743443,3.24448986813)
  );
#977 = CARTESIAN_POINT('',(48.172407824392,2.736083981676,3.437474175166
    ));
#978 = CARTESIAN_POINT('',(47.997481774091,2.713249204547,3.534240845034
    ));
#979 = CARTESIAN_POINT('',(47.823699298964,2.677334848527,3.63078755785)
  );
#980 = CARTESIAN_POINT('',(47.651496493676,2.628151212812,3.72686881274)
  );
#981 = CARTESIAN_POINT('',(47.481401491958,2.565311271172,3.8221811458)
  );
#982 = CARTESIAN_POINT('',(47.314031431599,2.48824530512,3.916362785479)
  );
#983 = CARTESIAN_POINT('',(47.097476694677,2.366237995403,4.038719877589
    ));
#984 = CARTESIAN_POINT('',(47.045177593323,2.334993416009,4.068309537708
    ));
#985 = CARTESIAN_POINT('',(46.99327085614,2.302142397741,4.097716486971)
  );
#986 = CARTESIAN_POINT('',(46.941787781936,2.267649120993,4.126922116168
    ));
#987 = CARTESIAN_POINT('',(46.890763772211,2.231474090677,4.155905346384
    ));
#988 = CARTESIAN_POINT('',(46.840238539642,2.193573398739,4.184642483434
    ));
#989 = CARTESIAN_POINT('',(46.73247931668,2.108035155085,4.24601074175)
  );
#990 = CARTESIAN_POINT('',(46.675431175555,2.059803639929,4.278548358818
    ));
#991 = CARTESIAN_POINT('',(46.619177745798,2.009125221896,4.310680460988
    ));
#992 = CARTESIAN_POINT('',(46.563799506886,1.955917683972,4.342358928111
    ));
#993 = CARTESIAN_POINT('',(46.5093923891,1.900092905112,4.373526413327)
  );
#994 = CARTESIAN_POINT('',(46.456068597453,1.841554953916,4.404115774012
    ));
#995 = CARTESIAN_POINT('',(46.347288012335,1.71347441836,4.466601591037)
  );
#996 = CARTESIAN_POINT('',(46.292064069808,1.643430454853,4.49837175126)
  );
#997 = CARTESIAN_POINT('',(46.238442878256,1.569921361876,4.529265520446
    ));
#998 = CARTESIAN_POINT('',(46.186631166318,1.492812557587,4.559159201591
    ));
#999 = CARTESIAN_POINT('',(46.136883297311,1.411984396974,4.587900767498
    ));
#1000 = CARTESIAN_POINT('',(46.089499445502,1.32733676063,4.615310764652
    ));
#1001 = CARTESIAN_POINT('',(46.014411228113,1.178518749437,
    4.658795645703));
#1002 = CARTESIAN_POINT('',(45.985258618164,1.11644794017,4.675692703591
    ));
#1003 = CARTESIAN_POINT('',(45.957475965804,1.052563624273,
    4.691808609425));
#1004 = CARTESIAN_POINT('',(45.931190114353,0.98686691265,4.707067594966
    ));
#1005 = CARTESIAN_POINT('',(45.906539891006,0.919383026062,
    4.721386773437));
#1006 = CARTESIAN_POINT('',(45.883671270682,0.85016670263,4.73467900791)
  );
#1007 = CARTESIAN_POINT('',(45.832185353254,0.675932377497,
    4.764620281412));
#1008 = CARTESIAN_POINT('',(45.805723149681,0.568986579547,
    4.780023772659));
#1009 = CARTESIAN_POINT('',(45.783853147366,0.458867158562,
    4.792764361113));
#1010 = CARTESIAN_POINT('',(45.76704231744,0.346113821682,4.802563271882
    ));
#1011 = CARTESIAN_POINT('',(45.755678198239,0.231426506831,
    4.809189281549));
#1012 = CARTESIAN_POINT('',(45.75,0.115689185842,4.8125));
#1013 = CARTESIAN_POINT('',(45.75,0.,4.8125));
#1014 = PCURVE('',#105,#1015);
#1015 = DEFINITIONAL_REPRESENTATION('',(#1016),#1091);
#1016 = B_SPLINE_CURVE_WITH_KNOTS('',7,(#1017,#1018,#1019,#1020,#1021,
    #1022,#1023,#1024,#1025,#1026,#1027,#1028,#1029,#1030,#1031,#1032,
    #1033,#1034,#1035,#1036,#1037,#1038,#1039,#1040,#1041,#1042,#1043,
    #1044,#1045,#1046,#1047,#1048,#1049,#1050,#1051,#1052,#1053,#1054,
    #1055,#1056,#1057,#1058,#1059,#1060,#1061,#1062,#1063,#1064,#1065,
    #1066,#1067,#1068,#1069,#1070,#1071,#1072,#1073,#1074,#1075,#1076,
    #1077,#1078,#1079,#1080,#1081,#1082,#1083,#1084,#1085,#1086,#1087,
    #1088,#1089,#1090),.UNSPECIFIED.,.F.,.F.,(8,6,6,6,6,6,6,6,6,6,6,6,8)
  ,(0.,7.927817935E-02,0.133281314711,0.21256367474,0.28295309781,
    0.34262588135,0.516063319953,0.690589033848,0.74667052092,
    0.811497971055,0.881996000312,0.929986870588,1.),.UNSPECIFIED.);
#1017 = CARTESIAN_POINT('',(0.,17.7875));
#1018 = CARTESIAN_POINT('',(4.764543322092E-02,17.7875));
#1019 = CARTESIAN_POINT('',(9.530911830794E-02,17.791290980274));
#1020 = CARTESIAN_POINT('',(0.142667559507,17.798877285886));
#1021 = CARTESIAN_POINT('',(0.189493669334,17.810093765127));
#1022 = CARTESIAN_POINT('',(0.235615119454,17.824675584127));
#1023 = CARTESIAN_POINT('',(0.280891472351,17.842303679704));
#1024 = CARTESIAN_POINT('',(0.355399290011,17.876469015703));
#1025 = CARTESIAN_POINT('',(0.385161419694,17.89157044699));
#1026 = CARTESIAN_POINT('',(0.414479995874,17.907830400777));
#1027 = CARTESIAN_POINT('',(0.443347554661,17.925150710121));
#1028 = CARTESIAN_POINT('',(0.471764586249,17.943437993022));
#1029 = CARTESIAN_POINT('',(0.499738465925,17.962606860775));
#1030 = CARTESIAN_POINT('',(0.567719794867,18.01191041384));
#1031 = CARTESIAN_POINT('',(0.607220975442,18.042970598166));
#1032 = CARTESIAN_POINT('',(0.645837268357,18.075532598612));
#1033 = CARTESIAN_POINT('',(0.683618922714,18.109394284267));
#1034 = CARTESIAN_POINT('',(0.720617957484,18.144383950915));
#1035 = CARTESIAN_POINT('',(0.756891023823,18.180361797944));
#1036 = CARTESIAN_POINT('',(0.82411907204,18.249946547299));
#1037 = CARTESIAN_POINT('',(0.855208416239,18.283360724501));
#1038 = CARTESIAN_POINT('',(0.885811132573,18.317385118475));
#1039 = CARTESIAN_POINT('',(0.915963495023,18.351950818118));
#1040 = CARTESIAN_POINT('',(0.945698832183,18.386998453958));
#1041 = CARTESIAN_POINT('',(0.975049140468,18.422477832493));
#1042 = CARTESIAN_POINT('',(1.028629438005,18.488756217471));
#1043 = CARTESIAN_POINT('',(1.052957490799,18.519444009772));
#1044 = CARTESIAN_POINT('',(1.077049630911,18.550384835431));
#1045 = CARTESIAN_POINT('',(1.100923035755,18.581555073701));
#1046 = CARTESIAN_POINT('',(1.124593721509,18.612933507102));
#1047 = CARTESIAN_POINT('',(1.14807697966,18.64450123343));
#1048 = CARTESIAN_POINT('',(1.239140163644,18.768494087122));
#1049 = CARTESIAN_POINT('',(1.305415995918,18.862177720567));
#1050 = CARTESIAN_POINT('',(1.370609443403,18.956916983352));
#1051 = CARTESIAN_POINT('',(1.435006044026,19.052393023759));
#1052 = CARTESIAN_POINT('',(1.498868995056,19.148328945057));
#1053 = CARTESIAN_POINT('',(1.562453461623,19.24448986813));
#1054 = CARTESIAN_POINT('',(1.690046531117,19.437474175166));
#1055 = CARTESIAN_POINT('',(1.75401742431,19.534240845034));
#1056 = CARTESIAN_POINT('',(1.818264324105,19.63078755785));
#1057 = CARTESIAN_POINT('',(1.883057478958,19.72686881274));
#1058 = CARTESIAN_POINT('',(1.948685022604,19.8221811458));
#1059 = CARTESIAN_POINT('',(2.015466121749,19.916362785479));
#1060 = CARTESIAN_POINT('',(2.105851330594,20.038719877589));
#1061 = CARTESIAN_POINT('',(2.127997394399,20.068309537708));
#1062 = CARTESIAN_POINT('',(2.150323260565,20.097716486971));
#1063 = CARTESIAN_POINT('',(2.17284389203,20.126922116168));
#1064 = CARTESIAN_POINT('',(2.195575102204,20.155905346384));
#1065 = CARTESIAN_POINT('',(2.218534007766,20.184642483434));
#1066 = CARTESIAN_POINT('',(2.268563871589,20.24601074175));
#1067 = CARTESIAN_POINT('',(2.295716154078,20.278548358818));
#1068 = CARTESIAN_POINT('',(2.323226912718,20.310680460988));
#1069 = CARTESIAN_POINT('',(2.35112667222,20.342358928111));
#1070 = CARTESIAN_POINT('',(2.379447455201,20.373526413327));
#1071 = CARTESIAN_POINT('',(2.408224339195,20.404115774012));
#1072 = CARTESIAN_POINT('',(2.469330224033,20.466601591037));
#1073 = CARTESIAN_POINT('',(2.501743386495,20.49837175126));
#1074 = CARTESIAN_POINT('',(2.534792406199,20.529265520446));
#1075 = CARTESIAN_POINT('',(2.568527191748,20.559159201591));
#1076 = CARTESIAN_POINT('',(2.60299380751,20.587900767498));
#1077 = CARTESIAN_POINT('',(2.638236625955,20.615310764652));
#1078 = CARTESIAN_POINT('',(2.69885060939,20.658795645703));
#1079 = CARTESIAN_POINT('',(2.72377744503,20.675692703591));
#1080 = CARTESIAN_POINT('',(2.749092670534,20.691808609425));
#1081 = CARTESIAN_POINT('',(2.774802842689,20.707067594966));
#1082 = CARTESIAN_POINT('',(2.800908410969,20.721386773437));
#1083 = CARTESIAN_POINT('',(2.827402737066,20.73467900791));
#1084 = CARTESIAN_POINT('',(2.893468969546,20.764620281412));
#1085 = CARTESIAN_POINT('',(2.933490970297,20.780023772659));
#1086 = CARTESIAN_POINT('',(2.974245141238,20.792764361113));
#1087 = CARTESIAN_POINT('',(3.015611336371,20.802563271882));
#1088 = CARTESIAN_POINT('',(3.05743761386,20.809189281549));
#1089 = CARTESIAN_POINT('',(3.099523858738,20.8125));
#1090 = CARTESIAN_POINT('',(3.14159265359,20.8125));
#1091 = ( GEOMETRIC_REPRESENTATION_CONTEXT(2) 
PARAMETRIC_REPRESENTATION_CONTEXT() REPRESENTATION_CONTEXT('2D SPACE',''
  ) );
#1092 = PCURVE('',#283,#1093);
#1093 = DEFINITIONAL_REPRESENTATION('',(#1094),#1169);
#1094 = B_SPLINE_CURVE_WITH_KNOTS('',7,(#1095,#1096,#1097,#1098,#1099,
    #1100,#1101,#1102,#1103,#1104,#1105,#1106,#1107,#1108,#1109,#1110,
    #1111,#1112,#1113,#1114,#1115,#1116,#1117,#1118,#1119,#1120,#1121,
    #1122,#1123,#1124,#1125,#1126,#1127,#1128,#1129,#1130,#1131,#1132,
    #1133,#1134,#1135,#1136,#1137,#1138,#1139,#1140,#1141,#1142,#1143,
    #1144,#1145,#1146,#1147,#1148,#1149,#1150,#1151,#1152,#1153,#1154,
    #1155,#1156,#1157,#1158,#1159,#1160,#1161,#1162,#1163,#1164,#1165,
    #1166,#1167,#1168),.UNSPECIFIED.,.F.,.F.,(8,6,6,6,6,6,6,6,6,6,6,6,8)
  ,(0.,7.927817935E-02,0.133281314711,0.21256367474,0.28295309781,
    0.34262588135,0.516063319953,0.690589033848,0.74667052092,
    0.811497971055,0.881996000312,0.929986870588,1.),.UNSPECIFIED.);
#1095 = CARTESIAN_POINT('',(0.,-1.7875));
#1096 = CARTESIAN_POINT('',(-2.55658422161E-03,-1.7875));
#1097 = CARTESIAN_POINT('',(-5.11415225517E-03,-1.791290980274));
#1098 = CARTESIAN_POINT('',(-7.647312768842E-03,-1.798877285886));
#1099 = CARTESIAN_POINT('',(-1.013590713229E-02,-1.810093765127));
#1100 = CARTESIAN_POINT('',(-1.25639231841E-02,-1.824675584127));
#1101 = CARTESIAN_POINT('',(-1.491878050216E-02,-1.842303679704));
#1102 = CARTESIAN_POINT('',(-1.873878110515E-02,-1.876469015703));
#1103 = CARTESIAN_POINT('',(-2.024911561495E-02,-1.89157044699));
#1104 = CARTESIAN_POINT('',(-2.171993890788E-02,-1.907830400777));
#1105 = CARTESIAN_POINT('',(-2.314997705553E-02,-1.925150710121));
#1106 = CARTESIAN_POINT('',(-2.453861361813E-02,-1.943437993022));
#1107 = CARTESIAN_POINT('',(-2.588576926305E-02,-1.962606860775));
#1108 = CARTESIAN_POINT('',(-2.910914641104E-02,-2.01191041384));
#1109 = CARTESIAN_POINT('',(-3.093738149773E-02,-2.042970598166));
#1110 = CARTESIAN_POINT('',(-3.267803259845E-02,-2.075532598612));
#1111 = CARTESIAN_POINT('',(-3.433317435611E-02,-2.109394284267));
#1112 = CARTESIAN_POINT('',(-3.590531354259E-02,-2.144383950915));
#1113 = CARTESIAN_POINT('',(-3.739729249962E-02,-2.180361797944));
#1114 = CARTESIAN_POINT('',(-4.006838626922E-02,-2.249946547299));
#1115 = CARTESIAN_POINT('',(-4.12635927305E-02,-2.283360724501));
#1116 = CARTESIAN_POINT('',(-4.239982248521E-02,-2.317385118475));
#1117 = CARTESIAN_POINT('',(-4.347889793629E-02,-2.351950818118));
#1118 = CARTESIAN_POINT('',(-4.450248832055E-02,-2.386998453958));
#1119 = CARTESIAN_POINT('',(-4.547214466108E-02,-2.422477832493));
#1120 = CARTESIAN_POINT('',(-4.716688454816E-02,-2.488756217471));
#1121 = CARTESIAN_POINT('',(-4.790668989999E-02,-2.519444009772));
#1122 = CARTESIAN_POINT('',(-4.860961636873E-02,-2.550384835431));
#1123 = CARTESIAN_POINT('',(-4.927643371286E-02,-2.581555073701));
#1124 = CARTESIAN_POINT('',(-4.990782792344E-02,-2.612933507102));
#1125 = CARTESIAN_POINT('',(-5.050441329164E-02,-2.64450123343));
#1126 = CARTESIAN_POINT('',(-5.270114586547E-02,-2.768494087122));
#1127 = CARTESIAN_POINT('',(-5.404569941996E-02,-2.862177720567));
#1128 = CARTESIAN_POINT('',(-5.511484697656E-02,-2.956916983352));
#1129 = CARTESIAN_POINT('',(-5.591589067223E-02,-3.052393023759));
#1130 = CARTESIAN_POINT('',(-5.645281251631E-02,-3.148328945057));
#1131 = CARTESIAN_POINT('',(-5.672606023437E-02,-3.24448986813));
#1132 = CARTESIAN_POINT('',(-5.673676397671E-02,-3.437474175166));
#1133 = CARTESIAN_POINT('',(-5.647084609382E-02,-3.534240845034));
#1134 = CARTESIAN_POINT('',(-5.592983311019E-02,-3.63078755785));
#1135 = CARTESIAN_POINT('',(-5.510507494803E-02,-3.72686881274));
#1136 = CARTESIAN_POINT('',(-5.39834926655E-02,-3.8221811458));
#1137 = CARTESIAN_POINT('',(-5.254792268988E-02,-3.916362785479));
#1138 = CARTESIAN_POINT('',(-5.019973642047E-02,-4.038719877589));
#1139 = CARTESIAN_POINT('',(-4.95934730954E-02,-4.068309537708));
#1140 = CARTESIAN_POINT('',(-4.895112375884E-02,-4.097716486971));
#1141 = CARTESIAN_POINT('',(-4.827174068892E-02,-4.126922116168));
#1142 = CARTESIAN_POINT('',(-4.75542927883E-02,-4.155905346384));
#1143 = CARTESIAN_POINT('',(-4.679765058437E-02,-4.184642483434));
#1144 = CARTESIAN_POINT('',(-4.50791865652E-02,-4.24601074175));
#1145 = CARTESIAN_POINT('',(-4.410382385206E-02,-4.278548358818));
#1146 = CARTESIAN_POINT('',(-4.307251523298E-02,-4.310680460988));
#1147 = CARTESIAN_POINT('',(-4.198319278904E-02,-4.342358928111));
#1148 = CARTESIAN_POINT('',(-4.08336553211E-02,-4.373526413327));
#1149 = CARTESIAN_POINT('',(-3.962153513151E-02,-4.404115774012));
#1150 = CARTESIAN_POINT('',(-3.695526923975E-02,-4.466601591037));
#1151 = CARTESIAN_POINT('',(-3.548950399351E-02,-4.49837175126));
#1152 = CARTESIAN_POINT('',(-3.394348770467E-02,-4.529265520446));
#1153 = CARTESIAN_POINT('',(-3.231394472684E-02,-4.559159201591));
#1154 = CARTESIAN_POINT('',(-3.059795308294E-02,-4.587900767498));
#1155 = CARTESIAN_POINT('',(-2.879309241845E-02,-4.615310764652));
#1156 = CARTESIAN_POINT('',(-2.560724784394E-02,-4.658795645703));
#1157 = CARTESIAN_POINT('',(-2.427509973801E-02,-4.675692703591));
#1158 = CARTESIAN_POINT('',(-2.290072827555E-02,-4.691808609425));
#1159 = CARTESIAN_POINT('',(-2.14841470478E-02,-4.707067594966));
#1160 = CARTESIAN_POINT('',(-2.002593428969E-02,-4.721386773437));
#1161 = CARTESIAN_POINT('',(-1.852736457113E-02,-4.73467900791));
#1162 = CARTESIAN_POINT('',(-1.474849189052E-02,-4.764620281412));
#1163 = CARTESIAN_POINT('',(-1.24234149742E-02,-4.780023772659));
#1164 = CARTESIAN_POINT('',(-1.002439506856E-02,-4.792764361113));
#1165 = CARTESIAN_POINT('',(-7.563957382051E-03,-4.802563271882));
#1166 = CARTESIAN_POINT('',(-5.058503347621E-03,-4.809189281549));
#1167 = CARTESIAN_POINT('',(-2.528725373598E-03,-4.8125));
#1168 = CARTESIAN_POINT('',(0.,-4.8125));
#1169 = ( GEOMETRIC_REPRESENTATION_CONTEXT(2) 
PARAMETRIC_REPRESENTATION_CONTEXT() REPRESENTATION_CONTEXT('2D SPACE',''
  ) );
#1170 = ORIENTED_EDGE('',*,*,#1171,.F.);
#1171 = EDGE_CURVE('',#89,#934,#1172,.T.);
#1172 = SEAM_CURVE('',#1173,(#1177,#1184),.PCURVE_S1.);
#1173 = LINE('',#1174,#1175);
#1174 = CARTESIAN_POINT('',(51.25,-6.73555739531E-16,-16.));
#1175 = VECTOR('',#1176,1.);
#1176 = DIRECTION('',(0.,0.,1.));
#1177 = PCURVE('',#105,#1178);
#1178 = DEFINITIONAL_REPRESENTATION('',(#1179),#1183);
#1179 = LINE('',#1180,#1181);
#1180 = CARTESIAN_POINT('',(6.28318530718,-0.));
#1181 = VECTOR('',#1182,1.);
#1182 = DIRECTION('',(0.,1.));
#1183 = ( GEOMETRIC_REPRESENTATION_CONTEXT(2) 
PARAMETRIC_REPRESENTATION_CONTEXT() REPRESENTATION_CONTEXT('2D SPACE',''
  ) );
#1184 = PCURVE('',#105,#1185);
#1185 = DEFINITIONAL_REPRESENTATION('',(#1186),#1190);
#1186 = LINE('',#1187,#1188);
#1187 = CARTESIAN_POINT('',(0.,-0.));
#1188 = VECTOR('',#1189,1.);
#1189 = DIRECTION('',(0.,1.));
#1190 = ( GEOMETRIC_REPRESENTATION_CONTEXT(2) 
PARAMETRIC_REPRESENTATION_CONTEXT() REPRESENTATION_CONTEXT('2D SPACE',''
  ) );
#1191 = ORIENTED_EDGE('',*,*,#88,.T.);
#1192 = ORIENTED_EDGE('',*,*,#1171,.T.);
#1193 = ORIENTED_EDGE('',*,*,#1194,.F.);
#1194 = EDGE_CURVE('',#936,#934,#1195,.T.);
#1195 = SURFACE_CURVE('',#1196,(#1276,#1359),.PCURVE_S1.);
#1196 = B_SPLINE_CURVE_WITH_KNOTS('',8,(#1197,#1198,#1199,#1200,#1201,
    #1202,#1203,#1204,#1205,#1206,#1207,#1208,#1209,#1210,#1211,#1212,
    #1213,#1214,#1215,#1216,#1217,#1218,#1219,#1220,#1221,#1222,#1223,
    #1224,#1225,#1226,#1227,#1228,#1229,#1230,#1231,#1232,#1233,#1234,
    #1235,#1236,#1237,#1238,#1239,#1240,#1241,#1242,#1243,#1244,#1245,
    #1246,#1247,#1248,#1249,#1250,#1251,#1252,#1253,#1254,#1255,#1256,
    #1257,#1258,#1259,#1260,#1261,#1262,#1263,#1264,#1265,#1266,#1267,
    #1268,#1269,#1270,#1271,#1272,#1273,#1274,#1275),.UNSPECIFIED.,.F.,
  .F.,(9,7,7,7,7,7,7,7,7,7,7,9),(0.,7.0005038127E-02,0.117990592697,
    0.188480799158,0.253301047656,0.309951785889,0.483267142416,
    0.717047194737,0.78793801657,0.866717727818,0.92072046979,1.),
  .UNSPECIFIED.);
#1197 = CARTESIAN_POINT('',(45.75,4.440892098501E-16,4.8125));
#1198 = CARTESIAN_POINT('',(45.75,-0.101229245262,4.8125));
#1199 = CARTESIAN_POINT('',(45.754258754581,-0.202493667193,
    4.810016899385));
#1200 = CARTESIAN_POINT('',(45.762780934832,-0.303107097885,
    4.805047931061));
#1201 = CARTESIAN_POINT('',(45.775447837599,-0.402490849206,
    4.797663755242));
#1202 = CARTESIAN_POINT('',(45.792054405507,-0.500161963401,
    4.78798663618));
#1203 = CARTESIAN_POINT('',(45.81233870792,-0.595723195173,
    4.776172895534));
#1204 = CARTESIAN_POINT('',(45.836003882858,-0.688854725234,
    4.762399642353));
#1205 = CARTESIAN_POINT('',(45.881053927356,-0.841309308787,
    4.73620110553));
#1206 = CARTESIAN_POINT('',(45.900822732275,-0.902078934172,
    4.724709834177));
#1207 = CARTESIAN_POINT('',(45.921946275744,-0.961560441919,
    4.712437289712));
#1208 = CARTESIAN_POINT('',(45.944333034635,-1.01971525489,
    4.699438105355));
#1209 = CARTESIAN_POINT('',(45.967894455132,-1.076520230559,
    4.685765147816));
#1210 = CARTESIAN_POINT('',(45.992546766281,-1.131965633195,
    4.671468441652));
#1211 = CARTESIAN_POINT('',(46.018212793545,-1.186053106047,
    4.65659409363));
#1212 = CARTESIAN_POINT('',(46.083914982365,-1.316268863077,
    4.618544823519));
#1213 = CARTESIAN_POINT('',(46.125037327392,-1.390822475492,
    4.594753270817));
#1214 = CARTESIAN_POINT('',(46.167975706662,-1.462501983185,
    4.569937293877));
#1215 = CARTESIAN_POINT('',(46.212537012926,-1.531366945891,
    4.544212366419));
#1216 = CARTESIAN_POINT('',(46.258550816374,-1.597487259857,
    4.517680362021));
#1217 = CARTESIAN_POINT('',(46.305870048557,-1.660941437021,
    4.490429215164));
#1218 = CARTESIAN_POINT('',(46.354371686299,-1.721814884207,
    4.462532582264));
#1219 = CARTESIAN_POINT('',(46.449554700172,-1.83388535505,
    4.407857491279));
#1220 = CARTESIAN_POINT('',(46.496061437732,-1.885458413529,
    4.38117375548));
#1221 = CARTESIAN_POINT('',(46.543396833481,-1.934983387573,
    4.354046737493));
#1222 = CARTESIAN_POINT('',(46.591488621922,-1.982521448707,
    4.326519697078));
#1223 = CARTESIAN_POINT('',(46.640272777907,-2.028129625023,
    4.298630924988));
#1224 = CARTESIAN_POINT('',(46.689693207672,-2.071861516048,
    4.270413956356));
#1225 = CARTESIAN_POINT('',(46.739701439865,-2.113768007603,
    4.241897784093));
#1226 = CARTESIAN_POINT('',(46.834439595012,-2.188970251787,
    4.187944949082));
#1227 = CARTESIAN_POINT('',(46.879038521234,-2.22268400907,
    4.162574204043));
#1228 = CARTESIAN_POINT('',(46.924024602023,-2.255070880876,
    4.137011879063));
#1229 = CARTESIAN_POINT('',(46.969371692234,-2.286159804448,
    4.111273581507));
#1230 = CARTESIAN_POINT('',(47.015055912765,-2.315977322233,
    4.085373541488));
#1231 = CARTESIAN_POINT('',(47.061055568523,-2.344547872197,
    4.05932466914));
#1232 = CARTESIAN_POINT('',(47.107351066391,-2.371894078142,
    4.033138611907));
#1233 = CARTESIAN_POINT('',(47.296411043421,-2.478017935227,
    3.926325319301));
#1234 = CARTESIAN_POINT('',(47.441461649745,-2.546714197351,
    3.84466121838));
#1235 = CARTESIAN_POINT('',(47.588616056359,-2.604761665374,
    3.762108155917));
#1236 = CARTESIAN_POINT('',(47.737480163227,-2.652566586562,
    3.678898071253));
#1237 = CARTESIAN_POINT('',(47.887709018277,-2.690410677364,
    3.595230927006));
#1238 = CARTESIAN_POINT('',(48.039001711318,-2.718482878058,
    3.511278401528));
#1239 = CARTESIAN_POINT('',(48.191101459494,-2.736872690142,
    3.427184620381));
#1240 = CARTESIAN_POINT('',(48.549756144958,-2.757278025878,
    3.229605542943));
#1241 = CARTESIAN_POINT('',(48.756524257213,-2.751326664396,
    3.116251622672));
#1242 = CARTESIAN_POINT('',(48.963691606437,-2.727744808281,
    3.003228384737));
#1243 = CARTESIAN_POINT('',(49.170646613216,-2.686105970291,
    2.89086476279));
#1244 = CARTESIAN_POINT('',(49.376577934461,-2.625735516281,
    2.779589438097));
#1245 = CARTESIAN_POINT('',(49.58043661877,-2.545607500592,
    2.669946809336));
#1246 = CARTESIAN_POINT('',(49.780945293175,-2.444459804061,
    2.562588855402));
#1247 = CARTESIAN_POINT('',(50.035740775552,-2.282309917263,
    2.426737729238));
#1248 = CARTESIAN_POINT('',(50.094547406855,-2.242453370504,
    2.395424876057));
#1249 = CARTESIAN_POINT('',(50.152822794687,-2.200412550569,
    2.364435406717));
#1250 = CARTESIAN_POINT('',(50.210506016643,-2.156128277615,
    2.333800260598));
#1251 = CARTESIAN_POINT('',(50.267526948411,-2.109538416784,
    2.303555063065));
#1252 = CARTESIAN_POINT('',(50.32380592469,-2.060577339435,
    2.273740267798));
#1253 = CARTESIAN_POINT('',(50.379253400127,-2.009175384381,
    2.244401299117));
#1254 = CARTESIAN_POINT('',(50.494352506304,-1.895341242102,
    2.183569758314));
#1255 = CARTESIAN_POINT('',(50.553774699343,-1.832328566603,
    2.152206464061));
#1256 = CARTESIAN_POINT('',(50.611906326668,-1.766112642158,
    2.121564466713));
#1257 = CARTESIAN_POINT('',(50.668585761162,-1.69659142578,
    2.091725732878));
#1258 = CARTESIAN_POINT('',(50.723620530519,-1.623671238784,
    2.062787995267));
#1259 = CARTESIAN_POINT('',(50.776788236496,-1.547269523597,
    2.034864207357));
#1260 = CARTESIAN_POINT('',(50.827837474157,-1.467317600573,
    2.008081998048));
#1261 = CARTESIAN_POINT('',(50.909838738243,-1.326487832864,
    1.965103892543));
#1262 = CARTESIAN_POINT('',(50.9420571412,-1.267527342576,1.948230207563
    ));
#1263 = CARTESIAN_POINT('',(50.973052639855,-1.206869930182,
    1.932008438297));
#1264 = CARTESIAN_POINT('',(51.002722955919,-1.144514912345,
    1.916490552462));
#1265 = CARTESIAN_POINT('',(51.030957204086,-1.080475528644,
    1.901732915442));
#1266 = CARTESIAN_POINT('',(51.057638243181,-1.014781524078,
    1.887795087164));
#1267 = CARTESIAN_POINT('',(51.082645027298,-0.947481731564,
    1.874738618962));
#1268 = CARTESIAN_POINT('',(51.139928640091,-0.777592293535,
    1.844843520109));
#1269 = CARTESIAN_POINT('',(51.17015382012,-0.673159389612,
    1.829082487376));
#1270 = CARTESIAN_POINT('',(51.196101019675,-0.565661658608,
    1.815561814475));
#1271 = CARTESIAN_POINT('',(51.217370067239,-0.455503309387,
    1.804485090426));
#1272 = CARTESIAN_POINT('',(51.233608037491,-0.343186642762,
    1.796031798432));
#1273 = CARTESIAN_POINT('',(51.244538203393,-0.229321768187,
    1.790342809175));
#1274 = CARTESIAN_POINT('',(51.25,-0.11463843811,1.7875));
#1275 = CARTESIAN_POINT('',(51.25,-8.881784197001E-16,1.7875));
#1276 = PCURVE('',#105,#1277);
#1277 = DEFINITIONAL_REPRESENTATION('',(#1278),#1358);
#1278 = B_SPLINE_CURVE_WITH_KNOTS('',8,(#1279,#1280,#1281,#1282,#1283,
    #1284,#1285,#1286,#1287,#1288,#1289,#1290,#1291,#1292,#1293,#1294,
    #1295,#1296,#1297,#1298,#1299,#1300,#1301,#1302,#1303,#1304,#1305,
    #1306,#1307,#1308,#1309,#1310,#1311,#1312,#1313,#1314,#1315,#1316,
    #1317,#1318,#1319,#1320,#1321,#1322,#1323,#1324,#1325,#1326,#1327,
    #1328,#1329,#1330,#1331,#1332,#1333,#1334,#1335,#1336,#1337,#1338,
    #1339,#1340,#1341,#1342,#1343,#1344,#1345,#1346,#1347,#1348,#1349,
    #1350,#1351,#1352,#1353,#1354,#1355,#1356,#1357),.UNSPECIFIED.,.F.,
  .F.,(9,7,7,7,7,7,7,7,7,7,7,9),(0.,7.0005038127E-02,0.117990592697,
    0.188480799158,0.253301047656,0.309951785889,0.483267142416,
    0.717047194737,0.78793801657,0.866717727818,0.92072046979,1.),
  .UNSPECIFIED.);
#1279 = CARTESIAN_POINT('',(3.14159265359,20.8125));
#1280 = CARTESIAN_POINT('',(3.17840328823,20.8125));
#1281 = CARTESIAN_POINT('',(3.215226673548,20.810016899385));
#1282 = CARTESIAN_POINT('',(3.251889491112,20.805047931061));
#1283 = CARTESIAN_POINT('',(3.288257203618,20.797663755242));
#1284 = CARTESIAN_POINT('',(3.324222988351,20.78798663618));
#1285 = CARTESIAN_POINT('',(3.359699896452,20.776172895534));
#1286 = CARTESIAN_POINT('',(3.394616237978,20.762399642353));
#1287 = CARTESIAN_POINT('',(3.452424020411,20.73620110553));
#1288 = CARTESIAN_POINT('',(3.475653310463,20.724709834177));
#1289 = CARTESIAN_POINT('',(3.498592871255,20.712437289712));
#1290 = CARTESIAN_POINT('',(3.521237545255,20.699438105355));
#1291 = CARTESIAN_POINT('',(3.543585841383,20.685765147816));
#1292 = CARTESIAN_POINT('',(3.565639567327,20.671468441652));
#1293 = CARTESIAN_POINT('',(3.587403461866,20.65659409363));
#1294 = CARTESIAN_POINT('',(3.640440696246,20.618544823519));
#1295 = CARTESIAN_POINT('',(3.671380789892,20.594753270817));
#1296 = CARTESIAN_POINT('',(3.701733128468,20.569937293877));
#1297 = CARTESIAN_POINT('',(3.731525502139,20.544212366419));
#1298 = CARTESIAN_POINT('',(3.760786278016,20.517680362021));
#1299 = CARTESIAN_POINT('',(3.789545207265,20.490429215164));
#1300 = CARTESIAN_POINT('',(3.817834232229,20.462532582264));
#1301 = CARTESIAN_POINT('',(3.871301882527,20.407857491279));
#1302 = CARTESIAN_POINT('',(3.896543629118,20.38117375548));
#1303 = CARTESIAN_POINT('',(3.921438339142,20.354046737493));
#1304 = CARTESIAN_POINT('',(3.946008512489,20.326519697078));
#1305 = CARTESIAN_POINT('',(3.970274926974,20.298630924988));
#1306 = CARTESIAN_POINT('',(3.994257222219,20.270413956356));
#1307 = CARTESIAN_POINT('',(4.01797448352,20.241897784093));
#1308 = CARTESIAN_POINT('',(4.061958997055,20.187944949082));
#1309 = CARTESIAN_POINT('',(4.082283422445,20.162574204043));
#1310 = CARTESIAN_POINT('',(4.10243126869,20.137011879063));
#1311 = CARTESIAN_POINT('',(4.122413786346,20.111273581507));
#1312 = CARTESIAN_POINT('',(4.142241487927,20.085373541488));
#1313 = CARTESIAN_POINT('',(4.161924326115,20.05932466914));
#1314 = CARTESIAN_POINT('',(4.181471871956,20.033138611907));
#1315 = CARTESIAN_POINT('',(4.26031134519,19.926325319301));
#1316 = CARTESIAN_POINT('',(4.318533805591,19.84466121838));
#1317 = CARTESIAN_POINT('',(4.37584738868,19.762108155917));
#1318 = CARTESIAN_POINT('',(4.432465898844,19.678898071253));
#1319 = CARTESIAN_POINT('',(4.488573497858,19.595230927006));
#1320 = CARTESIAN_POINT('',(4.54434236223,19.511278401528));
#1321 = CARTESIAN_POINT('',(4.599941856496,19.427184620381));
#1322 = CARTESIAN_POINT('',(4.730572652167,19.229605542943));
#1323 = CARTESIAN_POINT('',(4.805516901577,19.116251622672));
#1324 = CARTESIAN_POINT('',(4.880884085091,19.003228384737));
#1325 = CARTESIAN_POINT('',(4.957086244894,18.89086476279));
#1326 = CARTESIAN_POINT('',(5.034513653493,18.779589438097));
#1327 = CARTESIAN_POINT('',(5.113608592675,18.669946809336));
#1328 = CARTESIAN_POINT('',(5.194868616542,18.562588855402));
#1329 = CARTESIAN_POINT('',(5.304692411479,18.426737729238));
#1330 = CARTESIAN_POINT('',(5.330514539012,18.395424876057));
#1331 = CARTESIAN_POINT('',(5.356625624151,18.364435406717));
#1332 = CARTESIAN_POINT('',(5.383046142268,18.333800260598));
#1333 = CARTESIAN_POINT('',(5.40979704007,18.303555063065));
#1334 = CARTESIAN_POINT('',(5.436900363259,18.273740267798));
#1335 = CARTESIAN_POINT('',(5.464379884197,18.244401299117));
#1336 = CARTESIAN_POINT('',(5.523246329133,18.183569758314));
#1337 = CARTESIAN_POINT('',(5.554722378336,18.152206464061));
#1338 = CARTESIAN_POINT('',(5.586729197174,18.121564466713));
#1339 = CARTESIAN_POINT('',(5.619302446132,18.091725732878));
#1340 = CARTESIAN_POINT('',(5.652475162832,18.062787995267));
#1341 = CARTESIAN_POINT('',(5.68627879867,18.034864207357));
#1342 = CARTESIAN_POINT('',(5.720744255467,18.008081998048));
#1343 = CARTESIAN_POINT('',(5.780003853327,17.965103892543));
#1344 = CARTESIAN_POINT('',(5.804427254507,17.948230207563));
#1345 = CARTESIAN_POINT('',(5.82918137019,17.932008438297));
#1346 = CARTESIAN_POINT('',(5.854271536881,17.916490552462));
#1347 = CARTESIAN_POINT('',(5.879699782169,17.901732915442));
#1348 = CARTESIAN_POINT('',(5.905464423852,17.887795087164));
#1349 = CARTESIAN_POINT('',(5.931559669062,17.874738618962));
#1350 = CARTESIAN_POINT('',(5.996754946941,17.844843520109));
#1351 = CARTESIAN_POINT('',(6.036251624781,17.829082487376));
#1352 = CARTESIAN_POINT('',(6.076396489898,17.815561814475));
#1353 = CARTESIAN_POINT('',(6.117105840793,17.804485090426));
#1354 = CARTESIAN_POINT('',(6.158279660557,17.796031798432));
#1355 = CARTESIAN_POINT('',(6.199795641086,17.790342809175));
#1356 = CARTESIAN_POINT('',(6.241498602412,17.7875));
#1357 = CARTESIAN_POINT('',(6.28318530718,17.7875));
#1358 = ( GEOMETRIC_REPRESENTATION_CONTEXT(2) 
PARAMETRIC_REPRESENTATION_CONTEXT() REPRESENTATION_CONTEXT('2D SPACE',''
  ) );
#1359 = PCURVE('',#283,#1360);
#1360 = DEFINITIONAL_REPRESENTATION('',(#1361),#1441);
#1361 = B_SPLINE_CURVE_WITH_KNOTS('',8,(#1362,#1363,#1364,#1365,#1366,
    #1367,#1368,#1369,#1370,#1371,#1372,#1373,#1374,#1375,#1376,#1377,
    #1378,#1379,#1380,#1381,#1382,#1383,#1384,#1385,#1386,#1387,#1388,
    #1389,#1390,#1391,#1392,#1393,#1394,#1395,#1396,#1397,#1398,#1399,
    #1400,#1401,#1402,#1403,#1404,#1405,#1406,#1407,#1408,#1409,#1410,
    #1411,#1412,#1413,#1414,#1415,#1416,#1417,#1418,#1419,#1420,#1421,
    #1422,#1423,#1424,#1425,#1426,#1427,#1428,#1429,#1430,#1431,#1432,
    #1433,#1434,#1435,#1436,#1437,#1438,#1439,#1440),.UNSPECIFIED.,.F.,
  .F.,(9,7,7,7,7,7,7,7,7,7,7,9),(0.,7.0005038127E-02,0.117990592697,
    0.188480799158,0.253301047656,0.309951785889,0.483267142416,
    0.717047194737,0.78793801657,0.866717727818,0.92072046979,1.),
  .UNSPECIFIED.);
#1362 = CARTESIAN_POINT('',(-6.28318530718,-4.8125));
#1363 = CARTESIAN_POINT('',(-6.280972646081,-4.8125));
#1364 = CARTESIAN_POINT('',(-6.278759215738,-4.810016899385));
#1365 = CARTESIAN_POINT('',(-6.276560872823,-4.805047931061));
#1366 = CARTESIAN_POINT('',(-6.274391123157,-4.797663755242));
#1367 = CARTESIAN_POINT('',(-6.27226127917,-4.78798663618));
#1368 = CARTESIAN_POINT('',(-6.270180619334,-4.776172895534));
#1369 = CARTESIAN_POINT('',(-6.268156549579,-4.762399642353));
#1370 = CARTESIAN_POINT('',(-6.264850045764,-4.73620110553));
#1371 = CARTESIAN_POINT('',(-6.263534015558,-4.724709834177));
#1372 = CARTESIAN_POINT('',(-6.262247990203,-4.712437289712));
#1373 = CARTESIAN_POINT('',(-6.260992869811,-4.699438105355));
#1374 = CARTESIAN_POINT('',(-6.259769189868,-4.685765147816));
#1375 = CARTESIAN_POINT('',(-6.258577170615,-4.671468441652));
#1376 = CARTESIAN_POINT('',(-6.257416766432,-4.65659409363));
#1377 = CARTESIAN_POINT('',(-6.254629152489,-4.618544823519));
#1378 = CARTESIAN_POINT('',(-6.253038569527,-4.594753270817));
#1379 = CARTESIAN_POINT('',(-6.25151485962,-4.569937293877));
#1380 = CARTESIAN_POINT('',(-6.250056591256,-4.544212366419));
#1381 = CARTESIAN_POINT('',(-6.248662063617,-4.517680362021));
#1382 = CARTESIAN_POINT('',(-6.247329362057,-4.490429215164));
#1383 = CARTESIAN_POINT('',(-6.246056413591,-4.462532582264));
#1384 = CARTESIAN_POINT('',(-6.243723430889,-4.407857491279));
#1385 = CARTESIAN_POINT('',(-6.242654681984,-4.38117375548));
#1386 = CARTESIAN_POINT('',(-6.24163319103,-4.354046737493));
#1387 = CARTESIAN_POINT('',(-6.240657453255,-4.326519697078));
#1388 = CARTESIAN_POINT('',(-6.239726051288,-4.298630924988));
#1389 = CARTESIAN_POINT('',(-6.238837642703,-4.270413956356));
#1390 = CARTESIAN_POINT('',(-6.23799094756,-4.241897784093));
#1391 = CARTESIAN_POINT('',(-6.236480133855,-4.187944949082));
#1392 = CARTESIAN_POINT('',(-6.235806485457,-4.162574204043));
#1393 = CARTESIAN_POINT('',(-6.235162989672,-4.137011879063));
#1394 = CARTESIAN_POINT('',(-6.23454890452,-4.111273581507));
#1395 = CARTESIAN_POINT('',(-6.233963541217,-4.085373541488));
#1396 = CARTESIAN_POINT('',(-6.233406258269,-4.05932466914));
#1397 = CARTESIAN_POINT('',(-6.232876455564,-4.033138611907));
#1398 = CARTESIAN_POINT('',(-6.230835052663,-3.926325319301));
#1399 = CARTESIAN_POINT('',(-6.22954889417,-3.84466121838));
#1400 = CARTESIAN_POINT('',(-6.228498289633,-3.762108155917));
#1401 = CARTESIAN_POINT('',(-6.227671471419,-3.678898071253));
#1402 = CARTESIAN_POINT('',(-6.227059431468,-3.595230927005));
#1403 = CARTESIAN_POINT('',(-6.226655239675,-3.511278401528));
#1404 = CARTESIAN_POINT('',(-6.226454170327,-3.427184620381));
#1405 = CARTESIAN_POINT('',(-6.226453418239,-3.229605542943));
#1406 = CARTESIAN_POINT('',(-6.226818253379,-3.116251622672));
#1407 = CARTESIAN_POINT('',(-6.227540855834,-3.003228384737));
#1408 = CARTESIAN_POINT('',(-6.228623286233,-2.890864762789));
#1409 = CARTESIAN_POINT('',(-6.2300724365,-2.779589438097));
#1410 = CARTESIAN_POINT('',(-6.231902035758,-2.669946809336));
#1411 = CARTESIAN_POINT('',(-6.234130520316,-2.562588855402));
#1412 = CARTESIAN_POINT('',(-6.237604236857,-2.426737729238));
#1413 = CARTESIAN_POINT('',(-6.238452413379,-2.395424876057));
#1414 = CARTESIAN_POINT('',(-6.239341439878,-2.364435406718));
#1415 = CARTESIAN_POINT('',(-6.240272296712,-2.333800260598));
#1416 = CARTESIAN_POINT('',(-6.241246020303,-2.303555063065));
#1417 = CARTESIAN_POINT('',(-6.2422637167,-2.273740267798));
#1418 = CARTESIAN_POINT('',(-6.243326575136,-2.244401299117));
#1419 = CARTESIAN_POINT('',(-6.245668634153,-2.183569758314));
#1420 = CARTESIAN_POINT('',(-6.246958532445,-2.152206464061));
#1421 = CARTESIAN_POINT('',(-6.248307465814,-2.121564466713));
#1422 = CARTESIAN_POINT('',(-6.249717205462,-2.091725732878));
#1423 = CARTESIAN_POINT('',(-6.25118936891,-2.062787995267));
#1424 = CARTESIAN_POINT('',(-6.252725384463,-2.034864207357));
#1425 = CARTESIAN_POINT('',(-6.25432645567,-2.008081998048));
#1426 = CARTESIAN_POINT('',(-6.257136286495,-1.965103892543));
#1427 = CARTESIAN_POINT('',(-6.258309904819,-1.948230207563));
#1428 = CARTESIAN_POINT('',(-6.259514591634,-1.932008438297));
#1429 = CARTESIAN_POINT('',(-6.260750349444,-1.916490552462));
#1430 = CARTESIAN_POINT('',(-6.262016927247,-1.901732915442));
#1431 = CARTESIAN_POINT('',(-6.263313775392,-1.887795087164));
#1432 = CARTESIAN_POINT('',(-6.264640000437,-1.874738618962));
#1433 = CARTESIAN_POINT('',(-6.267982549026,-1.844843520109));
#1434 = CARTESIAN_POINT('',(-6.270032697787,-1.829082487376));
#1435 = CARTESIAN_POINT('',(-6.272138914717,-1.815561814475));
#1436 = CARTESIAN_POINT('',(-6.274293757063,-1.804485090426));
#1437 = CARTESIAN_POINT('',(-6.276488062321,-1.796031798432));
#1438 = CARTESIAN_POINT('',(-6.278710736556,-1.790342809175));
#1439 = CARTESIAN_POINT('',(-6.280948459607,-1.7875));
#1440 = CARTESIAN_POINT('',(-6.28318530718,-1.7875));
#1441 = ( GEOMETRIC_REPRESENTATION_CONTEXT(2) 
PARAMETRIC_REPRESENTATION_CONTEXT() REPRESENTATION_CONTEXT('2D SPACE',''
  ) );
#1442 = ADVANCED_FACE('',(#1443),#136,.F.);
#1443 = FACE_BOUND('',#1444,.F.);
#1444 = EDGE_LOOP('',(#1445,#2032,#2053,#2054));
#1445 = ORIENTED_EDGE('',*,*,#1446,.F.);
#1446 = EDGE_CURVE('',#1447,#1447,#1449,.T.);
#1447 = VERTEX_POINT('',#1448);
#1448 = CARTESIAN_POINT('',(-21.5,-42.00223208354,4.023172631778));
#1449 = SURFACE_CURVE('',#1450,(#1642,#1837),.PCURVE_S1.);
#1450 = B_SPLINE_CURVE_WITH_KNOTS('',8,(#1451,#1452,#1453,#1454,#1455,
    #1456,#1457,#1458,#1459,#1460,#1461,#1462,#1463,#1464,#1465,#1466,
    #1467,#1468,#1469,#1470,#1471,#1472,#1473,#1474,#1475,#1476,#1477,
    #1478,#1479,#1480,#1481,#1482,#1483,#1484,#1485,#1486,#1487,#1488,
    #1489,#1490,#1491,#1492,#1493,#1494,#1495,#1496,#1497,#1498,#1499,
    #1500,#1501,#1502,#1503,#1504,#1505,#1506,#1507,#1508,#1509,#1510,
    #1511,#1512,#1513,#1514,#1515,#1516,#1517,#1518,#1519,#1520,#1521,
    #1522,#1523,#1524,#1525,#1526,#1527,#1528,#1529,#1530,#1531,#1532,
    #1533,#1534,#1535,#1536,#1537,#1538,#1539,#1540,#1541,#1542,#1543,
    #1544,#1545,#1546,#1547,#1548,#1549,#1550,#1551,#1552,#1553,#1554,
    #1555,#1556,#1557,#1558,#1559,#1560,#1561,#1562,#1563,#1564,#1565,
    #1566,#1567,#1568,#1569,#1570,#1571,#1572,#1573,#1574,#1575,#1576,
    #1577,#1578,#1579,#1580,#1581,#1582,#1583,#1584,#1585,#1586,#1587,
    #1588,#1589,#1590,#1591,#1592,#1593,#1594,#1595,#1596,#1597,#1598,
    #1599,#1600,#1601,#1602,#1603,#1604,#1605,#1606,#1607,#1608,#1609,
    #1610,#1611,#1612,#1613,#1614,#1615,#1616,#1617,#1618,#1619,#1620,
    #1621,#1622,#1623,#1624,#1625,#1626,#1627,#1628,#1629,#1630,#1631,
    #1632,#1633,#1634,#1635,#1636,#1637,#1638,#1639,#1640,#1641),
  .UNSPECIFIED.,.T.,.F.,(9,7,7,7,7,7,7,7,7,7,7,7,7,7,7,7,7,7,7,7,7,7,7,7
    ,7,7,7,9),(0.,9.755961746085E-02,0.119242309396,0.130659033248,
    0.15303889092,0.176202364144,0.188058878902,0.212062627039,
    0.247324735278,0.279747729447,0.307793466998,0.394438399471,
    0.481744000901,0.511565034272,0.546738261164,0.586352302772,
    0.613336077598,0.626776816154,0.652973029254,0.67071254981,
    0.679178809556,0.692629071794,0.719637743864,0.759290346697,
    0.794492576525,0.824332481247,0.911045037563,1.),.UNSPECIFIED.);
#1451 = CARTESIAN_POINT('',(-21.5,-42.00223208354,4.023172631778));
#1452 = CARTESIAN_POINT('',(-21.5,-41.81755426702,4.113588474988));
#1453 = CARTESIAN_POINT('',(-21.51417511234,-41.62933241235,
    4.202092646909));
#1454 = CARTESIAN_POINT('',(-21.54346814324,-41.43696881554,
    4.288684742885));
#1455 = CARTESIAN_POINT('',(-21.58955534599,-41.24046413542,
    4.37286433796));
#1456 = CARTESIAN_POINT('',(-21.65445468373,-41.04043176241,
    4.453719453969));
#1457 = CARTESIAN_POINT('',(-21.7407942457,-40.83815757729,
    4.529805384447));
#1458 = CARTESIAN_POINT('',(-21.85121460186,-40.63560016829,
    4.599307491967));
#1459 = CARTESIAN_POINT('',(-22.02087474421,-40.39088717463,
    4.672965365984));
#1460 = CARTESIAN_POINT('',(-22.05309513107,-40.34655201388,
    4.685888569351));
#1461 = CARTESIAN_POINT('',(-22.08671541184,-40.302425241,4.698308646949
    ));
#1462 = CARTESIAN_POINT('',(-22.121762015,-40.25856075216,4.710189826437
    ));
#1463 = CARTESIAN_POINT('',(-22.15825595307,-40.21502029677,
    4.721493904963));
#1464 = CARTESIAN_POINT('',(-22.19621101652,-40.17187304894,
    4.73218100607));
#1465 = CARTESIAN_POINT('',(-22.23563196764,-40.12919517879,
    4.742210336606));
#1466 = CARTESIAN_POINT('',(-22.29803794123,-40.06488868579,
    4.756453846699));
#1467 = CARTESIAN_POINT('',(-22.31996750767,-40.04286135688,
    4.761172969259));
#1468 = CARTESIAN_POINT('',(-22.34230019061,-40.02099977643,
    4.765692306425));
#1469 = CARTESIAN_POINT('',(-22.36503380864,-39.99931681754,
    4.770005857878));
#1470 = CARTESIAN_POINT('',(-22.38816512875,-39.97782582986,
    4.774107691289));
#1471 = CARTESIAN_POINT('',(-22.41168975298,-39.95654058238,
    4.777992005753));
#1472 = CARTESIAN_POINT('',(-22.43560200508,-39.93547520616,
    4.781653195217));
#1473 = CARTESIAN_POINT('',(-22.50751528007,-39.87380962388,
    4.791814962384));
#1474 = CARTESIAN_POINT('',(-22.55660502699,-39.8338696276,
    4.797667006556));
#1475 = CARTESIAN_POINT('',(-22.60710326536,-39.79494001804,
    4.802600355128));
#1476 = CARTESIAN_POINT('',(-22.65893489844,-39.75713406203,4.8065789158
    ));
#1477 = CARTESIAN_POINT('',(-22.71200899798,-39.72056055566,
    4.809573617974));
#1478 = CARTESIAN_POINT('',(-22.76621727696,-39.68532195646,
    4.811563837466));
#1479 = CARTESIAN_POINT('',(-22.82143256233,-39.65151251561,
    4.81253882121));
#1480 = CARTESIAN_POINT('',(-22.93554539091,-39.58578947835,
    4.81245801234));
#1481 = CARTESIAN_POINT('',(-22.99451773789,-39.55397592184,
    4.811329898343));
#1482 = CARTESIAN_POINT('',(-23.05426061678,-39.52387009307,
    4.809114837438));
#1483 = CARTESIAN_POINT('',(-23.11461264541,-39.49553994078,
    4.80582585315));
#1484 = CARTESIAN_POINT('',(-23.1754157563,-39.46902980865,
    4.801487174107));
#1485 = CARTESIAN_POINT('',(-23.23651620184,-39.44436323404,
    4.79613248308));
#1486 = CARTESIAN_POINT('',(-23.29776555934,-39.42154574673,
    4.78980316602));
#1487 = CARTESIAN_POINT('',(-23.39037647974,-39.38982977422,
    4.778832176703));
#1488 = CARTESIAN_POINT('',(-23.42173559845,-39.37957290079,
    4.774874544447));
#1489 = CARTESIAN_POINT('',(-23.45308158927,-39.36979529771,
    4.770679786898));
#1490 = CARTESIAN_POINT('',(-23.48439808203,-39.36049404576,4.7662542938
    ));
#1491 = CARTESIAN_POINT('',(-23.51566982763,-39.35166520635,
    4.761604647915));
#1492 = CARTESIAN_POINT('',(-23.54688268633,-39.34330397167,
    4.756737550865));
#1493 = CARTESIAN_POINT('',(-23.57802361598,-39.33540481501,
    4.751659748988));
#1494 = CARTESIAN_POINT('',(-23.67195625949,-39.31289278822,
    4.735684871456));
#1495 = CARTESIAN_POINT('',(-23.73448486207,-39.29969375072,
    4.724156174764));
#1496 = CARTESIAN_POINT('',(-23.79657198844,-39.28831192642,
    4.711847262813));
#1497 = CARTESIAN_POINT('',(-23.85813883521,-39.2786870697,
    4.698812800804));
#1498 = CARTESIAN_POINT('',(-23.91912142501,-39.27075386343,
    4.68510565652));
#1499 = CARTESIAN_POINT('',(-23.97946975627,-39.26444449115,
    4.670775831401));
#1500 = CARTESIAN_POINT('',(-24.03914695296,-39.25969120911,
    4.655869391632));
#1501 = CARTESIAN_POINT('',(-24.18477366116,-39.25163653158,
    4.617742724966));
#1502 = CARTESIAN_POINT('',(-24.26990047168,-39.25006231825,
    4.593906950852));
#1503 = CARTESIAN_POINT('',(-24.35344315235,-39.25149610609,
    4.569048670167));
#1504 = CARTESIAN_POINT('',(-24.43535730424,-39.25574085468,
    4.543283198758));
#1505 = CARTESIAN_POINT('',(-24.51561869057,-39.26261407856,
    4.516712246809));
#1506 = CARTESIAN_POINT('',(-24.59422210433,-39.2719492703,
    4.489423590601));
#1507 = CARTESIAN_POINT('',(-24.67118023571,-39.28359732355,
    4.461490744282));
#1508 = CARTESIAN_POINT('',(-24.81579868916,-39.31014502106,
    4.406750643019));
#1509 = CARTESIAN_POINT('',(-24.88369780912,-39.32470529606,
    4.38003800965));
#1510 = CARTESIAN_POINT('',(-24.95023679251,-39.34100591076,
    4.352883070143));
#1511 = CARTESIAN_POINT('',(-25.01543257128,-39.35895382298,
    4.325328991646));
#1512 = CARTESIAN_POINT('',(-25.07930258295,-39.37846519227,
    4.297413983314));
#1513 = CARTESIAN_POINT('',(-25.14186523736,-39.39946475353,
    4.269171509794));
#1514 = CARTESIAN_POINT('',(-25.20314038328,-39.42188519058,
    4.240630504708));
#1515 = CARTESIAN_POINT('',(-25.31505761704,-39.46623723904,
    4.186890813295));
#1516 = CARTESIAN_POINT('',(-25.36601615807,-39.48782537922,
    4.161762139689));
#1517 = CARTESIAN_POINT('',(-25.41603812637,-39.51039173182,
    4.136446059944));
#1518 = CARTESIAN_POINT('',(-25.46513514634,-39.53390033697,
    4.110957694457));
#1519 = CARTESIAN_POINT('',(-25.51331793885,-39.55831826771,
    4.085310841826));
#1520 = CARTESIAN_POINT('',(-25.56059652158,-39.58361542439,
    4.059518033281));
#1521 = CARTESIAN_POINT('',(-25.60698040926,-39.60976432906,
    4.03359058711));
#1522 = CARTESIAN_POINT('',(-25.79304228439,-39.72007872451,
    3.927053448734));
#1523 = CARTESIAN_POINT('',(-25.92511471248,-39.81128443711,
    3.845402776785));
#1524 = CARTESIAN_POINT('',(-26.04901694074,-39.90963933375,
    3.762861632598));
#1525 = CARTESIAN_POINT('',(-26.16490411726,-40.01459834408,
    3.679662186784));
#1526 = CARTESIAN_POINT('',(-26.27284813519,-40.12572136682,
    3.59600455592));
#1527 = CARTESIAN_POINT('',(-26.37286261078,-40.24265293959,
    3.512060503328));
#1528 = CARTESIAN_POINT('',(-26.46489715678,-40.36512564837,
    3.427974170145));
#1529 = CARTESIAN_POINT('',(-26.63339823138,-40.62177644266,
    3.259112341776));
#1530 = CARTESIAN_POINT('',(-26.70969795193,-40.75597163301,
    3.174379280821));
#1531 = CARTESIAN_POINT('',(-26.77760941165,-40.89535557942,
    3.089789251089));
#1532 = CARTESIAN_POINT('',(-26.83689357555,-41.03975732707,
    3.005486895095));
#1533 = CARTESIAN_POINT('',(-26.88720474043,-41.18901637569,
    2.921638051947));
#1534 = CARTESIAN_POINT('',(-26.92809801889,-41.34297641603,2.8384300785
    ));
#1535 = CARTESIAN_POINT('',(-26.9590080163,-41.50149239346,
    2.756073728856));
#1536 = CARTESIAN_POINT('',(-26.9860665603,-41.72012260162,
    2.647051204623));
#1537 = CARTESIAN_POINT('',(-26.99170208064,-41.7763012156,
    2.619423312699));
#1538 = CARTESIAN_POINT('',(-26.99605373341,-41.83298793171,
    2.591935652103));
#1539 = CARTESIAN_POINT('',(-26.99908890801,-41.89017547873,
    2.564599776985));
#1540 = CARTESIAN_POINT('',(-27.00077230466,-41.94785550747,
    2.537428391328));
#1541 = CARTESIAN_POINT('',(-27.00106571003,-42.00601862842,
    2.510435382041));
#1542 = CARTESIAN_POINT('',(-26.99992777287,-42.06465444951,
    2.483635852055));
#1543 = CARTESIAN_POINT('',(-26.99423063439,-42.19345536748,
    2.425684211927));
#1544 = CARTESIAN_POINT('',(-26.98909427951,-42.26379762216,2.3946156441
    ));
#1545 = CARTESIAN_POINT('',(-26.98183103802,-42.33476191507,
    2.363866357515));
#1546 = CARTESIAN_POINT('',(-26.9723608915,-42.40632549922,
    2.333466674899));
#1547 = CARTESIAN_POINT('',(-26.96059686747,-42.47845932026,
    2.303451471069));
#1548 = CARTESIAN_POINT('',(-26.94644442667,-42.5511279933,
    2.273860309883));
#1549 = CARTESIAN_POINT('',(-26.9298008505,-42.6242897798,2.244737581194
    ));
#1550 = CARTESIAN_POINT('',(-26.88887846388,-42.78079661333,
    2.183916161864));
#1551 = CARTESIAN_POINT('',(-26.86390475604,-42.86424641152,
    2.152362189812));
#1552 = CARTESIAN_POINT('',(-26.83547265849,-42.94818664382,
    2.121537348743));
#1553 = CARTESIAN_POINT('',(-26.8034100099,-43.03252694331,
    2.091524980967));
#1554 = CARTESIAN_POINT('',(-26.76753627654,-43.11714529136,
    2.062424579853));
#1555 = CARTESIAN_POINT('',(-26.72766549511,-43.20188741761,
    2.03435122567));
#1556 = CARTESIAN_POINT('',(-26.68360921542,-43.28656619996,
    2.007435021427));
#1557 = CARTESIAN_POINT('',(-26.60219068432,-43.42844805485,
    1.964372783542));
#1558 = CARTESIAN_POINT('',(-26.56717709477,-43.48579516707,
    1.947531557764));
#1559 = CARTESIAN_POINT('',(-26.53008279203,-43.54292910427,
    1.931343268812));
#1560 = CARTESIAN_POINT('',(-26.49085628685,-43.59976140536,
    1.915859923415));
#1561 = CARTESIAN_POINT('',(-26.44945390621,-43.65618919847,
    1.901137908103));
#1562 = CARTESIAN_POINT('',(-26.40584321616,-43.7120959542,1.88723677971
    ));
#1563 = CARTESIAN_POINT('',(-26.36000644477,-43.76735223894,
    1.874218055876));
#1564 = CARTESIAN_POINT('',(-26.28800373961,-43.84894534355,
    1.856129867246));
#1565 = CARTESIAN_POINT('',(-26.26351199252,-43.87587702748,
    1.850350247367));
#1566 = CARTESIAN_POINT('',(-26.23846929023,-43.90259356638,
    1.844812896122));
#1567 = CARTESIAN_POINT('',(-26.21287756966,-43.92907618836,
    1.839525591575));
#1568 = CARTESIAN_POINT('',(-26.18674025656,-43.9553053943,
    1.834496054187));
#1569 = CARTESIAN_POINT('',(-26.16006244393,-43.98126104892,
    1.829731861354));
#1570 = CARTESIAN_POINT('',(-26.13285107046,-44.0069224719,
    1.825240361954));
#1571 = CARTESIAN_POINT('',(-26.05105724966,-44.08166839693,
    1.812819782113));
#1572 = CARTESIAN_POINT('',(-25.99499685472,-44.12987903989,
    1.805672173172));
#1573 = CARTESIAN_POINT('',(-25.93701084247,-44.1767332861,
    1.799639909855));
#1574 = CARTESIAN_POINT('',(-25.87719714577,-44.2220678098,
    1.794770078115));
#1575 = CARTESIAN_POINT('',(-25.81567708419,-44.26572618449,
    1.791100759441));
#1576 = CARTESIAN_POINT('',(-25.75259774618,-44.30756193619,
    1.788659086237));
#1577 = CARTESIAN_POINT('',(-25.68813437128,-44.34744159671,
    1.787459297206));
#1578 = CARTESIAN_POINT('',(-25.57804160493,-44.4108492878,
    1.787528892617));
#1579 = CARTESIAN_POINT('',(-25.53304463389,-44.43550322941,
    1.788126177019));
#1580 = CARTESIAN_POINT('',(-25.48756339273,-44.45917416606,
    1.789292585405));
#1581 = CARTESIAN_POINT('',(-25.44165996414,-44.48183326802,
    1.79102502499));
#1582 = CARTESIAN_POINT('',(-25.39539674071,-44.50345790877,
    1.793317589486));
#1583 = CARTESIAN_POINT('',(-25.34883622563,-44.52403128213,
    1.796161777866));
#1584 = CARTESIAN_POINT('',(-25.30204083341,-44.54354201954,
    1.799546713115));
#1585 = CARTESIAN_POINT('',(-25.23265694973,-44.57078522676,
    1.805326688417));
#1586 = CARTESIAN_POINT('',(-25.21020141089,-44.57934332891,
    1.807314258954));
#1587 = CARTESIAN_POINT('',(-25.18771258586,-44.58765755205,
    1.809420662616));
#1588 = CARTESIAN_POINT('',(-25.16519682097,-44.59572760064,
    1.811644414339));
#1589 = CARTESIAN_POINT('',(-25.14266029715,-44.60355344508,
    1.813983953982));
#1590 = CARTESIAN_POINT('',(-25.12010902989,-44.61113532178,
    1.816437646328));
#1591 = CARTESIAN_POINT('',(-25.09754886929,-44.61847373311,
    1.819003781082));
#1592 = CARTESIAN_POINT('',(-25.03913930075,-44.63684233784,
    1.825933165236));
#1593 = CARTESIAN_POINT('',(-25.00328489232,-44.647502654,1.830465087195
    ));
#1594 = CARTESIAN_POINT('',(-24.96744498251,-44.65755335394,
    1.835269255993));
#1595 = CARTESIAN_POINT('',(-24.93164086553,-44.66699891,1.840338282161)
  );
#1596 = CARTESIAN_POINT('',(-24.89589243316,-44.67584510876,
    1.845664554763));
#1597 = CARTESIAN_POINT('',(-24.86021818597,-44.68409885096,
    1.851240326646));
#1598 = CARTESIAN_POINT('',(-24.82463524447,-44.69176795142,
    1.857057799678));
#1599 = CARTESIAN_POINT('',(-24.71792234612,-44.71310394577,
    1.875260687362));
#1600 = CARTESIAN_POINT('',(-24.64712072106,-44.7250230324,
    1.888354888001));
#1601 = CARTESIAN_POINT('',(-24.57687642696,-44.73468952159,
    1.902329402385));
#1602 = CARTESIAN_POINT('',(-24.50729188367,-44.74218412908,
    1.917122646101));
#1603 = CARTESIAN_POINT('',(-24.43845105176,-44.74759364992,
    1.932675056629));
#1604 = CARTESIAN_POINT('',(-24.37042049525,-44.75100764459,
    1.948930290109));
#1605 = CARTESIAN_POINT('',(-24.30325044431,-44.75251512525,
    1.965836418113));
#1606 = CARTESIAN_POINT('',(-24.1396752636,-44.75174041606,
    2.009055351762));
#1607 = CARTESIAN_POINT('',(-24.04432477486,-44.74735431372,
    2.036061213222));
#1608 = CARTESIAN_POINT('',(-23.95101981884,-44.73931633779,
    2.064220420326));
#1609 = CARTESIAN_POINT('',(-23.85982693164,-44.72788330717,
    2.093403175472));
#1610 = CARTESIAN_POINT('',(-23.77078571709,-44.71329327421,
    2.12349471551));
#1611 = CARTESIAN_POINT('',(-23.68391080534,-44.69576334234,
    2.154395855338));
#1612 = CARTESIAN_POINT('',(-23.59919381152,-44.67548748355,
    2.186023531504));
#1613 = CARTESIAN_POINT('',(-23.44328602244,-44.63234612788,
    2.246975367268));
#1614 = CARTESIAN_POINT('',(-23.37165576447,-44.61002990551,
    2.276155157452));
#1615 = CARTESIAN_POINT('',(-23.30170017107,-44.58580605356,
    2.305801546074));
#1616 = CARTESIAN_POINT('',(-23.23340382497,-44.55978414243,
    2.335870307191));
#1617 = CARTESIAN_POINT('',(-23.16674995031,-44.53206349356,
    2.366322021903));
#1618 = CARTESIAN_POINT('',(-23.10172012194,-44.50273372478,
    2.397121941066));
#1619 = CARTESIAN_POINT('',(-23.03829397477,-44.47187529563,
    2.428239848005));
#1620 = CARTESIAN_POINT('',(-22.9240246561,-44.41216736266,
    2.486275325281));
#1621 = CARTESIAN_POINT('',(-22.87273860727,-44.38372892782,
    2.513109616656));
#1622 = CARTESIAN_POINT('',(-22.82257823761,-44.3542890067,
    2.540136507319));
#1623 = CARTESIAN_POINT('',(-22.77353187201,-44.32388847438,
    2.567340951386));
#1624 = CARTESIAN_POINT('',(-22.72558854452,-44.29256499746,
    2.594709112226));
#1625 = CARTESIAN_POINT('',(-22.67873785362,-44.26035320902,
    2.622228329558));
#1626 = CARTESIAN_POINT('',(-22.63296981738,-44.22728488354,
    2.649887086547));
#1627 = CARTESIAN_POINT('',(-22.45839410666,-44.09489050628,
    2.75842453122));
#1628 = CARTESIAN_POINT('',(-22.33760658327,-43.98942930389,
    2.840244261138));
#1629 = CARTESIAN_POINT('',(-22.22563333556,-43.87769682415,
    2.922899977304));
#1630 = CARTESIAN_POINT('',(-22.12232109399,-43.76024237616,
    3.006185660351));
#1631 = CARTESIAN_POINT('',(-22.02758484691,-43.63751928733,
    3.089917983309));
#1632 = CARTESIAN_POINT('',(-21.94139164881,-43.50989931135,
    3.173934498762));
#1633 = CARTESIAN_POINT('',(-21.86376931341,-43.37766951297,
    3.25809331451));
#1634 = CARTESIAN_POINT('',(-21.72409528417,-43.10084830227,3.4286277302
    ));
#1635 = CARTESIAN_POINT('',(-21.66253610313,-42.95610105092,
    3.514957951236));
#1636 = CARTESIAN_POINT('',(-21.61024025245,-42.80699288326,
    3.601136845216));
#1637 = CARTESIAN_POINT('',(-21.56743226158,-42.65371357194,
    3.687009111624));
#1638 = CARTESIAN_POINT('',(-21.53445830558,-42.4964414339,
    3.772387794086));
#1639 = CARTESIAN_POINT('',(-21.51177816258,-42.33534754508,
    3.857053573836));
#1640 = CARTESIAN_POINT('',(-21.5,-42.17058254442,3.940750448313));
#1641 = CARTESIAN_POINT('',(-21.5,-42.00223208354,4.023172631778));
#1642 = PCURVE('',#136,#1643);
#1643 = DEFINITIONAL_REPRESENTATION('',(#1644),#1836);
#1644 = B_SPLINE_CURVE_WITH_KNOTS('',8,(#1645,#1646,#1647,#1648,#1649,
    #1650,#1651,#1652,#1653,#1654,#1655,#1656,#1657,#1658,#1659,#1660,
    #1661,#1662,#1663,#1664,#1665,#1666,#1667,#1668,#1669,#1670,#1671,
    #1672,#1673,#1674,#1675,#1676,#1677,#1678,#1679,#1680,#1681,#1682,
    #1683,#1684,#1685,#1686,#1687,#1688,#1689,#1690,#1691,#1692,#1693,
    #1694,#1695,#1696,#1697,#1698,#1699,#1700,#1701,#1702,#1703,#1704,
    #1705,#1706,#1707,#1708,#1709,#1710,#1711,#1712,#1713,#1714,#1715,
    #1716,#1717,#1718,#1719,#1720,#1721,#1722,#1723,#1724,#1725,#1726,
    #1727,#1728,#1729,#1730,#1731,#1732,#1733,#1734,#1735,#1736,#1737,
    #1738,#1739,#1740,#1741,#1742,#1743,#1744,#1745,#1746,#1747,#1748,
    #1749,#1750,#1751,#1752,#1753,#1754,#1755,#1756,#1757,#1758,#1759,
    #1760,#1761,#1762,#1763,#1764,#1765,#1766,#1767,#1768,#1769,#1770,
    #1771,#1772,#1773,#1774,#1775,#1776,#1777,#1778,#1779,#1780,#1781,
    #1782,#1783,#1784,#1785,#1786,#1787,#1788,#1789,#1790,#1791,#1792,
    #1793,#1794,#1795,#1796,#1797,#1798,#1799,#1800,#1801,#1802,#1803,
    #1804,#1805,#1806,#1807,#1808,#1809,#1810,#1811,#1812,#1813,#1814,
    #1815,#1816,#1817,#1818,#1819,#1820,#1821,#1822,#1823,#1824,#1825,
    #1826,#1827,#1828,#1829,#1830,#1831,#1832,#1833,#1834,#1835),
  .UNSPECIFIED.,.F.,.F.,(9,7,7,7,7,7,7,7,7,7,7,7,7,7,7,7,7,7,7,7,7,7,7,7
    ,7,7,7,9),(0.,9.755961746085E-02,0.119242309396,0.130659033248,
    0.15303889092,0.176202364144,0.188058878902,0.212062627039,
    0.247324735278,0.279747729447,0.307793466998,0.394438399471,
    0.481744000901,0.511565034272,0.546738261164,0.586352302772,
    0.613336077598,0.626776816154,0.652973029254,0.67071254981,
    0.679178809556,0.692629071794,0.719637743864,0.759290346697,
    0.794492576525,0.824332481247,0.911045037563,1.),.UNSPECIFIED.);
#1645 = CARTESIAN_POINT('',(0.,20.023172631778));
#1646 = CARTESIAN_POINT('',(6.715556964423E-02,20.113588474988));
#1647 = CARTESIAN_POINT('',(0.135600359915,20.202092646908));
#1648 = CARTESIAN_POINT('',(0.206009612047,20.288684742886));
#1649 = CARTESIAN_POINT('',(0.278932027262,20.372864337959));
#1650 = CARTESIAN_POINT('',(0.354821695098,20.45371945397));
#1651 = CARTESIAN_POINT('',(0.434215073036,20.529805384446));
#1652 = CARTESIAN_POINT('',(0.517625190506,20.599307491967));
#1653 = CARTESIAN_POINT('',(0.625906436283,20.672965365984));
#1654 = CARTESIAN_POINT('',(0.645831193126,20.685888569351));
#1655 = CARTESIAN_POINT('',(0.665995299108,20.698308646949));
#1656 = CARTESIAN_POINT('',(0.686400969798,20.710189826437));
#1657 = CARTESIAN_POINT('',(0.707048211428,20.721493904963));
#1658 = CARTESIAN_POINT('',(0.727934550719,20.73218100607));
#1659 = CARTESIAN_POINT('',(0.7490547647,20.742210336606));
#1660 = CARTESIAN_POINT('',(0.781639972686,20.756453846699));
#1661 = CARTESIAN_POINT('',(0.792941704535,20.761172969259));
#1662 = CARTESIAN_POINT('',(0.804304431695,20.765692306425));
#1663 = CARTESIAN_POINT('',(0.815726508966,20.770005857878));
#1664 = CARTESIAN_POINT('',(0.82720599678,20.774107691289));
#1665 = CARTESIAN_POINT('',(0.838740637638,20.777992005753));
#1666 = CARTESIAN_POINT('',(0.850327832557,20.781653195217));
#1667 = CARTESIAN_POINT('',(0.884775854309,20.791814962384));
#1668 = CARTESIAN_POINT('',(0.90778098125,20.797667006556));
#1669 = CARTESIAN_POINT('',(0.930953745991,20.802600355128));
#1670 = CARTESIAN_POINT('',(0.954266081943,20.8065789158));
#1671 = CARTESIAN_POINT('',(0.977687460122,20.809573617974));
#1672 = CARTESIAN_POINT('',(1.001184240995,20.811563837466));
#1673 = CARTESIAN_POINT('',(1.024719026332,20.81253882121));
#1674 = CARTESIAN_POINT('',(1.072604917247,20.81245801234));
#1675 = CARTESIAN_POINT('',(1.09696135176,20.811329898343));
#1676 = CARTESIAN_POINT('',(1.121272780842,20.809114837438));
#1677 = CARTESIAN_POINT('',(1.145497916495,20.80582585315));
#1678 = CARTESIAN_POINT('',(1.169599945001,20.801487174107));
#1679 = CARTESIAN_POINT('',(1.193545755447,20.79613248308));
#1680 = CARTESIAN_POINT('',(1.217305168248,20.78980316602));
#1681 = CARTESIAN_POINT('',(1.252901965372,20.778832176703));
#1682 = CARTESIAN_POINT('',(1.264898599588,20.774874544447));
#1683 = CARTESIAN_POINT('',(1.276836921999,20.770679786898));
#1684 = CARTESIAN_POINT('',(1.288714206743,20.7662542938));
#1685 = CARTESIAN_POINT('',(1.300528118783,20.761604647915));
#1686 = CARTESIAN_POINT('',(1.312276686268,20.756737550865));
#1687 = CARTESIAN_POINT('',(1.323958272884,20.751659748988));
#1688 = CARTESIAN_POINT('',(1.359082859394,20.735684871456));
#1689 = CARTESIAN_POINT('',(1.382312966364,20.724156174764));
#1690 = CARTESIAN_POINT('',(1.405252823577,20.711847262813));
#1691 = CARTESIAN_POINT('',(1.427897396342,20.698812800804));
#1692 = CARTESIAN_POINT('',(1.450245298281,20.68510565652));
#1693 = CARTESIAN_POINT('',(1.472298426787,20.670775831401));
#1694 = CARTESIAN_POINT('',(1.494061598477,20.655869391632));
#1695 = CARTESIAN_POINT('',(1.547097704651,20.617742724966));
#1696 = CARTESIAN_POINT('',(1.578037294727,20.593906950852));
#1697 = CARTESIAN_POINT('',(1.608389153674,20.569048670167));
#1698 = CARTESIAN_POINT('',(1.638181202926,20.543283198758));
#1699 = CARTESIAN_POINT('',(1.667441901323,20.516712246809));
#1700 = CARTESIAN_POINT('',(1.696201059878,20.489423590601));
#1701 = CARTESIAN_POINT('',(1.724490656547,20.461490744282));
#1702 = CARTESIAN_POINT('',(1.777957912083,20.406750643019));
#1703 = CARTESIAN_POINT('',(1.803198705195,20.38003800965));
#1704 = CARTESIAN_POINT('',(1.828092842686,20.352883070143));
#1705 = CARTESIAN_POINT('',(1.852662827774,20.325328991646));
#1706 = CARTESIAN_POINT('',(1.876929438373,20.297413983314));
#1707 = CARTESIAN_POINT('',(1.900912310921,20.269171509794));
#1708 = CARTESIAN_POINT('',(1.924630524202,20.240630504708));
#1709 = CARTESIAN_POINT('',(1.968406922863,20.186890813295));
#1710 = CARTESIAN_POINT('',(1.988526052046,20.161762139689));
#1711 = CARTESIAN_POINT('',(2.00847235737,20.136446059944));
#1712 = CARTESIAN_POINT('',(2.028256748464,20.110957694457));
#1713 = CARTESIAN_POINT('',(2.047889427463,20.085310841826));
#1714 = CARTESIAN_POINT('',(2.067380058528,20.059518033281));
#1715 = CARTESIAN_POINT('',(2.086737937366,20.03359058711));
#1716 = CARTESIAN_POINT('',(2.16539466597,19.927053448734));
#1717 = CARTESIAN_POINT('',(2.223620209344,19.845402776785));
#1718 = CARTESIAN_POINT('',(2.280935511469,19.762861632598));
#1719 = CARTESIAN_POINT('',(2.337554477578,19.679662186784));
#1720 = CARTESIAN_POINT('',(2.393661330518,19.59600455592));
#1721 = CARTESIAN_POINT('',(2.44942828665,19.512060503328));
#1722 = CARTESIAN_POINT('',(2.505024727022,19.427974170145));
#1723 = CARTESIAN_POINT('',(2.616668933056,19.259112341776));
#1724 = CARTESIAN_POINT('',(2.672688516713,19.174379280821));
#1725 = CARTESIAN_POINT('',(2.728879569644,19.089789251089));
#1726 = CARTESIAN_POINT('',(2.785409405916,19.005486895095));
#1727 = CARTESIAN_POINT('',(2.842443759232,18.921638051947));
#1728 = CARTESIAN_POINT('',(2.900156092034,18.8384300785));
#1729 = CARTESIAN_POINT('',(2.958742405597,18.756073728856));
#1730 = CARTESIAN_POINT('',(3.038850871508,18.647051204623));
#1731 = CARTESIAN_POINT('',(3.05937647564,18.619423312699));
#1732 = CARTESIAN_POINT('',(3.080041044683,18.591935652103));
#1733 = CARTESIAN_POINT('',(3.100854103869,18.564599776985));
#1734 = CARTESIAN_POINT('',(3.121825486385,18.537428391328));
#1735 = CARTESIAN_POINT('',(3.142965497284,18.510435382041));
#1736 = CARTESIAN_POINT('',(3.164285077409,18.483635852055));
#1737 = CARTESIAN_POINT('',(3.211167570018,18.425684211927));
#1738 = CARTESIAN_POINT('',(3.23680409116,18.3946156441));
#1739 = CARTESIAN_POINT('',(3.262725710404,18.363866357515));
#1740 = CARTESIAN_POINT('',(3.288952463871,18.333466674899));
#1741 = CARTESIAN_POINT('',(3.315504849118,18.303451471069));
#1742 = CARTESIAN_POINT('',(3.342404430118,18.273860309883));
#1743 = CARTESIAN_POINT('',(3.369674442243,18.244737581194));
#1744 = CARTESIAN_POINT('',(3.428499332313,18.183916161864));
#1745 = CARTESIAN_POINT('',(3.460154995629,18.152362189812));
#1746 = CARTESIAN_POINT('',(3.492347454579,18.121537348743));
#1747 = CARTESIAN_POINT('',(3.525113013217,18.091524980967));
#1748 = CARTESIAN_POINT('',(3.55848527781,18.062424579853));
#1749 = CARTESIAN_POINT('',(3.592496222377,18.03435122567));
#1750 = CARTESIAN_POINT('',(3.627177254241,18.007435021427));
#1751 = CARTESIAN_POINT('',(3.686662026043,17.964372783542));
#1752 = CARTESIAN_POINT('',(3.711086178355,17.947531557764));
#1753 = CARTESIAN_POINT('',(3.735840910004,17.931343268812));
#1754 = CARTESIAN_POINT('',(3.760931478498,17.915859923415));
#1755 = CARTESIAN_POINT('',(3.786359821056,17.901137908103));
#1756 = CARTESIAN_POINT('',(3.812124150316,17.88723677971));
#1757 = CARTESIAN_POINT('',(3.838218550045,17.874218055876));
#1758 = CARTESIAN_POINT('',(3.877789512385,17.856129867246));
#1759 = CARTESIAN_POINT('',(3.891025404682,17.850350247367));
#1760 = CARTESIAN_POINT('',(3.904338666831,17.844812896122));
#1761 = CARTESIAN_POINT('',(3.917727364119,17.839525591575));
#1762 = CARTESIAN_POINT('',(3.931189173176,17.834496054187));
#1763 = CARTESIAN_POINT('',(3.94472134713,17.829731861354));
#1764 = CARTESIAN_POINT('',(3.958320680747,17.825240361954));
#1765 = CARTESIAN_POINT('',(3.998612479933,17.812819782113));
#1766 = CARTESIAN_POINT('',(4.025487392606,17.805672173172));
#1767 = CARTESIAN_POINT('',(4.052575083886,17.799639909855));
#1768 = CARTESIAN_POINT('',(4.079840382519,17.794770078115));
#1769 = CARTESIAN_POINT('',(4.107245002379,17.791100759441));
#1770 = CARTESIAN_POINT('',(4.134746469117,17.788659086237));
#1771 = CARTESIAN_POINT('',(4.162297046815,17.787459297206));
#1772 = CARTESIAN_POINT('',(4.208495973484,17.787528892617));
#1773 = CARTESIAN_POINT('',(4.227149302657,17.788126177019));
#1774 = CARTESIAN_POINT('',(4.24578672989,17.789292585405));
#1775 = CARTESIAN_POINT('',(4.264393335997,17.79102502499));
#1776 = CARTESIAN_POINT('',(4.28295504827,17.793317589486));
#1777 = CARTESIAN_POINT('',(4.301458483879,17.796161777866));
#1778 = CARTESIAN_POINT('',(4.319890793267,17.799546713115));
#1779 = CARTESIAN_POINT('',(4.346996501619,17.805326688417));
#1780 = CARTESIAN_POINT('',(4.355734630583,17.807314258954));
#1781 = CARTESIAN_POINT('',(4.364452640097,17.809420662616));
#1782 = CARTESIAN_POINT('',(4.373149347243,17.811644414339));
#1783 = CARTESIAN_POINT('',(4.381823636528,17.813983953982));
#1784 = CARTESIAN_POINT('',(4.390474459885,17.816437646328));
#1785 = CARTESIAN_POINT('',(4.399100836674,17.819003781082));
#1786 = CARTESIAN_POINT('',(4.42136620343,17.825933165236));
#1787 = CARTESIAN_POINT('',(4.43496657407,17.830465087195));
#1788 = CARTESIAN_POINT('',(4.44849930439,17.835269255993));
#1789 = CARTESIAN_POINT('',(4.461961225973,17.840338282161));
#1790 = CARTESIAN_POINT('',(4.475349628446,17.845664554763));
#1791 = CARTESIAN_POINT('',(4.488662224731,17.851240326646));
#1792 = CARTESIAN_POINT('',(4.501897116301,17.857057799678));
#1793 = CARTESIAN_POINT('',(4.541469821359,17.875260687362));
#1794 = CARTESIAN_POINT('',(4.56756590875,17.888354888001));
#1795 = CARTESIAN_POINT('',(4.593330861122,17.902329402385));
#1796 = CARTESIAN_POINT('',(4.618759008868,17.917122646101));
#1797 = CARTESIAN_POINT('',(4.643848774798,17.932675056629));
#1798 = CARTESIAN_POINT('',(4.668602276696,17.948930290109));
#1799 = CARTESIAN_POINT('',(4.693024929872,17.965836418113));
#1800 = CARTESIAN_POINT('',(4.752507480873,18.009055351762));
#1801 = CARTESIAN_POINT('',(4.787187566159,18.036061213222));
#1802 = CARTESIAN_POINT('',(4.821197575411,18.064220420326));
#1803 = CARTESIAN_POINT('',(4.854569185068,18.093403175472));
#1804 = CARTESIAN_POINT('',(4.887334559322,18.12349471551));
#1805 = CARTESIAN_POINT('',(4.919527431264,18.154395855338));
#1806 = CARTESIAN_POINT('',(4.951184184046,18.186023531504));
#1807 = CARTESIAN_POINT('',(5.010008382431,18.246975367268));
#1808 = CARTESIAN_POINT('',(5.037276586115,18.276155157452));
#1809 = CARTESIAN_POINT('',(5.064175071856,18.305801546074));
#1810 = CARTESIAN_POINT('',(5.090727086259,18.335870307191));
#1811 = CARTESIAN_POINT('',(5.116954198673,18.366322021903));
#1812 = CARTESIAN_POINT('',(5.142876906112,18.397121941066));
#1813 = CARTESIAN_POINT('',(5.168515238174,18.428239848005));
#1814 = CARTESIAN_POINT('',(5.21539826751,18.486275325281));
#1815 = CARTESIAN_POINT('',(5.236716451251,18.513109616656));
#1816 = CARTESIAN_POINT('',(5.257855641616,18.540136507319));
#1817 = CARTESIAN_POINT('',(5.278826768958,18.567340951386));
#1818 = CARTESIAN_POINT('',(5.299640129052,18.594709112226));
#1819 = CARTESIAN_POINT('',(5.320305546581,18.622228329558));
#1820 = CARTESIAN_POINT('',(5.340832538633,18.649887086547));
#1821 = CARTESIAN_POINT('',(5.420505382003,18.75842453122));
#1822 = CARTESIAN_POINT('',(5.478675585347,18.840244261138));
#1823 = CARTESIAN_POINT('',(5.535987156017,18.922899977304));
#1824 = CARTESIAN_POINT('',(5.592632006066,19.006185660351));
#1825 = CARTESIAN_POINT('',(5.648780157122,19.089917983309));
#1826 = CARTESIAN_POINT('',(5.704594076043,19.173934498762));
#1827 = CARTESIAN_POINT('',(5.76023774544,19.25809331451));
#1828 = CARTESIAN_POINT('',(5.872987782519,19.4286277302));
#1829 = CARTESIAN_POINT('',(5.930063962156,19.514957951236));
#1830 = CARTESIAN_POINT('',(5.987322461789,19.601136845216));
#1831 = CARTESIAN_POINT('',(6.044946721979,19.687009111624));
#1832 = CARTESIAN_POINT('',(6.10312339771,19.772387794086));
#1833 = CARTESIAN_POINT('',(6.16205236195,19.857053573836));
#1834 = CARTESIAN_POINT('',(6.221966957769,19.940750448313));
#1835 = CARTESIAN_POINT('',(6.28318530718,20.023172631778));
#1836 = ( GEOMETRIC_REPRESENTATION_CONTEXT(2) 
PARAMETRIC_REPRESENTATION_CONTEXT() REPRESENTATION_CONTEXT('2D SPACE',''
  ) );
#1837 = PCURVE('',#283,#1838);
#1838 = DEFINITIONAL_REPRESENTATION('',(#1839),#2031);
#1839 = B_SPLINE_CURVE_WITH_KNOTS('',8,(#1840,#1841,#1842,#1843,#1844,
    #1845,#1846,#1847,#1848,#1849,#1850,#1851,#1852,#1853,#1854,#1855,
    #1856,#1857,#1858,#1859,#1860,#1861,#1862,#1863,#1864,#1865,#1866,
    #1867,#1868,#1869,#1870,#1871,#1872,#1873,#1874,#1875,#1876,#1877,
    #1878,#1879,#1880,#1881,#1882,#1883,#1884,#1885,#1886,#1887,#1888,
    #1889,#1890,#1891,#1892,#1893,#1894,#1895,#1896,#1897,#1898,#1899,
    #1900,#1901,#1902,#1903,#1904,#1905,#1906,#1907,#1908,#1909,#1910,
    #1911,#1912,#1913,#1914,#1915,#1916,#1917,#1918,#1919,#1920,#1921,
    #1922,#1923,#1924,#1925,#1926,#1927,#1928,#1929,#1930,#1931,#1932,
    #1933,#1934,#1935,#1936,#1937,#1938,#1939,#1940,#1941,#1942,#1943,
    #1944,#1945,#1946,#1947,#1948,#1949,#1950,#1951,#1952,#1953,#1954,
    #1955,#1956,#1957,#1958,#1959,#1960,#1961,#1962,#1963,#1964,#1965,
    #1966,#1967,#1968,#1969,#1970,#1971,#1972,#1973,#1974,#1975,#1976,
    #1977,#1978,#1979,#1980,#1981,#1982,#1983,#1984,#1985,#1986,#1987,
    #1988,#1989,#1990,#1991,#1992,#1993,#1994,#1995,#1996,#1997,#1998,
    #1999,#2000,#2001,#2002,#2003,#2004,#2005,#2006,#2007,#2008,#2009,
    #2010,#2011,#2012,#2013,#2014,#2015,#2016,#2017,#2018,#2019,#2020,
    #2021,#2022,#2023,#2024,#2025,#2026,#2027,#2028,#2029,#2030),
  .UNSPECIFIED.,.T.,.F.,(9,7,7,7,7,7,7,7,7,7,7,7,7,7,7,7,7,7,7,7,7,7,7,7
    ,7,7,7,9),(0.,9.755961746085E-02,0.119242309396,0.130659033248,
    0.15303889092,0.176202364144,0.188058878902,0.212062627039,
    0.247324735278,0.279747729447,0.307793466998,0.394438399471,
    0.481744000901,0.511565034272,0.546738261164,0.586352302772,
    0.613336077598,0.626776816154,0.652973029254,0.67071254981,
    0.679178809556,0.692629071794,0.719637743864,0.759290346697,
    0.794492576525,0.824332481247,0.911045037563,1.),.UNSPECIFIED.);
#1840 = CARTESIAN_POINT('',(-4.239284537684,-4.023172631778));
#1841 = CARTESIAN_POINT('',(-4.237501162648,-4.113588474988));
#1842 = CARTESIAN_POINT('',(-4.23540194591,-4.202092646909));
#1843 = CARTESIAN_POINT('',(-4.232959442862,-4.288684742885));
#1844 = CARTESIAN_POINT('',(-4.230137792416,-4.37286433796));
#1845 = CARTESIAN_POINT('',(-4.22690033435,-4.453719453969));
#1846 = CARTESIAN_POINT('',(-4.223205933211,-4.529805384447));
#1847 = CARTESIAN_POINT('',(-4.21902170292,-4.599307491967));
#1848 = CARTESIAN_POINT('',(-4.213243535947,-4.672965365984));
#1849 = CARTESIAN_POINT('',(-4.212167123928,-4.685888569351));
#1850 = CARTESIAN_POINT('',(-4.21106490746,-4.698308646949));
#1851 = CARTESIAN_POINT('',(-4.209936977092,-4.710189826437));
#1852 = CARTESIAN_POINT('',(-4.208783624799,-4.721493904963));
#1853 = CARTESIAN_POINT('',(-4.207605376524,-4.73218100607));
#1854 = CARTESIAN_POINT('',(-4.206403024715,-4.742210336606));
#1855 = CARTESIAN_POINT('',(-4.20453246234,-4.756453846699));
#1856 = CARTESIAN_POINT('',(-4.203880894391,-4.761172969259));
#1857 = CARTESIAN_POINT('',(-4.203223125824,-4.765692306425));
#1858 = CARTESIAN_POINT('',(-4.202559350752,-4.770005857878));
#1859 = CARTESIAN_POINT('',(-4.201889790135,-4.774107691289));
#1860 = CARTESIAN_POINT('',(-4.201214693323,-4.777992005753));
#1861 = CARTESIAN_POINT('',(-4.200534339608,-4.781653195217));
#1862 = CARTESIAN_POINT('',(-4.198505667244,-4.791814962384));
#1863 = CARTESIAN_POINT('',(-4.197143094665,-4.797667006556));
#1864 = CARTESIAN_POINT('',(-4.195763880472,-4.802600355128));
#1865 = CARTESIAN_POINT('',(-4.194370856405,-4.8065789158));
#1866 = CARTESIAN_POINT('',(-4.192967128938,-4.809573617974));
#1867 = CARTESIAN_POINT('',(-4.191556080724,-4.811563837466));
#1868 = CARTESIAN_POINT('',(-4.190141372031,-4.81253882121));
#1869 = CARTESIAN_POINT('',(-4.187262987039,-4.81245801234));
#1870 = CARTESIAN_POINT('',(-4.185798987333,-4.811329898343));
#1871 = CARTESIAN_POINT('',(-4.184339323311,-4.809114837438));
#1872 = CARTESIAN_POINT('',(-4.182888038869,-4.80582585315));
#1873 = CARTESIAN_POINT('',(-4.181448845056,-4.801487174107));
#1874 = CARTESIAN_POINT('',(-4.180025123586,-4.79613248308));
#1875 = CARTESIAN_POINT('',(-4.178619930336,-4.78980316602));
#1876 = CARTESIAN_POINT('',(-4.176527616142,-4.778832176703));
#1877 = CARTESIAN_POINT('',(-4.175824745509,-4.774874544447));
#1878 = CARTESIAN_POINT('',(-4.175127719784,-4.770679786898));
#1879 = CARTESIAN_POINT('',(-4.17443683545,-4.7662542938));
#1880 = CARTESIAN_POINT('',(-4.173752354551,-4.761604647915));
#1881 = CARTESIAN_POINT('',(-4.173074506609,-4.756737550865));
#1882 = CARTESIAN_POINT('',(-4.172403490535,-4.751659748988));
#1883 = CARTESIAN_POINT('',(-4.170395167102,-4.735684871456));
#1884 = CARTESIAN_POINT('',(-4.16907962615,-4.724156174764));
#1885 = CARTESIAN_POINT('',(-4.16779415573,-4.711847262813));
#1886 = CARTESIAN_POINT('',(-4.166539645325,-4.698812800804));
#1887 = CARTESIAN_POINT('',(-4.165316621132,-4.68510565652));
#1888 = CARTESIAN_POINT('',(-4.164125295338,-4.670775831401));
#1889 = CARTESIAN_POINT('',(-4.162965615405,-4.655869391632));
#1890 = CARTESIAN_POINT('',(-4.160179809308,-4.617742724966));
#1891 = CARTESIAN_POINT('',(-4.15859034208,-4.593906950852));
#1892 = CARTESIAN_POINT('',(-4.15706778842,-4.569048670167));
#1893 = CARTESIAN_POINT('',(-4.155610704546,-4.543283198758));
#1894 = CARTESIAN_POINT('',(-4.154217380937,-4.516712246809));
#1895 = CARTESIAN_POINT('',(-4.152885897152,-4.489423590601));
#1896 = CARTESIAN_POINT('',(-4.151614176639,-4.461490744282));
#1897 = CARTESIAN_POINT('',(-4.14928366205,-4.406750643019));
#1898 = CARTESIAN_POINT('',(-4.148216143287,-4.38003800965));
#1899 = CARTESIAN_POINT('',(-4.147195879515,-4.352883070143));
#1900 = CARTESIAN_POINT('',(-4.14622136539,-4.325328991646));
#1901 = CARTESIAN_POINT('',(-4.145291183442,-4.297413983315));
#1902 = CARTESIAN_POINT('',(-4.144403991551,-4.269171509794));
#1903 = CARTESIAN_POINT('',(-4.14355851042,-4.240630504708));
#1904 = CARTESIAN_POINT('',(-4.142057190377,-4.186890813295));
#1905 = CARTESIAN_POINT('',(-4.141391189563,-4.161762139689));
#1906 = CARTESIAN_POINT('',(-4.140754732606,-4.136446059944));
#1907 = CARTESIAN_POINT('',(-4.140147100198,-4.110957694457));
#1908 = CARTESIAN_POINT('',(-4.139567624106,-4.085310841826));
#1909 = CARTESIAN_POINT('',(-4.139015681546,-4.059518033281));
#1910 = CARTESIAN_POINT('',(-4.138490689567,-4.03359058711));
#1911 = CARTESIAN_POINT('',(-4.136451747389,-3.927053448734));
#1912 = CARTESIAN_POINT('',(-4.135163821423,-3.845402776785));
#1913 = CARTESIAN_POINT('',(-4.134111499103,-3.762861632598));
#1914 = CARTESIAN_POINT('',(-4.133282998765,-3.679662186784));
#1915 = CARTESIAN_POINT('',(-4.13266929965,-3.59600455592));
#1916 = CARTESIAN_POINT('',(-4.132263459454,-3.512060503328));
#1917 = CARTESIAN_POINT('',(-4.132060740862,-3.427974170145));
#1918 = CARTESIAN_POINT('',(-4.132056761296,-3.259112341776));
#1919 = CARTESIAN_POINT('',(-4.132258575456,-3.174379280821));
#1920 = CARTESIAN_POINT('',(-4.132661441978,-3.089789251089));
#1921 = CARTESIAN_POINT('',(-4.133265017948,-3.005486895095));
#1922 = CARTESIAN_POINT('',(-4.134070925241,-2.921638051947));
#1923 = CARTESIAN_POINT('',(-4.135082541688,-2.8384300785));
#1924 = CARTESIAN_POINT('',(-4.136305439466,-2.756073728856));
#1925 = CARTESIAN_POINT('',(-4.138241910605,-2.647051204623));
#1926 = CARTESIAN_POINT('',(-4.138760632565,-2.619423312699));
#1927 = CARTESIAN_POINT('',(-4.139305388659,-2.591935652103));
#1928 = CARTESIAN_POINT('',(-4.139876556184,-2.564599776985));
#1929 = CARTESIAN_POINT('',(-4.140474546749,-2.537428391328));
#1930 = CARTESIAN_POINT('',(-4.141099810804,-2.510435382041));
#1931 = CARTESIAN_POINT('',(-4.141752842175,-2.483635852055));
#1932 = CARTESIAN_POINT('',(-4.143237808029,-2.425684211927));
#1933 = CARTESIAN_POINT('',(-4.144080776443,-2.3946156441));
#1934 = CARTESIAN_POINT('',(-4.144964006212,-2.363866357515));
#1935 = CARTESIAN_POINT('',(-4.145888457101,-2.333466674899));
#1936 = CARTESIAN_POINT('',(-4.146855143327,-2.303451471069));
#1937 = CARTESIAN_POINT('',(-4.147865146625,-2.273860309883));
#1938 = CARTESIAN_POINT('',(-4.148919629316,-2.244737581194));
#1939 = CARTESIAN_POINT('',(-4.151258974051,-2.183916161864));
#1940 = CARTESIAN_POINT('',(-4.152555894468,-2.152362189812));
#1941 = CARTESIAN_POINT('',(-4.153912533157,-2.121537348743));
#1942 = CARTESIAN_POINT('',(-4.15533069378,-2.091524980967));
#1943 = CARTESIAN_POINT('',(-4.15681202236,-2.062424579853));
#1944 = CARTESIAN_POINT('',(-4.158357970516,-2.03435122567));
#1945 = CARTESIAN_POINT('',(-4.159969758698,-2.007435021427));
#1946 = CARTESIAN_POINT('',(-4.162791733092,-1.964372783542));
#1947 = CARTESIAN_POINT('',(-4.163965960497,-1.947531557764));
#1948 = CARTESIAN_POINT('',(-4.165171227513,-1.931343268812));
#1949 = CARTESIAN_POINT('',(-4.166407530832,-1.915859923415));
#1950 = CARTESIAN_POINT('',(-4.167674612703,-1.901137908103));
#1951 = CARTESIAN_POINT('',(-4.168971915678,-1.88723677971));
#1952 = CARTESIAN_POINT('',(-4.170298537353,-1.874218055876));
#1953 = CARTESIAN_POINT('',(-4.172327941197,-1.856129867246));
#1954 = CARTESIAN_POINT('',(-4.173009633036,-1.850350247367));
#1955 = CARTESIAN_POINT('',(-4.173698086314,-1.844812896122));
#1956 = CARTESIAN_POINT('',(-4.174393098693,-1.839525591575));
#1957 = CARTESIAN_POINT('',(-4.175094437726,-1.834496054187));
#1958 = CARTESIAN_POINT('',(-4.17580183878,-1.829731861354));
#1959 = CARTESIAN_POINT('',(-4.176515002955,-1.825240361954));
#1960 = CARTESIAN_POINT('',(-4.178634142342,-1.812819782113));
#1961 = CARTESIAN_POINT('',(-4.180055560428,-1.805672173172));
#1962 = CARTESIAN_POINT('',(-4.181495079665,-1.799639909855));
#1963 = CARTESIAN_POINT('',(-4.182949651861,-1.794770078115));
#1964 = CARTESIAN_POINT('',(-4.184415930997,-1.791100759441));
#1965 = CARTESIAN_POINT('',(-4.185890253977,-1.788659086237));
#1966 = CARTESIAN_POINT('',(-4.187368621383,-1.787459297206));
#1967 = CARTESIAN_POINT('',(-4.18984758702,-1.787528892617));
#1968 = CARTESIAN_POINT('',(-4.190848478161,-1.788126177019));
#1969 = CARTESIAN_POINT('',(-4.191848048215,-1.789292585405));
#1970 = CARTESIAN_POINT('',(-4.192845049044,-1.79102502499));
#1971 = CARTESIAN_POINT('',(-4.193838285943,-1.793317589486));
#1972 = CARTESIAN_POINT('',(-4.194826615771,-1.796161777866));
#1973 = CARTESIAN_POINT('',(-4.195808945082,-1.799546713115));
#1974 = CARTESIAN_POINT('',(-4.197249686196,-1.805326688417));
#1975 = CARTESIAN_POINT('',(-4.1977135484,-1.807314258954));
#1976 = CARTESIAN_POINT('',(-4.198175706572,-1.809420662616));
#1977 = CARTESIAN_POINT('',(-4.198636057475,-1.811644414339));
#1978 = CARTESIAN_POINT('',(-4.199094502926,-1.813983953982));
#1979 = CARTESIAN_POINT('',(-4.199550949804,-1.816437646328));
#1980 = CARTESIAN_POINT('',(-4.200005310043,-1.819003781082));
#1981 = CARTESIAN_POINT('',(-4.201175891308,-1.825933165236));
#1982 = CARTESIAN_POINT('',(-4.201888807546,-1.830465087195));
#1983 = CARTESIAN_POINT('',(-4.202595916724,-1.835269255993));
#1984 = CARTESIAN_POINT('',(-4.20329692258,-1.840338282161));
#1985 = CARTESIAN_POINT('',(-4.203991563127,-1.845664554763));
#1986 = CARTESIAN_POINT('',(-4.20467960856,-1.851240326646));
#1987 = CARTESIAN_POINT('',(-4.20536085917,-1.857057799678));
#1988 = CARTESIAN_POINT('',(-4.207389133027,-1.875260687362));
#1989 = CARTESIAN_POINT('',(-4.208714959964,-1.888354888001));
#1990 = CARTESIAN_POINT('',(-4.210011351922,-1.902329402385));
#1991 = CARTESIAN_POINT('',(-4.211277424413,-1.917122646101));
#1992 = CARTESIAN_POINT('',(-4.212512635573,-1.932675056629));
#1993 = CARTESIAN_POINT('',(-4.213716741135,-1.948930290109));
#1994 = CARTESIAN_POINT('',(-4.214889749401,-1.965836418113));
#1995 = CARTESIAN_POINT('',(-4.217708682122,-2.009055351762));
#1996 = CARTESIAN_POINT('',(-4.219318585957,-2.036061213222));
#1997 = CARTESIAN_POINT('',(-4.220862567578,-2.064220420326));
#1998 = CARTESIAN_POINT('',(-4.222341867614,-2.093403175472));
#1999 = CARTESIAN_POINT('',(-4.223757951801,-2.12349471551));
#2000 = CARTESIAN_POINT('',(-4.22511247533,-2.154395855338));
#2001 = CARTESIAN_POINT('',(-4.226407247189,-2.186023531504));
#2002 = CARTESIAN_POINT('',(-4.228742314198,-2.246975367268));
#2003 = CARTESIAN_POINT('',(-4.229794688474,-2.276155157452));
#2004 = CARTESIAN_POINT('',(-4.230802574501,-2.305801546074));
#2005 = CARTESIAN_POINT('',(-4.231767134977,-2.335870307191));
#2006 = CARTESIAN_POINT('',(-4.232689451286,-2.366322021903));
#2007 = CARTESIAN_POINT('',(-4.233570536642,-2.397121941066));
#2008 = CARTESIAN_POINT('',(-4.234411349236,-2.428239848005));
#2009 = CARTESIAN_POINT('',(-4.235892176416,-2.486275325281));
#2010 = CARTESIAN_POINT('',(-4.236543239784,-2.513109616656));
#2011 = CARTESIAN_POINT('',(-4.23716653575,-2.540136507319));
#2012 = CARTESIAN_POINT('',(-4.237762556645,-2.567340951386));
#2013 = CARTESIAN_POINT('',(-4.238331751386,-2.594709112226));
#2014 = CARTESIAN_POINT('',(-4.238874530001,-2.622228329558));
#2015 = CARTESIAN_POINT('',(-4.239391268148,-2.649887086547));
#2016 = CARTESIAN_POINT('',(-4.241309247683,-2.75842453122));
#2017 = CARTESIAN_POINT('',(-4.24251884732,-2.840244261138));
#2018 = CARTESIAN_POINT('',(-4.243520109004,-2.922899977304));
#2019 = CARTESIAN_POINT('',(-4.244318466487,-3.006185660351));
#2020 = CARTESIAN_POINT('',(-4.244917216665,-3.089917983309));
#2021 = CARTESIAN_POINT('',(-4.245317942305,-3.173934498762));
#2022 = CARTESIAN_POINT('',(-4.245520314161,-3.25809331451));
#2023 = CARTESIAN_POINT('',(-4.245523034558,-3.4286277302));
#2024 = CARTESIAN_POINT('',(-4.245312852808,-3.514957951236));
#2025 = CARTESIAN_POINT('',(-4.244888574541,-3.601136845216));
#2026 = CARTESIAN_POINT('',(-4.244245032141,-3.687009111624));
#2027 = CARTESIAN_POINT('',(-4.243374591484,-3.772387794086));
#2028 = CARTESIAN_POINT('',(-4.242267328848,-3.857053573836));
#2029 = CARTESIAN_POINT('',(-4.24091024463,-3.940750448313));
#2030 = CARTESIAN_POINT('',(-4.239284537684,-4.023172631778));
#2031 = ( GEOMETRIC_REPRESENTATION_CONTEXT(2) 
PARAMETRIC_REPRESENTATION_CONTEXT() REPRESENTATION_CONTEXT('2D SPACE',''
  ) );
#2032 = ORIENTED_EDGE('',*,*,#2033,.F.);
#2033 = EDGE_CURVE('',#120,#1447,#2034,.T.);
#2034 = SEAM_CURVE('',#2035,(#2039,#2046),.PCURVE_S1.);
#2035 = LINE('',#2036,#2037);
#2036 = CARTESIAN_POINT('',(-21.5,-42.00223208354,-16.));
#2037 = VECTOR('',#2038,1.);
#2038 = DIRECTION('',(0.,0.,1.));
#2039 = PCURVE('',#136,#2040);
#2040 = DEFINITIONAL_REPRESENTATION('',(#2041),#2045);
#2041 = LINE('',#2042,#2043);
#2042 = CARTESIAN_POINT('',(6.28318530718,-0.));
#2043 = VECTOR('',#2044,1.);
#2044 = DIRECTION('',(0.,1.));
#2045 = ( GEOMETRIC_REPRESENTATION_CONTEXT(2) 
PARAMETRIC_REPRESENTATION_CONTEXT() REPRESENTATION_CONTEXT('2D SPACE',''
  ) );
#2046 = PCURVE('',#136,#2047);
#2047 = DEFINITIONAL_REPRESENTATION('',(#2048),#2052);
#2048 = LINE('',#2049,#2050);
#2049 = CARTESIAN_POINT('',(0.,-0.));
#2050 = VECTOR('',#2051,1.);
#2051 = DIRECTION('',(0.,1.));
#2052 = ( GEOMETRIC_REPRESENTATION_CONTEXT(2) 
PARAMETRIC_REPRESENTATION_CONTEXT() REPRESENTATION_CONTEXT('2D SPACE',''
  ) );
#2053 = ORIENTED_EDGE('',*,*,#119,.T.);
#2054 = ORIENTED_EDGE('',*,*,#2033,.T.);
#2055 = ADVANCED_FACE('',(#2056),#167,.F.);
#2056 = FACE_BOUND('',#2057,.F.);
#2057 = EDGE_LOOP('',(#2058,#2666,#2687,#2688));
#2058 = ORIENTED_EDGE('',*,*,#2059,.F.);
#2059 = EDGE_CURVE('',#2060,#2060,#2062,.T.);
#2060 = VERTEX_POINT('',#2061);
#2061 = CARTESIAN_POINT('',(27.,42.002232083545,2.512494310424));
#2062 = SURFACE_CURVE('',#2063,(#2262,#2464),.PCURVE_S1.);
#2063 = B_SPLINE_CURVE_WITH_KNOTS('',8,(#2064,#2065,#2066,#2067,#2068,
    #2069,#2070,#2071,#2072,#2073,#2074,#2075,#2076,#2077,#2078,#2079,
    #2080,#2081,#2082,#2083,#2084,#2085,#2086,#2087,#2088,#2089,#2090,
    #2091,#2092,#2093,#2094,#2095,#2096,#2097,#2098,#2099,#2100,#2101,
    #2102,#2103,#2104,#2105,#2106,#2107,#2108,#2109,#2110,#2111,#2112,
    #2113,#2114,#2115,#2116,#2117,#2118,#2119,#2120,#2121,#2122,#2123,
    #2124,#2125,#2126,#2127,#2128,#2129,#2130,#2131,#2132,#2133,#2134,
    #2135,#2136,#2137,#2138,#2139,#2140,#2141,#2142,#2143,#2144,#2145,
    #2146,#2147,#2148,#2149,#2150,#2151,#2152,#2153,#2154,#2155,#2156,
    #2157,#2158,#2159,#2160,#2161,#2162,#2163,#2164,#2165,#2166,#2167,
    #2168,#2169,#2170,#2171,#2172,#2173,#2174,#2175,#2176,#2177,#2178,
    #2179,#2180,#2181,#2182,#2183,#2184,#2185,#2186,#2187,#2188,#2189,
    #2190,#2191,#2192,#2193,#2194,#2195,#2196,#2197,#2198,#2199,#2200,
    #2201,#2202,#2203,#2204,#2205,#2206,#2207,#2208,#2209,#2210,#2211,
    #2212,#2213,#2214,#2215,#2216,#2217,#2218,#2219,#2220,#2221,#2222,
    #2223,#2224,#2225,#2226,#2227,#2228,#2229,#2230,#2231,#2232,#2233,
    #2234,#2235,#2236,#2237,#2238,#2239,#2240,#2241,#2242,#2243,#2244,
    #2245,#2246,#2247,#2248,#2249,#2250,#2251,#2252,#2253,#2254,#2255,
    #2256,#2257,#2258,#2259,#2260,#2261),.UNSPECIFIED.,.T.,.F.,(9,7,7,7,
    7,7,7,7,7,7,7,7,7,7,7,7,7,7,7,7,7,7,7,7,7,7,7,7,9),(0.,
    8.915530951908E-02,0.112397249047,0.124578606899,0.149226265718,
    0.166966751094,0.175433471304,0.188884465077,0.215894606099,
    0.255549365564,0.290753509976,0.320595037635,0.407312310087,
    0.49454788408,0.522573984794,0.554967293593,0.590191108647,
    0.614170007798,0.626017030565,0.649172473738,0.66502664892,
    0.672337138367,0.684193539218,0.708197056749,0.74345882622,
    0.775881508897,0.803926977009,0.890571077072,1.),.UNSPECIFIED.);
#2064 = CARTESIAN_POINT('',(27.,42.002232083545,2.512494310424));
#2065 = CARTESIAN_POINT('',(27.,42.176346276329,2.431939447472));
#2066 = CARTESIAN_POINT('',(26.987400900971,42.354333509445,
    2.353228141066));
#2067 = CARTESIAN_POINT('',(26.961224407918,42.536413132332,
    2.276498620167));
#2068 = CARTESIAN_POINT('',(26.920037785459,42.722355498004,
    2.202216196704));
#2069 = CARTESIAN_POINT('',(26.862145731149,42.911445173862,
    2.131130251058));
#2070 = CARTESIAN_POINT('',(26.785572162798,43.102434455775,
    2.064293315013));
#2071 = CARTESIAN_POINT('',(26.688289981866,43.293524769221,
    2.003005889595));
#2072 = CARTESIAN_POINT('',(26.536269896532,43.53157219523,
    1.934876704682));
#2073 = CARTESIAN_POINT('',(26.503276030579,43.580603011159,
    1.921292470192));
#2074 = CARTESIAN_POINT('',(26.468692272474,43.629383176068,
    1.908245098155));
#2075 = CARTESIAN_POINT('',(26.432491439251,43.677846807966,
    1.895770496568));
#2076 = CARTESIAN_POINT('',(26.394652439761,43.725919772418,
    1.883906669565));
#2077 = CARTESIAN_POINT('',(26.355162219807,43.773520216088,
    1.872692985138));
#2078 = CARTESIAN_POINT('',(26.314017707286,43.82055910029,
    1.862169442866));
#2079 = CARTESIAN_POINT('',(26.248801070757,43.891249862583,
    1.847243059201));
#2080 = CARTESIAN_POINT('',(26.225922688744,43.915378164157,
    1.842310766171));
#2081 = CARTESIAN_POINT('',(26.202594195525,43.939311635096,
    1.837584829975));
#2082 = CARTESIAN_POINT('',(26.1788181436,43.963035777214,1.833070989764
    ));
#2083 = CARTESIAN_POINT('',(26.154598163777,43.986535659277,
    1.828774901602));
#2084 = CARTESIAN_POINT('',(26.129939075212,44.009795977996,
    1.824702083655));
#2085 = CARTESIAN_POINT('',(26.104846995447,44.032801119022,
    1.820857861385));
#2086 = CARTESIAN_POINT('',(26.027697460781,44.101535205816,
    1.809941758438));
#2087 = CARTESIAN_POINT('',(25.974316067044,44.146432070464,
    1.803591891338));
#2088 = CARTESIAN_POINT('',(25.919255698701,44.19008641084,
    1.798241261598));
#2089 = CARTESIAN_POINT('',(25.862603436873,44.232362874936,
    1.793927383255));
#2090 = CARTESIAN_POINT('',(25.804464672323,44.273132358211,
    1.79068034837));
#2091 = CARTESIAN_POINT('',(25.744964763444,44.312274202037,
    1.788521441185));
#2092 = CARTESIAN_POINT('',(25.684250694234,44.349678392126,
    1.787461752281));
#2093 = CARTESIAN_POINT('',(25.578041604934,44.410849287807,
    1.787528892617));
#2094 = CARTESIAN_POINT('',(25.533044633898,44.435503229413,
    1.788126177019));
#2095 = CARTESIAN_POINT('',(25.487563392733,44.459174166062,
    1.789292585405));
#2096 = CARTESIAN_POINT('',(25.441659964146,44.481833268027,
    1.79102502499));
#2097 = CARTESIAN_POINT('',(25.395396740718,44.50345790877,
    1.793317589486));
#2098 = CARTESIAN_POINT('',(25.348836225634,44.524031282137,
    1.796161777866));
#2099 = CARTESIAN_POINT('',(25.302040833414,44.543542019542,
    1.799546713115));
#2100 = CARTESIAN_POINT('',(25.232656949739,44.570785226768,
    1.805326688417));
#2101 = CARTESIAN_POINT('',(25.210201410896,44.579343328914,
    1.807314258954));
#2102 = CARTESIAN_POINT('',(25.187712585862,44.587657552059,
    1.809420662616));
#2103 = CARTESIAN_POINT('',(25.165196820974,44.595727600644,
    1.811644414339));
#2104 = CARTESIAN_POINT('',(25.14266029715,44.603553445088,
    1.813983953982));
#2105 = CARTESIAN_POINT('',(25.120109029894,44.611135321787,
    1.816437646328));
#2106 = CARTESIAN_POINT('',(25.097548869291,44.618473733118,
    1.819003781082));
#2107 = CARTESIAN_POINT('',(25.039139300759,44.636842337844,
    1.825933165236));
#2108 = CARTESIAN_POINT('',(25.003284892329,44.647502654005,
    1.830465087195));
#2109 = CARTESIAN_POINT('',(24.967444982519,44.657553353945,
    1.835269255993));
#2110 = CARTESIAN_POINT('',(24.931640865534,44.666998910006,
    1.840338282161));
#2111 = CARTESIAN_POINT('',(24.895892433166,44.675845108765,
    1.845664554763));
#2112 = CARTESIAN_POINT('',(24.860218185977,44.684098850961,
    1.851240326646));
#2113 = CARTESIAN_POINT('',(24.824635244478,44.691767951429,
    1.857057799678));
#2114 = CARTESIAN_POINT('',(24.717922346128,44.713103945774,
    1.875260687362));
#2115 = CARTESIAN_POINT('',(24.647120721063,44.725023032408,
    1.888354888001));
#2116 = CARTESIAN_POINT('',(24.576876426965,44.734689521592,
    1.902329402385));
#2117 = CARTESIAN_POINT('',(24.507291883678,44.742184129085,
    1.917122646101));
#2118 = CARTESIAN_POINT('',(24.438451051769,44.74759364992,
    1.932675056629));
#2119 = CARTESIAN_POINT('',(24.370420495252,44.751007644594,
    1.948930290109));
#2120 = CARTESIAN_POINT('',(24.303250444313,44.75251512525,
    1.965836418113));
#2121 = CARTESIAN_POINT('',(24.1396752636,44.751740416062,2.009055351762
    ));
#2122 = CARTESIAN_POINT('',(24.04432477487,44.747354313723,
    2.036061213221));
#2123 = CARTESIAN_POINT('',(23.951019818849,44.739316337797,
    2.064220420326));
#2124 = CARTESIAN_POINT('',(23.859826931647,44.727883307171,
    2.093403175472));
#2125 = CARTESIAN_POINT('',(23.770785717094,44.713293274218,
    2.123494715509));
#2126 = CARTESIAN_POINT('',(23.68391080535,44.695763342346,
    2.154395855338));
#2127 = CARTESIAN_POINT('',(23.59919381152,44.675487483551,
    2.186023531504));
#2128 = CARTESIAN_POINT('',(23.443286022448,44.632346127886,
    2.246975367268));
#2129 = CARTESIAN_POINT('',(23.371655764479,44.610029905519,
    2.276155157451));
#2130 = CARTESIAN_POINT('',(23.301700171073,44.585806053564,
    2.305801546073));
#2131 = CARTESIAN_POINT('',(23.233403824976,44.55978414243,
    2.335870307191));
#2132 = CARTESIAN_POINT('',(23.166749950315,44.532063493563,
    2.366322021903));
#2133 = CARTESIAN_POINT('',(23.101720121941,44.502733724785,
    2.397121941065));
#2134 = CARTESIAN_POINT('',(23.038293974778,44.471875295633,
    2.428239848005));
#2135 = CARTESIAN_POINT('',(22.9240246561,44.412167362669,2.486275325281
    ));
#2136 = CARTESIAN_POINT('',(22.872738607272,44.383728927829,
    2.513109616656));
#2137 = CARTESIAN_POINT('',(22.822578237616,44.354289006704,
    2.540136507319));
#2138 = CARTESIAN_POINT('',(22.773531872014,44.323888474382,
    2.567340951386));
#2139 = CARTESIAN_POINT('',(22.725588544528,44.292564997464,
    2.594709112226));
#2140 = CARTESIAN_POINT('',(22.678737853621,44.260353209021,
    2.622228329558));
#2141 = CARTESIAN_POINT('',(22.632969817386,44.227284883547,
    2.649887086547));
#2142 = CARTESIAN_POINT('',(22.458394106665,44.094890506288,
    2.758424531219));
#2143 = CARTESIAN_POINT('',(22.337606583271,43.989429303897,
    2.840244261138));
#2144 = CARTESIAN_POINT('',(22.225633335561,43.877696824154,
    2.922899977304));
#2145 = CARTESIAN_POINT('',(22.122321093995,43.760242376163,
    3.006185660351));
#2146 = CARTESIAN_POINT('',(22.027584846911,43.637519287332,
    3.089917983308));
#2147 = CARTESIAN_POINT('',(21.941391648812,43.509899311351,
    3.173934498762));
#2148 = CARTESIAN_POINT('',(21.863769313417,43.377669512972,
    3.258093314509));
#2149 = CARTESIAN_POINT('',(21.725466149847,43.103565233231,
    3.426953977555));
#2150 = CARTESIAN_POINT('',(21.66492437319,42.961707374418,
    3.511613241083));
#2151 = CARTESIAN_POINT('',(21.613288957567,42.815651494,3.596129546252)
  );
#2152 = CARTESIAN_POINT('',(21.570769987459,42.665578451065,
    3.68035602597));
#2153 = CARTESIAN_POINT('',(21.537688915497,42.5116575189,3.764117332552
    ));
#2154 = CARTESIAN_POINT('',(21.514472244741,42.354049865288,
    3.847208908781));
#2155 = CARTESIAN_POINT('',(21.501682684028,42.192896687564,
    3.929393151974));
#2156 = CARTESIAN_POINT('',(21.49962240521,41.975393832453,
    4.036409350888));
#2157 = CARTESIAN_POINT('',(21.5002806026,41.922155026157,4.062305386901
    ));
#2158 = CARTESIAN_POINT('',(21.502124371194,41.868568218852,
    4.088066065076));
#2159 = CARTESIAN_POINT('',(21.505182371752,41.814638930521,
    4.113680023157));
#2160 = CARTESIAN_POINT('',(21.509485791777,41.760373568221,
    4.139134678516));
#2161 = CARTESIAN_POINT('',(21.515068624489,41.705779355579,
    4.164416173401));
#2162 = CARTESIAN_POINT('',(21.521967947811,41.650864262286,
    4.189509320179));
#2163 = CARTESIAN_POINT('',(21.539767001972,41.531803725735,
    4.243164017231));
#2164 = CARTESIAN_POINT('',(21.551122019658,41.467556556105,
    4.271655323871));
#2165 = CARTESIAN_POINT('',(21.564352255752,41.402906668514,
    4.299846754362));
#2166 = CARTESIAN_POINT('',(21.579526096442,41.337870663653,
    4.327709256424));
#2167 = CARTESIAN_POINT('',(21.596718086058,41.272470410322,
    4.355209224352));
#2168 = CARTESIAN_POINT('',(21.61600969838,41.206732956666,
    4.382308285708));
#2169 = CARTESIAN_POINT('',(21.637490107935,41.1406904414,4.408963088028
    ));
#2170 = CARTESIAN_POINT('',(21.687100546855,41.002275405883,
    4.46357310133));
#2171 = CARTESIAN_POINT('',(21.715643225121,40.929866453702,
    4.491433489468));
#2172 = CARTESIAN_POINT('',(21.74701262506,40.857193185949,
    4.518647094821));
#2173 = CARTESIAN_POINT('',(21.781344223047,40.784319715638,
    4.54514011864));
#2174 = CARTESIAN_POINT('',(21.818779476966,40.711334498276,
    4.570824468295));
#2175 = CARTESIAN_POINT('',(21.859463960304,40.638350598808,
    4.595598107026));
#2176 = CARTESIAN_POINT('',(21.903545496251,40.565505958543,
    4.619345403688));
#2177 = CARTESIAN_POINT('',(21.983594620988,40.443579902616,
    4.657317224282));
#2178 = CARTESIAN_POINT('',(22.017655755211,40.39434294276,
    4.672159461436));
#2179 = CARTESIAN_POINT('',(22.053399424054,40.345307037759,
    4.686423029513));
#2180 = CARTESIAN_POINT('',(22.090865417452,40.296538407131,
    4.700061781483));
#2181 = CARTESIAN_POINT('',(22.130086912537,40.248114671031,
    4.713025670109));
#2182 = CARTESIAN_POINT('',(22.171087800478,40.200124286596,
    4.725261830328));
#2183 = CARTESIAN_POINT('',(22.213880013332,40.152665984295,
    4.736715661622));
#2184 = CARTESIAN_POINT('',(22.280486474094,40.082717396544,
    4.752576977733));
#2185 = CARTESIAN_POINT('',(22.302948121814,40.059743492865,
    4.75761748218));
#2186 = CARTESIAN_POINT('',(22.325844972357,40.036939940488,
    4.762446720144));
#2187 = CARTESIAN_POINT('',(22.349175162145,40.014320834345,
    4.767057964819));
#2188 = CARTESIAN_POINT('',(22.372935650088,39.991900851468,
    4.771444540561));
#2189 = CARTESIAN_POINT('',(22.397122081945,39.969695185426,
    4.77559989725));
#2190 = CARTESIAN_POINT('',(22.421728654693,39.947719480747,
    4.779517684674));
#2191 = CARTESIAN_POINT('',(22.495649177209,39.883518240631,
    4.790373073451));
#2192 = CARTESIAN_POINT('',(22.546135206784,39.841979596988,
    4.79662466851));
#2193 = CARTESIAN_POINT('',(22.598142124248,39.801501929022,
    4.80189955439));
#2194 = CARTESIAN_POINT('',(22.651589698412,39.762210908212,
    4.806156764805));
#2195 = CARTESIAN_POINT('',(22.70637954322,39.724227542472,
    4.809363146061));
#2196 = CARTESIAN_POINT('',(22.762393248688,39.687665933711,
    4.811495078256));
#2197 = CARTESIAN_POINT('',(22.819490511854,39.652631035395,
    4.812540196471));
#2198 = CARTESIAN_POINT('',(22.91723044659,39.596337931,4.812470982047)
  );
#2199 = CARTESIAN_POINT('',(22.957389304054,39.574216311387,
    4.81193366715));
#2200 = CARTESIAN_POINT('',(22.997933094588,39.552880729633,
    4.810887227673));
#2201 = CARTESIAN_POINT('',(23.038810863822,39.53235512894,
    4.809334490203));
#2202 = CARTESIAN_POINT('',(23.079971597843,39.512658529535,
    4.807280841206));
#2203 = CARTESIAN_POINT('',(23.1213643725,39.493805340854,4.804734020714
    ));
#2204 = CARTESIAN_POINT('',(23.162938502707,39.475805673728,
    4.801703916006));
#2205 = CARTESIAN_POINT('',(23.22387429447,39.450762249054,
    4.796587757099));
#2206 = CARTESIAN_POINT('',(23.243133116161,39.443041491304,
    4.794872881386));
#2207 = CARTESIAN_POINT('',(23.262415412365,39.435503883776,
    4.793058882028));
#2208 = CARTESIAN_POINT('',(23.281716564069,39.428149743957,
    4.791146972112));
#2209 = CARTESIAN_POINT('',(23.301032077703,39.420979202365,
    4.789138423938));
#2210 = CARTESIAN_POINT('',(23.320357585139,39.413992202549,
    4.787034569022));
#2211 = CARTESIAN_POINT('',(23.339688843695,39.407188501084,
    4.784836798093));
#2212 = CARTESIAN_POINT('',(23.390376479743,39.389829774229,
    4.778832176703));
#2213 = CARTESIAN_POINT('',(23.421735598455,39.379572900794,
    4.774874544447));
#2214 = CARTESIAN_POINT('',(23.453081589277,39.36979529771,
    4.770679786898));
#2215 = CARTESIAN_POINT('',(23.484398082035,39.360494045768,4.7662542938
    ));
#2216 = CARTESIAN_POINT('',(23.515669827638,39.351665206351,
    4.761604647915));
#2217 = CARTESIAN_POINT('',(23.546882686336,39.343303971673,
    4.756737550865));
#2218 = CARTESIAN_POINT('',(23.578023615984,39.335404815017,
    4.751659748988));
#2219 = CARTESIAN_POINT('',(23.671956259494,39.312892788224,
    4.735684871456));
#2220 = CARTESIAN_POINT('',(23.734484862076,39.299693750722,
    4.724156174764));
#2221 = CARTESIAN_POINT('',(23.796571988442,39.288311926425,
    4.711847262813));
#2222 = CARTESIAN_POINT('',(23.858138835213,39.278687069701,
    4.698812800804));
#2223 = CARTESIAN_POINT('',(23.919121425016,39.270753863438,
    4.68510565652));
#2224 = CARTESIAN_POINT('',(23.979469756271,39.264444491157,
    4.670775831401));
#2225 = CARTESIAN_POINT('',(24.03914695297,39.259691209119,
    4.655869391632));
#2226 = CARTESIAN_POINT('',(24.184773661169,39.251636531584,
    4.617742724965));
#2227 = CARTESIAN_POINT('',(24.269900471681,39.250062318251,
    4.593906950852));
#2228 = CARTESIAN_POINT('',(24.353443152357,39.251496106095,
    4.569048670167));
#2229 = CARTESIAN_POINT('',(24.43535730424,39.255740854686,
    4.543283198758));
#2230 = CARTESIAN_POINT('',(24.515618690577,39.262614078564,
    4.516712246809));
#2231 = CARTESIAN_POINT('',(24.594222104333,39.271949270301,
    4.489423590601));
#2232 = CARTESIAN_POINT('',(24.671180235712,39.283597323558,
    4.461490744282));
#2233 = CARTESIAN_POINT('',(24.815798689166,39.310145021066,
    4.406750643019));
#2234 = CARTESIAN_POINT('',(24.883697809121,39.324705296063,
    4.38003800965));
#2235 = CARTESIAN_POINT('',(24.95023679252,39.341005910768,
    4.352883070143));
#2236 = CARTESIAN_POINT('',(25.015432571286,39.358953822985,
    4.325328991646));
#2237 = CARTESIAN_POINT('',(25.079302582958,39.378465192274,
    4.297413983314));
#2238 = CARTESIAN_POINT('',(25.141865237362,39.399464753535,
    4.269171509794));
#2239 = CARTESIAN_POINT('',(25.203140383287,39.421885190586,
    4.240630504708));
#2240 = CARTESIAN_POINT('',(25.315057617049,39.466237239047,
    4.186890813294));
#2241 = CARTESIAN_POINT('',(25.366016158074,39.487825379221,
    4.161762139689));
#2242 = CARTESIAN_POINT('',(25.416038126379,39.510391731829,
    4.136446059944));
#2243 = CARTESIAN_POINT('',(25.465135146342,39.533900336979,
    4.110957694456));
#2244 = CARTESIAN_POINT('',(25.513317938854,39.558318267715,
    4.085310841826));
#2245 = CARTESIAN_POINT('',(25.560596521584,39.583615424395,
    4.059518033281));
#2246 = CARTESIAN_POINT('',(25.606980409262,39.609764329069,
    4.033590587109));
#2247 = CARTESIAN_POINT('',(25.793042284395,39.720078724511,
    3.927053448733));
#2248 = CARTESIAN_POINT('',(25.925114712485,39.811284437112,
    3.845402776784));
#2249 = CARTESIAN_POINT('',(26.049016940743,39.909639333751,
    3.762861632599));
#2250 = CARTESIAN_POINT('',(26.16490411726,40.014598344084,
    3.679662186783));
#2251 = CARTESIAN_POINT('',(26.272848135193,40.125721366829,
    3.596004555919));
#2252 = CARTESIAN_POINT('',(26.372862610783,40.242652939595,
    3.512060503329));
#2253 = CARTESIAN_POINT('',(26.464897156786,40.365125648375,
    3.427974170144));
#2254 = CARTESIAN_POINT('',(26.654829499861,40.654419273512,
    3.237635189854));
#2255 = CARTESIAN_POINT('',(26.747795205525,40.824267134258,
    3.131477619021));
#2256 = CARTESIAN_POINT('',(26.827556774576,41.002178112133,
    3.02559340605));
#2257 = CARTESIAN_POINT('',(26.893582927902,41.187869562015,
    2.920257412845));
#2258 = CARTESIAN_POINT('',(26.945096329054,41.3810379861,2.81581430944)
  );
#2259 = CARTESIAN_POINT('',(26.981017149451,41.581367586942,
    2.712686998598));
#2260 = CARTESIAN_POINT('',(27.,41.788507956096,2.611374921596));
#2261 = CARTESIAN_POINT('',(27.,42.002232083545,2.512494310424));
#2262 = PCURVE('',#167,#2263);
#2263 = DEFINITIONAL_REPRESENTATION('',(#2264),#2463);
#2264 = B_SPLINE_CURVE_WITH_KNOTS('',8,(#2265,#2266,#2267,#2268,#2269,
    #2270,#2271,#2272,#2273,#2274,#2275,#2276,#2277,#2278,#2279,#2280,
    #2281,#2282,#2283,#2284,#2285,#2286,#2287,#2288,#2289,#2290,#2291,
    #2292,#2293,#2294,#2295,#2296,#2297,#2298,#2299,#2300,#2301,#2302,
    #2303,#2304,#2305,#2306,#2307,#2308,#2309,#2310,#2311,#2312,#2313,
    #2314,#2315,#2316,#2317,#2318,#2319,#2320,#2321,#2322,#2323,#2324,
    #2325,#2326,#2327,#2328,#2329,#2330,#2331,#2332,#2333,#2334,#2335,
    #2336,#2337,#2338,#2339,#2340,#2341,#2342,#2343,#2344,#2345,#2346,
    #2347,#2348,#2349,#2350,#2351,#2352,#2353,#2354,#2355,#2356,#2357,
    #2358,#2359,#2360,#2361,#2362,#2363,#2364,#2365,#2366,#2367,#2368,
    #2369,#2370,#2371,#2372,#2373,#2374,#2375,#2376,#2377,#2378,#2379,
    #2380,#2381,#2382,#2383,#2384,#2385,#2386,#2387,#2388,#2389,#2390,
    #2391,#2392,#2393,#2394,#2395,#2396,#2397,#2398,#2399,#2400,#2401,
    #2402,#2403,#2404,#2405,#2406,#2407,#2408,#2409,#2410,#2411,#2412,
    #2413,#2414,#2415,#2416,#2417,#2418,#2419,#2420,#2421,#2422,#2423,
    #2424,#2425,#2426,#2427,#2428,#2429,#2430,#2431,#2432,#2433,#2434,
    #2435,#2436,#2437,#2438,#2439,#2440,#2441,#2442,#2443,#2444,#2445,
    #2446,#2447,#2448,#2449,#2450,#2451,#2452,#2453,#2454,#2455,#2456,
    #2457,#2458,#2459,#2460,#2461,#2462),.UNSPECIFIED.,.F.,.F.,(9,7,7,7,
    7,7,7,7,7,7,7,7,7,7,7,7,7,7,7,7,7,7,7,7,7,7,7,7,9),(0.,
    8.915530951908E-02,0.112397249047,0.124578606899,0.149226265718,
    0.166966751094,0.175433471304,0.188884465077,0.215894606099,
    0.255549365564,0.290753509976,0.320595037635,0.407312310087,
    0.49454788408,0.522573984794,0.554967293593,0.590191108647,
    0.614170007798,0.626017030565,0.649172473738,0.66502664892,
    0.672337138367,0.684193539218,0.708197056749,0.74345882622,
    0.775881508897,0.803926977009,0.890571077072,1.),.UNSPECIFIED.);
#2265 = CARTESIAN_POINT('',(0.,18.512494310424));
#2266 = CARTESIAN_POINT('',(6.331425192133E-02,18.431939447472));
#2267 = CARTESIAN_POINT('',(0.128037022607,18.353228141066));
#2268 = CARTESIAN_POINT('',(0.194633767658,18.276498620167));
#2269 = CARTESIAN_POINT('',(0.263483863261,18.202216196704));
#2270 = CARTESIAN_POINT('',(0.334911130124,18.131130251058));
#2271 = CARTESIAN_POINT('',(0.409254437279,18.064293315013));
#2272 = CARTESIAN_POINT('',(0.486858486466,18.003005889595));
#2273 = CARTESIAN_POINT('',(0.589566728227,17.934876704682));
#2274 = CARTESIAN_POINT('',(0.611050882838,17.921292470192));
#2275 = CARTESIAN_POINT('',(0.632783931518,17.908245098155));
#2276 = CARTESIAN_POINT('',(0.654767077953,17.895770496568));
#2277 = CARTESIAN_POINT('',(0.676999311887,17.883906669565));
#2278 = CARTESIAN_POINT('',(0.699477139937,17.872692985138));
#2279 = CARTESIAN_POINT('',(0.722194316411,17.862169442866));
#2280 = CARTESIAN_POINT('',(0.757168485965,17.847243059201));
#2281 = CARTESIAN_POINT('',(0.769258445303,17.842310766171));
#2282 = CARTESIAN_POINT('',(0.781409966276,17.837584829975));
#2283 = CARTESIAN_POINT('',(0.793621314591,17.833070989764));
#2284 = CARTESIAN_POINT('',(0.805890485017,17.828774901602));
#2285 = CARTESIAN_POINT('',(0.818215178891,17.824702083655));
#2286 = CARTESIAN_POINT('',(0.830592781626,17.820857861385));
#2287 = CARTESIAN_POINT('',(0.868166159552,17.809941758438));
#2288 = CARTESIAN_POINT('',(0.893520174096,17.803591891338));
#2289 = CARTESIAN_POINT('',(0.919053605346,17.798241261598));
#2290 = CARTESIAN_POINT('',(0.944736101146,17.793927383255));
#2291 = CARTESIAN_POINT('',(0.970534939294,17.79068034837));
#2292 = CARTESIAN_POINT('',(0.996414231157,17.788521441185));
#2293 = CARTESIAN_POINT('',(1.022334125288,17.787461752281));
#2294 = CARTESIAN_POINT('',(1.066903319895,17.787528892617));
#2295 = CARTESIAN_POINT('',(1.085556649067,17.788126177019));
#2296 = CARTESIAN_POINT('',(1.1041940763,17.789292585405));
#2297 = CARTESIAN_POINT('',(1.122800682407,17.79102502499));
#2298 = CARTESIAN_POINT('',(1.141362394681,17.793317589486));
#2299 = CARTESIAN_POINT('',(1.159865830289,17.796161777866));
#2300 = CARTESIAN_POINT('',(1.178298139677,17.799546713115));
#2301 = CARTESIAN_POINT('',(1.205403848029,17.805326688417));
#2302 = CARTESIAN_POINT('',(1.214141976993,17.807314258954));
#2303 = CARTESIAN_POINT('',(1.222859986507,17.809420662616));
#2304 = CARTESIAN_POINT('',(1.231556693653,17.811644414339));
#2305 = CARTESIAN_POINT('',(1.240230982938,17.813983953982));
#2306 = CARTESIAN_POINT('',(1.248881806295,17.816437646328));
#2307 = CARTESIAN_POINT('',(1.257508183084,17.819003781082));
#2308 = CARTESIAN_POINT('',(1.279773549841,17.825933165236));
#2309 = CARTESIAN_POINT('',(1.293373920481,17.830465087195));
#2310 = CARTESIAN_POINT('',(1.306906650801,17.835269255993));
#2311 = CARTESIAN_POINT('',(1.320368572383,17.840338282161));
#2312 = CARTESIAN_POINT('',(1.333756974856,17.845664554763));
#2313 = CARTESIAN_POINT('',(1.347069571141,17.851240326646));
#2314 = CARTESIAN_POINT('',(1.360304462711,17.857057799678));
#2315 = CARTESIAN_POINT('',(1.399877167769,17.875260687362));
#2316 = CARTESIAN_POINT('',(1.42597325516,17.888354888001));
#2317 = CARTESIAN_POINT('',(1.451738207532,17.902329402385));
#2318 = CARTESIAN_POINT('',(1.477166355278,17.917122646101));
#2319 = CARTESIAN_POINT('',(1.502256121208,17.932675056629));
#2320 = CARTESIAN_POINT('',(1.527009623106,17.948930290109));
#2321 = CARTESIAN_POINT('',(1.551432276282,17.965836418113));
#2322 = CARTESIAN_POINT('',(1.610914827283,18.009055351762));
#2323 = CARTESIAN_POINT('',(1.645594912569,18.036061213221));
#2324 = CARTESIAN_POINT('',(1.679604921821,18.064220420326));
#2325 = CARTESIAN_POINT('',(1.712976531479,18.093403175472));
#2326 = CARTESIAN_POINT('',(1.745741905732,18.123494715509));
#2327 = CARTESIAN_POINT('',(1.777934777675,18.154395855338));
#2328 = CARTESIAN_POINT('',(1.809591530456,18.186023531504));
#2329 = CARTESIAN_POINT('',(1.868415728841,18.246975367268));
#2330 = CARTESIAN_POINT('',(1.895683932525,18.276155157451));
#2331 = CARTESIAN_POINT('',(1.922582418266,18.305801546073));
#2332 = CARTESIAN_POINT('',(1.949134432669,18.335870307191));
#2333 = CARTESIAN_POINT('',(1.975361545083,18.366322021903));
#2334 = CARTESIAN_POINT('',(2.001284252522,18.397121941065));
#2335 = CARTESIAN_POINT('',(2.026922584584,18.428239848005));
#2336 = CARTESIAN_POINT('',(2.07380561392,18.486275325281));
#2337 = CARTESIAN_POINT('',(2.095123797661,18.513109616656));
#2338 = CARTESIAN_POINT('',(2.116262988026,18.540136507319));
#2339 = CARTESIAN_POINT('',(2.137234115368,18.567340951386));
#2340 = CARTESIAN_POINT('',(2.158047475462,18.594709112226));
#2341 = CARTESIAN_POINT('',(2.178712892991,18.622228329558));
#2342 = CARTESIAN_POINT('',(2.199239885043,18.649887086547));
#2343 = CARTESIAN_POINT('',(2.278912728413,18.758424531219));
#2344 = CARTESIAN_POINT('',(2.337082931757,18.840244261138));
#2345 = CARTESIAN_POINT('',(2.394394502427,18.922899977304));
#2346 = CARTESIAN_POINT('',(2.451039352476,19.006185660351));
#2347 = CARTESIAN_POINT('',(2.507187503532,19.089917983308));
#2348 = CARTESIAN_POINT('',(2.563001422453,19.173934498762));
#2349 = CARTESIAN_POINT('',(2.61864509185,19.258093314509));
#2350 = CARTESIAN_POINT('',(2.73028851551,19.426953977555));
#2351 = CARTESIAN_POINT('',(2.786260003258,19.511613241083));
#2352 = CARTESIAN_POINT('',(2.842403170649,19.596129546252));
#2353 = CARTESIAN_POINT('',(2.898890822047,19.68035602597));
#2354 = CARTESIAN_POINT('',(2.955898650789,19.764117332552));
#2355 = CARTESIAN_POINT('',(3.013614622879,19.847208908781));
#2356 = CARTESIAN_POINT('',(3.07225724318,19.929393151974));
#2357 = CARTESIAN_POINT('',(3.151352738747,20.036409350888));
#2358 = CARTESIAN_POINT('',(3.170709162633,20.062305386901));
#2359 = CARTESIAN_POINT('',(3.190198896399,20.088066065076));
#2360 = CARTESIAN_POINT('',(3.209831248588,20.113680023157));
#2361 = CARTESIAN_POINT('',(3.229615896556,20.139134678516));
#2362 = CARTESIAN_POINT('',(3.249563056549,20.164416173401));
#2363 = CARTESIAN_POINT('',(3.26968365378,20.189509320179));
#2364 = CARTESIAN_POINT('',(3.313459518209,20.243164017231));
#2365 = CARTESIAN_POINT('',(3.337175827755,20.271655323871));
#2366 = CARTESIAN_POINT('',(3.361157545877,20.299846754362));
#2367 = CARTESIAN_POINT('',(3.385423764376,20.327709256424));
#2368 = CARTESIAN_POINT('',(3.409994126036,20.355209224352));
#2369 = CARTESIAN_POINT('',(3.434889408532,20.382308285708));
#2370 = CARTESIAN_POINT('',(3.460132108348,20.408963088028));
#2371 = CARTESIAN_POINT('',(3.513600155755,20.46357310133));
#2372 = CARTESIAN_POINT('',(3.541888611561,20.491433489468));
#2373 = CARTESIAN_POINT('',(3.570647313536,20.518647094821));
#2374 = CARTESIAN_POINT('',(3.599908168205,20.54514011864));
#2375 = CARTESIAN_POINT('',(3.629700866623,20.570824468295));
#2376 = CARTESIAN_POINT('',(3.660053683812,20.595598107026));
#2377 = CARTESIAN_POINT('',(3.690994278197,20.619345403688));
#2378 = CARTESIAN_POINT('',(3.744032640094,20.657317224282));
#2379 = CARTESIAN_POINT('',(3.765797261178,20.672159461436));
#2380 = CARTESIAN_POINT('',(3.787851587141,20.686423029513));
#2381 = CARTESIAN_POINT('',(3.810200278696,20.700061781483));
#2382 = CARTESIAN_POINT('',(3.832845053617,20.713025670109));
#2383 = CARTESIAN_POINT('',(3.855784315943,20.725261830328));
#2384 = CARTESIAN_POINT('',(3.879012785172,20.736715661622));
#2385 = CARTESIAN_POINT('',(3.914135663767,20.752576977733));
#2386 = CARTESIAN_POINT('',(3.925818221657,20.75761748218));
#2387 = CARTESIAN_POINT('',(3.937567435615,20.762446720144));
#2388 = CARTESIAN_POINT('',(3.949381634119,20.767057964819));
#2389 = CARTESIAN_POINT('',(3.961258809944,20.771444540561));
#2390 = CARTESIAN_POINT('',(3.973196592472,20.77559989725));
#2391 = CARTESIAN_POINT('',(3.985192219992,20.779517684674));
#2392 = CARTESIAN_POINT('',(4.020795252422,20.790373073451));
#2393 = CARTESIAN_POINT('',(4.044560709239,20.79662466851));
#2394 = CARTESIAN_POINT('',(4.068510528779,20.80189955439));
#2395 = CARTESIAN_POINT('',(4.092614257174,20.806156764805));
#2396 = CARTESIAN_POINT('',(4.116838572314,20.809363146061));
#2397 = CARTESIAN_POINT('',(4.14114651581,20.811495078256));
#2398 = CARTESIAN_POINT('',(4.165496724947,20.812540196471));
#2399 = CARTESIAN_POINT('',(4.206511954442,20.812470982047));
#2400 = CARTESIAN_POINT('',(4.223181166879,20.81193366715));
#2401 = CARTESIAN_POINT('',(4.239836086814,20.810887227673));
#2402 = CARTESIAN_POINT('',(4.256463360221,20.809334490203));
#2403 = CARTESIAN_POINT('',(4.273050379163,20.807280841206));
#2404 = CARTESIAN_POINT('',(4.289585166775,20.804734020714));
#2405 = CARTESIAN_POINT('',(4.306056262245,20.801703916006));
#2406 = CARTESIAN_POINT('',(4.330013093496,20.796587757099));
#2407 = CARTESIAN_POINT('',(4.337557823957,20.794872881386));
#2408 = CARTESIAN_POINT('',(4.345085793244,20.793058882028));
#2409 = CARTESIAN_POINT('',(4.352596050751,20.791146972112));
#2410 = CARTESIAN_POINT('',(4.360087699197,20.789138423938));
#2411 = CARTESIAN_POINT('',(4.367559894629,20.787034569022));
#2412 = CARTESIAN_POINT('',(4.37501184642,20.784836798093));
#2413 = CARTESIAN_POINT('',(4.394494618962,20.778832176703));
#2414 = CARTESIAN_POINT('',(4.406491253178,20.774874544447));
#2415 = CARTESIAN_POINT('',(4.418429575589,20.770679786898));
#2416 = CARTESIAN_POINT('',(4.430306860332,20.7662542938));
#2417 = CARTESIAN_POINT('',(4.442120772373,20.761604647915));
#2418 = CARTESIAN_POINT('',(4.453869339858,20.756737550865));
#2419 = CARTESIAN_POINT('',(4.465550926474,20.751659748988));
#2420 = CARTESIAN_POINT('',(4.500675512984,20.735684871456));
#2421 = CARTESIAN_POINT('',(4.523905619954,20.724156174764));
#2422 = CARTESIAN_POINT('',(4.546845477167,20.711847262813));
#2423 = CARTESIAN_POINT('',(4.569490049932,20.698812800804));
#2424 = CARTESIAN_POINT('',(4.591837951871,20.68510565652));
#2425 = CARTESIAN_POINT('',(4.613891080377,20.670775831401));
#2426 = CARTESIAN_POINT('',(4.635654252066,20.655869391632));
#2427 = CARTESIAN_POINT('',(4.688690358241,20.617742724965));
#2428 = CARTESIAN_POINT('',(4.719629948317,20.593906950852));
#2429 = CARTESIAN_POINT('',(4.749981807264,20.569048670167));
#2430 = CARTESIAN_POINT('',(4.779773856516,20.543283198758));
#2431 = CARTESIAN_POINT('',(4.809034554913,20.516712246809));
#2432 = CARTESIAN_POINT('',(4.837793713468,20.489423590601));
#2433 = CARTESIAN_POINT('',(4.866083310137,20.461490744282));
#2434 = CARTESIAN_POINT('',(4.919550565673,20.406750643019));
#2435 = CARTESIAN_POINT('',(4.944791358785,20.38003800965));
#2436 = CARTESIAN_POINT('',(4.969685496276,20.352883070143));
#2437 = CARTESIAN_POINT('',(4.994255481364,20.325328991646));
#2438 = CARTESIAN_POINT('',(5.018522091963,20.297413983314));
#2439 = CARTESIAN_POINT('',(5.04250496451,20.269171509794));
#2440 = CARTESIAN_POINT('',(5.066223177792,20.240630504708));
#2441 = CARTESIAN_POINT('',(5.109999576453,20.186890813294));
#2442 = CARTESIAN_POINT('',(5.130118705636,20.161762139689));
#2443 = CARTESIAN_POINT('',(5.15006501096,20.136446059944));
#2444 = CARTESIAN_POINT('',(5.169849402054,20.110957694456));
#2445 = CARTESIAN_POINT('',(5.189482081053,20.085310841826));
#2446 = CARTESIAN_POINT('',(5.208972712118,20.059518033281));
#2447 = CARTESIAN_POINT('',(5.228330590956,20.033590587109));
#2448 = CARTESIAN_POINT('',(5.30698731956,19.927053448733));
#2449 = CARTESIAN_POINT('',(5.365212862935,19.845402776784));
#2450 = CARTESIAN_POINT('',(5.422528165059,19.762861632599));
#2451 = CARTESIAN_POINT('',(5.479147131168,19.679662186783));
#2452 = CARTESIAN_POINT('',(5.535253984108,19.596004555919));
#2453 = CARTESIAN_POINT('',(5.591020940239,19.512060503329));
#2454 = CARTESIAN_POINT('',(5.646617380612,19.427974170144));
#2455 = CARTESIAN_POINT('',(5.772461359308,19.237635189854));
#2456 = CARTESIAN_POINT('',(5.842644738185,19.131477619021));
#2457 = CARTESIAN_POINT('',(5.913171298189,19.02559340605));
#2458 = CARTESIAN_POINT('',(5.984376235465,18.920257412845));
#2459 = CARTESIAN_POINT('',(6.056581591407,18.81581430944));
#2460 = CARTESIAN_POINT('',(6.130143606191,18.712686998598));
#2461 = CARTESIAN_POINT('',(6.205467442653,18.611374921596));
#2462 = CARTESIAN_POINT('',(6.28318530718,18.512494310424));
#2463 = ( GEOMETRIC_REPRESENTATION_CONTEXT(2) 
PARAMETRIC_REPRESENTATION_CONTEXT() REPRESENTATION_CONTEXT('2D SPACE',''
  ) );
#2464 = PCURVE('',#283,#2465);
#2465 = DEFINITIONAL_REPRESENTATION('',(#2466),#2665);
#2466 = B_SPLINE_CURVE_WITH_KNOTS('',8,(#2467,#2468,#2469,#2470,#2471,
    #2472,#2473,#2474,#2475,#2476,#2477,#2478,#2479,#2480,#2481,#2482,
    #2483,#2484,#2485,#2486,#2487,#2488,#2489,#2490,#2491,#2492,#2493,
    #2494,#2495,#2496,#2497,#2498,#2499,#2500,#2501,#2502,#2503,#2504,
    #2505,#2506,#2507,#2508,#2509,#2510,#2511,#2512,#2513,#2514,#2515,
    #2516,#2517,#2518,#2519,#2520,#2521,#2522,#2523,#2524,#2525,#2526,
    #2527,#2528,#2529,#2530,#2531,#2532,#2533,#2534,#2535,#2536,#2537,
    #2538,#2539,#2540,#2541,#2542,#2543,#2544,#2545,#2546,#2547,#2548,
    #2549,#2550,#2551,#2552,#2553,#2554,#2555,#2556,#2557,#2558,#2559,
    #2560,#2561,#2562,#2563,#2564,#2565,#2566,#2567,#2568,#2569,#2570,
    #2571,#2572,#2573,#2574,#2575,#2576,#2577,#2578,#2579,#2580,#2581,
    #2582,#2583,#2584,#2585,#2586,#2587,#2588,#2589,#2590,#2591,#2592,
    #2593,#2594,#2595,#2596,#2597,#2598,#2599,#2600,#2601,#2602,#2603,
    #2604,#2605,#2606,#2607,#2608,#2609,#2610,#2611,#2612,#2613,#2614,
    #2615,#2616,#2617,#2618,#2619,#2620,#2621,#2622,#2623,#2624,#2625,
    #2626,#2627,#2628,#2629,#2630,#2631,#2632,#2633,#2634,#2635,#2636,
    #2637,#2638,#2639,#2640,#2641,#2642,#2643,#2644,#2645,#2646,#2647,
    #2648,#2649,#2650,#2651,#2652,#2653,#2654,#2655,#2656,#2657,#2658,
    #2659,#2660,#2661,#2662,#2663,#2664),.UNSPECIFIED.,.T.,.F.,(9,7,7,7,
    7,7,7,7,7,7,7,7,7,7,7,7,7,7,7,7,7,7,7,7,7,7,7,7,9),(0.,
    8.915530951908E-02,0.112397249047,0.124578606899,0.149226265718,
    0.166966751094,0.175433471304,0.188884465077,0.215894606099,
    0.255549365564,0.290753509976,0.320595037635,0.407312310087,
    0.49454788408,0.522573984794,0.554967293593,0.590191108647,
    0.614170007798,0.626017030565,0.649172473738,0.66502664892,
    0.672337138367,0.684193539218,0.708197056749,0.74345882622,
    0.775881508897,0.803926977009,0.890571077072,1.),.UNSPECIFIED.);
#2467 = CARTESIAN_POINT('',(-0.999483020242,-2.512494310424));
#2468 = CARTESIAN_POINT('',(-1.001368591707,-2.431939447472));
#2469 = CARTESIAN_POINT('',(-1.003495718912,-2.353228141066));
#2470 = CARTESIAN_POINT('',(-1.005880939895,-2.276498620167));
#2471 = CARTESIAN_POINT('',(-1.008543532838,-2.202216196704));
#2472 = CARTESIAN_POINT('',(-1.011502092744,-2.131130251057));
#2473 = CARTESIAN_POINT('',(-1.014774900569,-2.064293315013));
#2474 = CARTESIAN_POINT('',(-1.018376634427,-2.003005889595));
#2475 = CARTESIAN_POINT('',(-1.023358062301,-1.934876704682));
#2476 = CARTESIAN_POINT('',(-1.024411077383,-1.921292470192));
#2477 = CARTESIAN_POINT('',(-1.025486998215,-1.908245098155));
#2478 = CARTESIAN_POINT('',(-1.0265856486,-1.895770496568));
#2479 = CARTESIAN_POINT('',(-1.027706681242,-1.883906669565));
#2480 = CARTESIAN_POINT('',(-1.028849552491,-1.872692985138));
#2481 = CARTESIAN_POINT('',(-1.030013497102,-1.862169442866));
#2482 = CARTESIAN_POINT('',(-1.031818053573,-1.847243059201));
#2483 = CARTESIAN_POINT('',(-1.03244410702,-1.842310766171));
#2484 = CARTESIAN_POINT('',(-1.033075510048,-1.837584829975));
#2485 = CARTESIAN_POINT('',(-1.03371208968,-1.833070989764));
#2486 = CARTESIAN_POINT('',(-1.034353651977,-1.828774901602));
#2487 = CARTESIAN_POINT('',(-1.034999980791,-1.824702083655));
#2488 = CARTESIAN_POINT('',(-1.035650836504,-1.820857861385));
#2489 = CARTESIAN_POINT('',(-1.037631515686,-1.809941758438));
#2490 = CARTESIAN_POINT('',(-1.038974719782,-1.803591891338));
#2491 = CARTESIAN_POINT('',(-1.040333159762,-1.798241261598));
#2492 = CARTESIAN_POINT('',(-1.04170421586,-1.793927383255));
#2493 = CARTESIAN_POINT('',(-1.043085042541,-1.79068034837));
#2494 = CARTESIAN_POINT('',(-1.044472555186,-1.788521441185));
#2495 = CARTESIAN_POINT('',(-1.04586341679,-1.787461752281));
#2496 = CARTESIAN_POINT('',(-1.04825493343,-1.787528892617));
#2497 = CARTESIAN_POINT('',(-1.049255824571,-1.788126177019));
#2498 = CARTESIAN_POINT('',(-1.050255394625,-1.789292585405));
#2499 = CARTESIAN_POINT('',(-1.051252395454,-1.79102502499));
#2500 = CARTESIAN_POINT('',(-1.052245632353,-1.793317589486));
#2501 = CARTESIAN_POINT('',(-1.053233962181,-1.796161777866));
#2502 = CARTESIAN_POINT('',(-1.054216291492,-1.799546713115));
#2503 = CARTESIAN_POINT('',(-1.055657032606,-1.805326688417));
#2504 = CARTESIAN_POINT('',(-1.05612089481,-1.807314258954));
#2505 = CARTESIAN_POINT('',(-1.056583052982,-1.809420662616));
#2506 = CARTESIAN_POINT('',(-1.057043403885,-1.811644414339));
#2507 = CARTESIAN_POINT('',(-1.057501849337,-1.813983953982));
#2508 = CARTESIAN_POINT('',(-1.057958296215,-1.816437646328));
#2509 = CARTESIAN_POINT('',(-1.058412656453,-1.819003781082));
#2510 = CARTESIAN_POINT('',(-1.059583237719,-1.825933165236));
#2511 = CARTESIAN_POINT('',(-1.060296153956,-1.830465087195));
#2512 = CARTESIAN_POINT('',(-1.061003263134,-1.835269255993));
#2513 = CARTESIAN_POINT('',(-1.06170426899,-1.840338282161));
#2514 = CARTESIAN_POINT('',(-1.062398909537,-1.845664554763));
#2515 = CARTESIAN_POINT('',(-1.06308695497,-1.851240326646));
#2516 = CARTESIAN_POINT('',(-1.06376820558,-1.857057799678));
#2517 = CARTESIAN_POINT('',(-1.065796479437,-1.875260687362));
#2518 = CARTESIAN_POINT('',(-1.067122306374,-1.888354888001));
#2519 = CARTESIAN_POINT('',(-1.068418698332,-1.902329402385));
#2520 = CARTESIAN_POINT('',(-1.069684770823,-1.917122646101));
#2521 = CARTESIAN_POINT('',(-1.070919981983,-1.932675056628));
#2522 = CARTESIAN_POINT('',(-1.072124087545,-1.948930290109));
#2523 = CARTESIAN_POINT('',(-1.073297095811,-1.965836418113));
#2524 = CARTESIAN_POINT('',(-1.076116028533,-2.009055351762));
#2525 = CARTESIAN_POINT('',(-1.077725932367,-2.036061213221));
#2526 = CARTESIAN_POINT('',(-1.079269913988,-2.064220420326));
#2527 = CARTESIAN_POINT('',(-1.080749214024,-2.093403175472));
#2528 = CARTESIAN_POINT('',(-1.082165298211,-2.123494715509));
#2529 = CARTESIAN_POINT('',(-1.08351982174,-2.154395855338));
#2530 = CARTESIAN_POINT('',(-1.084814593599,-2.186023531504));
#2531 = CARTESIAN_POINT('',(-1.087149660609,-2.246975367268));
#2532 = CARTESIAN_POINT('',(-1.088202034884,-2.276155157451));
#2533 = CARTESIAN_POINT('',(-1.089209920911,-2.305801546073));
#2534 = CARTESIAN_POINT('',(-1.090174481387,-2.335870307191));
#2535 = CARTESIAN_POINT('',(-1.091096797696,-2.366322021903));
#2536 = CARTESIAN_POINT('',(-1.091977883052,-2.397121941065));
#2537 = CARTESIAN_POINT('',(-1.092818695646,-2.428239848005));
#2538 = CARTESIAN_POINT('',(-1.094299522826,-2.486275325281));
#2539 = CARTESIAN_POINT('',(-1.094950586194,-2.513109616656));
#2540 = CARTESIAN_POINT('',(-1.09557388216,-2.540136507319));
#2541 = CARTESIAN_POINT('',(-1.096169903055,-2.567340951386));
#2542 = CARTESIAN_POINT('',(-1.096739097796,-2.594709112226));
#2543 = CARTESIAN_POINT('',(-1.097281876411,-2.622228329558));
#2544 = CARTESIAN_POINT('',(-1.097798614558,-2.649887086547));
#2545 = CARTESIAN_POINT('',(-1.099716594093,-2.758424531219));
#2546 = CARTESIAN_POINT('',(-1.10092619373,-2.840244261138));
#2547 = CARTESIAN_POINT('',(-1.101927455414,-2.922899977304));
#2548 = CARTESIAN_POINT('',(-1.102725812897,-3.006185660351));
#2549 = CARTESIAN_POINT('',(-1.103324563076,-3.089917983308));
#2550 = CARTESIAN_POINT('',(-1.103725288715,-3.173934498762));
#2551 = CARTESIAN_POINT('',(-1.103927660571,-3.258093314509));
#2552 = CARTESIAN_POINT('',(-1.103930354268,-3.426953977555));
#2553 = CARTESIAN_POINT('',(-1.103728266681,-3.511613241083));
#2554 = CARTESIAN_POINT('',(-1.103320335875,-3.596129546252));
#2555 = CARTESIAN_POINT('',(-1.10270173707,-3.68035602597));
#2556 = CARTESIAN_POINT('',(-1.101865378255,-3.764117332552));
#2557 = CARTESIAN_POINT('',(-1.100802038039,-3.847208908781));
#2558 = CARTESIAN_POINT('',(-1.099499659535,-3.929393151974));
#2559 = CARTESIAN_POINT('',(-1.097440212753,-4.036409350888));
#2560 = CARTESIAN_POINT('',(-1.096913046101,-4.062305386901));
#2561 = CARTESIAN_POINT('',(-1.096358920856,-4.088066065076));
#2562 = CARTESIAN_POINT('',(-1.095777252413,-4.113680023157));
#2563 = CARTESIAN_POINT('',(-1.095167416371,-4.139134678516));
#2564 = CARTESIAN_POINT('',(-1.094528742911,-4.164416173401));
#2565 = CARTESIAN_POINT('',(-1.093860511156,-4.189509320179));
#2566 = CARTESIAN_POINT('',(-1.092354520635,-4.243164017231));
#2567 = CARTESIAN_POINT('',(-1.091506612425,-4.271655323871));
#2568 = CARTESIAN_POINT('',(-1.090616988109,-4.299846754362));
#2569 = CARTESIAN_POINT('',(-1.089684367109,-4.327709256424));
#2570 = CARTESIAN_POINT('',(-1.088707406699,-4.355209224352));
#2571 = CARTESIAN_POINT('',(-1.087684689613,-4.382308285708));
#2572 = CARTESIAN_POINT('',(-1.086614711664,-4.408963088028));
#2573 = CARTESIAN_POINT('',(-1.084279263335,-4.46357310133));
#2574 = CARTESIAN_POINT('',(-1.083005088295,-4.491433489468));
#2575 = CARTESIAN_POINT('',(-1.081671170414,-4.518647094821));
#2576 = CARTESIAN_POINT('',(-1.080275440293,-4.54514011864));
#2577 = CARTESIAN_POINT('',(-1.078815989113,-4.570824468295));
#2578 = CARTESIAN_POINT('',(-1.077291124793,-4.595598107026));
#2579 = CARTESIAN_POINT('',(-1.075699428138,-4.619345403688));
#2580 = CARTESIAN_POINT('',(-1.072910009745,-4.657317224282));
#2581 = CARTESIAN_POINT('',(-1.071748882509,-4.672159461436));
#2582 = CARTESIAN_POINT('',(-1.070556171108,-4.686423029513));
#2583 = CARTESIAN_POINT('',(-1.069331836863,-4.700061781483));
#2584 = CARTESIAN_POINT('',(-1.068076108083,-4.713025670109));
#2585 = CARTESIAN_POINT('',(-1.06678952956,-4.725261830328));
#2586 = CARTESIAN_POINT('',(-1.065473012047,-4.736715661622));
#2587 = CARTESIAN_POINT('',(-1.063463306238,-4.752576977733));
#2588 = CARTESIAN_POINT('',(-1.062791763188,-4.75761748218));
#2589 = CARTESIAN_POINT('',(-1.062113425806,-4.762446720144));
#2590 = CARTESIAN_POINT('',(-1.061428496032,-4.767057964819));
#2591 = CARTESIAN_POINT('',(-1.060737206434,-4.771444540561));
#2592 = CARTESIAN_POINT('',(-1.060039822107,-4.77559989725));
#2593 = CARTESIAN_POINT('',(-1.059336642566,-4.779517684674));
#2594 = CARTESIAN_POINT('',(-1.057242942714,-4.790373073451));
#2595 = CARTESIAN_POINT('',(-1.055836800335,-4.79662466851));
#2596 = CARTESIAN_POINT('',(-1.054412338007,-4.80189955439));
#2597 = CARTESIAN_POINT('',(-1.052972635197,-4.806156764805));
#2598 = CARTESIAN_POINT('',(-1.05152109204,-4.809363146061));
#2599 = CARTESIAN_POINT('',(-1.050061432039,-4.811495078256));
#2600 = CARTESIAN_POINT('',(-1.048597704774,-4.812540196471));
#2601 = CARTESIAN_POINT('',(-1.046132310087,-4.812470982047));
#2602 = CARTESIAN_POINT('',(-1.04513035979,-4.81193366715));
#2603 = CARTESIAN_POINT('',(-1.044129796939,-4.810887227673));
#2604 = CARTESIAN_POINT('',(-1.043131927144,-4.809334490203));
#2605 = CARTESIAN_POINT('',(-1.042138001514,-4.807280841206));
#2606 = CARTESIAN_POINT('',(-1.041149215766,-4.804734020714));
#2607 = CARTESIAN_POINT('',(-1.040166709343,-4.801703916006));
#2608 = CARTESIAN_POINT('',(-1.038741917301,-4.796587757099));
#2609 = CARTESIAN_POINT('',(-1.038293827183,-4.794872881386));
#2610 = CARTESIAN_POINT('',(-1.037847395756,-4.793058882028));
#2611 = CARTESIAN_POINT('',(-1.0374027199,-4.791146972112));
#2612 = CARTESIAN_POINT('',(-1.036959891795,-4.789138423938));
#2613 = CARTESIAN_POINT('',(-1.036518998919,-4.787034569022));
#2614 = CARTESIAN_POINT('',(-1.036080124051,-4.784836798093));
#2615 = CARTESIAN_POINT('',(-1.034934962552,-4.778832176703));
#2616 = CARTESIAN_POINT('',(-1.034232091919,-4.774874544447));
#2617 = CARTESIAN_POINT('',(-1.033535066194,-4.770679786898));
#2618 = CARTESIAN_POINT('',(-1.03284418186,-4.7662542938));
#2619 = CARTESIAN_POINT('',(-1.032159700961,-4.761604647915));
#2620 = CARTESIAN_POINT('',(-1.031481853019,-4.756737550865));
#2621 = CARTESIAN_POINT('',(-1.030810836945,-4.751659748988));
#2622 = CARTESIAN_POINT('',(-1.028802513513,-4.735684871456));
#2623 = CARTESIAN_POINT('',(-1.02748697256,-4.724156174764));
#2624 = CARTESIAN_POINT('',(-1.02620150214,-4.711847262813));
#2625 = CARTESIAN_POINT('',(-1.024946991735,-4.698812800804));
#2626 = CARTESIAN_POINT('',(-1.023723967542,-4.68510565652));
#2627 = CARTESIAN_POINT('',(-1.022532641748,-4.670775831401));
#2628 = CARTESIAN_POINT('',(-1.021372961815,-4.655869391632));
#2629 = CARTESIAN_POINT('',(-1.018587155719,-4.617742724965));
#2630 = CARTESIAN_POINT('',(-1.01699768849,-4.593906950852));
#2631 = CARTESIAN_POINT('',(-1.01547513483,-4.569048670167));
#2632 = CARTESIAN_POINT('',(-1.014018050956,-4.543283198758));
#2633 = CARTESIAN_POINT('',(-1.012624727347,-4.516712246808));
#2634 = CARTESIAN_POINT('',(-1.011293243562,-4.489423590601));
#2635 = CARTESIAN_POINT('',(-1.01002152305,-4.461490744282));
#2636 = CARTESIAN_POINT('',(-1.00769100846,-4.406750643019));
#2637 = CARTESIAN_POINT('',(-1.006623489697,-4.38003800965));
#2638 = CARTESIAN_POINT('',(-1.005603225926,-4.352883070143));
#2639 = CARTESIAN_POINT('',(-1.004628711801,-4.325328991646));
#2640 = CARTESIAN_POINT('',(-1.003698529853,-4.297413983314));
#2641 = CARTESIAN_POINT('',(-1.002811337962,-4.269171509794));
#2642 = CARTESIAN_POINT('',(-1.001965856831,-4.240630504708));
#2643 = CARTESIAN_POINT('',(-1.000464536787,-4.186890813294));
#2644 = CARTESIAN_POINT('',(-0.999798535973,-4.161762139689));
#2645 = CARTESIAN_POINT('',(-0.999162079016,-4.136446059944));
#2646 = CARTESIAN_POINT('',(-0.998554446608,-4.110957694456));
#2647 = CARTESIAN_POINT('',(-0.997974970516,-4.085310841826));
#2648 = CARTESIAN_POINT('',(-0.997423027956,-4.059518033281));
#2649 = CARTESIAN_POINT('',(-0.996898035977,-4.033590587109));
#2650 = CARTESIAN_POINT('',(-0.994859093799,-3.927053448733));
#2651 = CARTESIAN_POINT('',(-0.993571167833,-3.845402776784));
#2652 = CARTESIAN_POINT('',(-0.992518845514,-3.762861632598));
#2653 = CARTESIAN_POINT('',(-0.991690345176,-3.679662186783));
#2654 = CARTESIAN_POINT('',(-0.99107664606,-3.596004555919));
#2655 = CARTESIAN_POINT('',(-0.990670805864,-3.512060503329));
#2656 = CARTESIAN_POINT('',(-0.990468087272,-3.427974170144));
#2657 = CARTESIAN_POINT('',(-0.990463601554,-3.237635189854));
#2658 = CARTESIAN_POINT('',(-0.990781303067,-3.131477619021));
#2659 = CARTESIAN_POINT('',(-0.991413277653,-3.02559340605));
#2660 = CARTESIAN_POINT('',(-0.992360545569,-2.920257412846));
#2661 = CARTESIAN_POINT('',(-0.993628117791,-2.815814309439));
#2662 = CARTESIAN_POINT('',(-0.99522601597,-2.712686998598));
#2663 = CARTESIAN_POINT('',(-0.997168492578,-2.611374921596));
#2664 = CARTESIAN_POINT('',(-0.999483020242,-2.512494310424));
#2665 = ( GEOMETRIC_REPRESENTATION_CONTEXT(2) 
PARAMETRIC_REPRESENTATION_CONTEXT() REPRESENTATION_CONTEXT('2D SPACE',''
  ) );
#2666 = ORIENTED_EDGE('',*,*,#2667,.F.);
#2667 = EDGE_CURVE('',#151,#2060,#2668,.T.);
#2668 = SEAM_CURVE('',#2669,(#2673,#2680),.PCURVE_S1.);
#2669 = LINE('',#2670,#2671);
#2670 = CARTESIAN_POINT('',(27.,42.002232083545,-16.));
#2671 = VECTOR('',#2672,1.);
#2672 = DIRECTION('',(0.,0.,1.));
#2673 = PCURVE('',#167,#2674);
#2674 = DEFINITIONAL_REPRESENTATION('',(#2675),#2679);
#2675 = LINE('',#2676,#2677);
#2676 = CARTESIAN_POINT('',(6.28318530718,-0.));
#2677 = VECTOR('',#2678,1.);
#2678 = DIRECTION('',(0.,1.));
#2679 = ( GEOMETRIC_REPRESENTATION_CONTEXT(2) 
PARAMETRIC_REPRESENTATION_CONTEXT() REPRESENTATION_CONTEXT('2D SPACE',''
  ) );
#2680 = PCURVE('',#167,#2681);
#2681 = DEFINITIONAL_REPRESENTATION('',(#2682),#2686);
#2682 = LINE('',#2683,#2684);
#2683 = CARTESIAN_POINT('',(0.,-0.));
#2684 = VECTOR('',#2685,1.);
#2685 = DIRECTION('',(0.,1.));
#2686 = ( GEOMETRIC_REPRESENTATION_CONTEXT(2) 
PARAMETRIC_REPRESENTATION_CONTEXT() REPRESENTATION_CONTEXT('2D SPACE',''
  ) );
#2687 = ORIENTED_EDGE('',*,*,#150,.T.);
#2688 = ORIENTED_EDGE('',*,*,#2667,.T.);
#2689 = ADVANCED_FACE('',(#2690),#198,.F.);
#2690 = FACE_BOUND('',#2691,.F.);
#2691 = EDGE_LOOP('',(#2692,#3198,#3219,#3220));
#2692 = ORIENTED_EDGE('',*,*,#2693,.F.);
#2693 = EDGE_CURVE('',#2694,#2694,#2696,.T.);
#2694 = VERTEX_POINT('',#2695);
#2695 = CARTESIAN_POINT('',(-45.75,5.265981236334E-15,4.8125));
#2696 = SURFACE_CURVE('',#2697,(#2862,#3030),.PCURVE_S1.);
#2697 = B_SPLINE_CURVE_WITH_KNOTS('',7,(#2698,#2699,#2700,#2701,#2702,
    #2703,#2704,#2705,#2706,#2707,#2708,#2709,#2710,#2711,#2712,#2713,
    #2714,#2715,#2716,#2717,#2718,#2719,#2720,#2721,#2722,#2723,#2724,
    #2725,#2726,#2727,#2728,#2729,#2730,#2731,#2732,#2733,#2734,#2735,
    #2736,#2737,#2738,#2739,#2740,#2741,#2742,#2743,#2744,#2745,#2746,
    #2747,#2748,#2749,#2750,#2751,#2752,#2753,#2754,#2755,#2756,#2757,
    #2758,#2759,#2760,#2761,#2762,#2763,#2764,#2765,#2766,#2767,#2768,
    #2769,#2770,#2771,#2772,#2773,#2774,#2775,#2776,#2777,#2778,#2779,
    #2780,#2781,#2782,#2783,#2784,#2785,#2786,#2787,#2788,#2789,#2790,
    #2791,#2792,#2793,#2794,#2795,#2796,#2797,#2798,#2799,#2800,#2801,
    #2802,#2803,#2804,#2805,#2806,#2807,#2808,#2809,#2810,#2811,#2812,
    #2813,#2814,#2815,#2816,#2817,#2818,#2819,#2820,#2821,#2822,#2823,
    #2824,#2825,#2826,#2827,#2828,#2829,#2830,#2831,#2832,#2833,#2834,
    #2835,#2836,#2837,#2838,#2839,#2840,#2841,#2842,#2843,#2844,#2845,
    #2846,#2847,#2848,#2849,#2850,#2851,#2852,#2853,#2854,#2855,#2856,
    #2857,#2858,#2859,#2860,#2861),.UNSPECIFIED.,.T.,.F.,(8,6,6,6,6,6,6,
    6,6,6,6,6,6,6,6,6,6,6,6,6,6,6,6,6,6,6,6,8),(0.,3.500506707822E-02,
    5.900020562273E-02,9.424878455851E-02,0.126662108979,0.15470250592,
    0.241964284262,0.328681931683,0.358517954663,0.393712231177,
    0.433352921209,0.460354155139,0.473802147761,0.50000710929,
    0.518129209772,0.526212923173,0.53966045781,0.566660772184,
    0.606300112211,0.641493190147,0.671328197029,0.758042891191,
    0.845301697741,0.873341139736,0.905753360287,0.941000738795,
    0.96499506016,1.),.UNSPECIFIED.);
#2698 = CARTESIAN_POINT('',(-45.75,5.329070518201E-15,4.8125));
#2699 = CARTESIAN_POINT('',(-45.75,0.115700149543,4.8125));
#2700 = CARTESIAN_POINT('',(-45.75567929847,0.231437652959,
    4.809188640041));
#2701 = CARTESIAN_POINT('',(-45.76704358949,0.346119649633,
    4.802562530818));
#2702 = CARTESIAN_POINT('',(-45.78385358775,0.458868578176,
    4.792764104518));
#2703 = CARTESIAN_POINT('',(-45.80572317358,0.568987772151,
    4.780023758459));
#2704 = CARTESIAN_POINT('',(-45.83218628253,0.675935522306,
    4.764619740993));
#2705 = CARTESIAN_POINT('',(-45.88367127068,0.85016670263,4.73467900791)
  );
#2706 = CARTESIAN_POINT('',(-45.906539891,0.919383026062,4.721386773437)
  );
#2707 = CARTESIAN_POINT('',(-45.93119011435,0.98686691265,4.707067594966
    ));
#2708 = CARTESIAN_POINT('',(-45.9574759658,1.052563624273,4.691808609425
    ));
#2709 = CARTESIAN_POINT('',(-45.98525861816,1.11644794017,4.675692703591
    ));
#2710 = CARTESIAN_POINT('',(-46.01441122811,1.178518749436,
    4.658795645703));
#2711 = CARTESIAN_POINT('',(-46.0894994455,1.32733676063,4.615310764652)
  );
#2712 = CARTESIAN_POINT('',(-46.13688329731,1.411984396974,
    4.587900767498));
#2713 = CARTESIAN_POINT('',(-46.18663116631,1.492812557587,
    4.559159201591));
#2714 = CARTESIAN_POINT('',(-46.23844287825,1.569921361876,
    4.529265520446));
#2715 = CARTESIAN_POINT('',(-46.2920640698,1.643430454852,4.49837175126)
  );
#2716 = CARTESIAN_POINT('',(-46.34728801233,1.71347441836,4.466601591037
    ));
#2717 = CARTESIAN_POINT('',(-46.45606859745,1.841554953916,
    4.404115774012));
#2718 = CARTESIAN_POINT('',(-46.5093923891,1.900092905112,4.373526413327
    ));
#2719 = CARTESIAN_POINT('',(-46.56379950688,1.955917683972,
    4.342358928111));
#2720 = CARTESIAN_POINT('',(-46.61917774579,2.009125221896,
    4.310680460988));
#2721 = CARTESIAN_POINT('',(-46.67543117555,2.059803639929,
    4.278548358818));
#2722 = CARTESIAN_POINT('',(-46.73247931668,2.108035155085,4.24601074175
    ));
#2723 = CARTESIAN_POINT('',(-46.84023853964,2.193573398739,
    4.184642483434));
#2724 = CARTESIAN_POINT('',(-46.89076377221,2.231474090677,
    4.155905346384));
#2725 = CARTESIAN_POINT('',(-46.94178778193,2.267649120993,
    4.126922116168));
#2726 = CARTESIAN_POINT('',(-46.99327085614,2.302142397741,
    4.097716486971));
#2727 = CARTESIAN_POINT('',(-47.04517759332,2.334993416009,
    4.068309537708));
#2728 = CARTESIAN_POINT('',(-47.09747669467,2.366237995403,
    4.038719877589));
#2729 = CARTESIAN_POINT('',(-47.31403143159,2.48824530512,3.916362785478
    ));
#2730 = CARTESIAN_POINT('',(-47.48140149195,2.565311271173,3.8221811458)
  );
#2731 = CARTESIAN_POINT('',(-47.65149649367,2.628151212811,
    3.726868812739));
#2732 = CARTESIAN_POINT('',(-47.82369929896,2.677334848529,
    3.630787557851));
#2733 = CARTESIAN_POINT('',(-47.99748177409,2.713249204547,
    3.534240845033));
#2734 = CARTESIAN_POINT('',(-48.17240782439,2.736083981676,
    3.437474175166));
#2735 = CARTESIAN_POINT('',(-48.52275327845,2.755461743443,3.24448986813
    ));
#2736 = CARTESIAN_POINT('',(-48.69806045926,2.752162045348,
    3.148328945057));
#2737 = CARTESIAN_POINT('',(-48.87369412255,2.73589230254,3.05239302376)
  );
#2738 = CARTESIAN_POINT('',(-49.04921811419,2.706414431793,
    2.956916983351));
#2739 = CARTESIAN_POINT('',(-49.22410791102,2.663312594706,
    2.862177720567));
#2740 = CARTESIAN_POINT('',(-49.39774805187,2.606005217041,
    2.768494087122));
#2741 = CARTESIAN_POINT('',(-49.62846124665,2.508622059878,
    2.644501233431));
#2742 = CARTESIAN_POINT('',(-49.68727934942,2.481902868077,
    2.612933507102));
#2743 = CARTESIAN_POINT('',(-49.74582378026,2.453356353352,
    2.581555073701));
#2744 = CARTESIAN_POINT('',(-49.80405755904,2.422942574037,
    2.550384835431));
#2745 = CARTESIAN_POINT('',(-49.86193910885,2.390617863844,
    2.519444009772));
#2746 = CARTESIAN_POINT('',(-49.91942204436,2.356334263842,
    2.488756217471));
#2747 = CARTESIAN_POINT('',(-50.04373042184,2.277225367768,
    2.422477832493));
#2748 = CARTESIAN_POINT('',(-50.11037605645,2.231615081071,
    2.386998453958));
#2749 = CARTESIAN_POINT('',(-50.17631024929,2.183119240922,
    2.351950818118));
#2750 = CARTESIAN_POINT('',(-50.24143419814,2.131644269383,
    2.317385118475));
#2751 = CARTESIAN_POINT('',(-50.30563104235,2.077090472776,
    2.283360724501));
#2752 = CARTESIAN_POINT('',(-50.36876499174,2.01935065047,2.249946547299
    ));
#2753 = CARTESIAN_POINT('',(-50.50041826369,1.889554771718,
    2.180361797944));
#2754 = CARTESIAN_POINT('',(-50.56859579604,1.816625784344,
    2.144383950915));
#2755 = CARTESIAN_POINT('',(-50.6350025463,1.73934616822,2.109394284267)
  );
#2756 = CARTESIAN_POINT('',(-50.69936300832,1.657551654915,
    2.075532598612));
#2757 = CARTESIAN_POINT('',(-50.76133915921,1.571096795356,
    2.042970598166));
#2758 = CARTESIAN_POINT('',(-50.82053294245,1.4798624743,2.01191041384)
  );
#2759 = CARTESIAN_POINT('',(-50.91460301901,1.318305610783,
    1.962606860775));
#2760 = CARTESIAN_POINT('',(-50.95120850915,1.250601264449,
    1.943437993022));
#2761 = CARTESIAN_POINT('',(-50.98615910936,1.18063114741,1.925150710121
    ));
#2762 = CARTESIAN_POINT('',(-51.01928679104,1.108398702138,
    1.907830400777));
#2763 = CARTESIAN_POINT('',(-51.05040787889,1.033936938629,1.89157044699
    ));
#2764 = CARTESIAN_POINT('',(-51.07932932068,0.957315321056,
    1.876469015703));
#2765 = CARTESIAN_POINT('',(-51.11906607765,0.839465643262,
    1.855731247609));
#2766 = CARTESIAN_POINT('',(-51.13168255581,0.799778057729,
    1.849148948702));
#2767 = CARTESIAN_POINT('',(-51.14367999367,0.759599014776,
    1.842891365068));
#2768 = CARTESIAN_POINT('',(-51.15503387385,0.718946717869,
    1.836970970185));
#2769 = CARTESIAN_POINT('',(-51.16572000713,0.677842748611,
    1.831400072058));
#2770 = CARTESIAN_POINT('',(-51.17571498008,0.636312358346,1.82619058561
    ));
#2771 = CARTESIAN_POINT('',(-51.20308291316,0.512684007945,
    1.811928781457));
#2772 = CARTESIAN_POINT('',(-51.21846414503,0.429457960405,
    1.803917099215));
#2773 = CARTESIAN_POINT('',(-51.23096974968,0.344945889404,
    1.797405621282));
#2774 = CARTESIAN_POINT('',(-51.24045656844,0.259419814148,
    1.792467231274));
#2775 = CARTESIAN_POINT('',(-51.2468191387,0.173185978927,1.789155608006
    ));
#2776 = CARTESIAN_POINT('',(-51.25,8.658633125359E-02,1.7875));
#2777 = CARTESIAN_POINT('',(-51.25,-5.987897343713E-02,1.7875));
#2778 = CARTESIAN_POINT('',(-51.24847886064,-0.119760612387,
    1.788291735643));
#2779 = CARTESIAN_POINT('',(-51.24543642255,-0.17952361626,
    1.789875285355));
#2780 = CARTESIAN_POINT('',(-51.24088552414,-0.239052924811,
    1.792244112814));
#2781 = CARTESIAN_POINT('',(-51.23485071823,-0.298239660626,
    1.795385718091));
#2782 = CARTESIAN_POINT('',(-51.22736698863,-0.35698107161,
    1.799282288781));
#2783 = CARTESIAN_POINT('',(-51.21451356972,-0.441141442266,
    1.80597623393));
#2784 = CARTESIAN_POINT('',(-51.21026904065,-0.466995168106,
    1.808186922879));
#2785 = CARTESIAN_POINT('',(-51.20574876944,-0.492733465589,
    1.810541437673));
#2786 = CARTESIAN_POINT('',(-51.20095689001,-0.51834860919,
    1.813037673886));
#2787 = CARTESIAN_POINT('',(-51.19589778038,-0.543833333271,
    1.815673402979));
#2788 = CARTESIAN_POINT('',(-51.19057606261,-0.569180832085,
    1.818446272296));
#2789 = CARTESIAN_POINT('',(-51.17571498008,-0.636312358346,
    1.82619058561));
#2790 = CARTESIAN_POINT('',(-51.16572000713,-0.677842748611,
    1.831400072058));
#2791 = CARTESIAN_POINT('',(-51.15503387385,-0.718946717869,
    1.836970970185));
#2792 = CARTESIAN_POINT('',(-51.14367999367,-0.759599014776,
    1.842891365068));
#2793 = CARTESIAN_POINT('',(-51.13168255581,-0.799778057729,
    1.849148948702));
#2794 = CARTESIAN_POINT('',(-51.11906607765,-0.839465643262,
    1.855731247609));
#2795 = CARTESIAN_POINT('',(-51.07932932068,-0.957315321056,
    1.876469015703));
#2796 = CARTESIAN_POINT('',(-51.05040787889,-1.033936938629,
    1.89157044699));
#2797 = CARTESIAN_POINT('',(-51.01928679104,-1.108398702139,
    1.907830400777));
#2798 = CARTESIAN_POINT('',(-50.98615910936,-1.18063114741,
    1.925150710121));
#2799 = CARTESIAN_POINT('',(-50.95120850915,-1.250601264449,
    1.943437993022));
#2800 = CARTESIAN_POINT('',(-50.91460301901,-1.318305610783,
    1.962606860775));
#2801 = CARTESIAN_POINT('',(-50.82053294245,-1.479862474301,
    2.01191041384));
#2802 = CARTESIAN_POINT('',(-50.76133915921,-1.571096795356,
    2.042970598166));
#2803 = CARTESIAN_POINT('',(-50.69936300832,-1.657551654915,
    2.075532598612));
#2804 = CARTESIAN_POINT('',(-50.6350025463,-1.739346168221,
    2.109394284267));
#2805 = CARTESIAN_POINT('',(-50.56859579604,-1.816625784344,
    2.144383950915));
#2806 = CARTESIAN_POINT('',(-50.50041826369,-1.889554771718,
    2.180361797944));
#2807 = CARTESIAN_POINT('',(-50.36876499174,-2.01935065047,
    2.249946547299));
#2808 = CARTESIAN_POINT('',(-50.30563104235,-2.077090472776,
    2.283360724501));
#2809 = CARTESIAN_POINT('',(-50.24143419814,-2.131644269383,
    2.317385118475));
#2810 = CARTESIAN_POINT('',(-50.17631024929,-2.183119240923,
    2.351950818118));
#2811 = CARTESIAN_POINT('',(-50.11037605645,-2.231615081071,
    2.386998453958));
#2812 = CARTESIAN_POINT('',(-50.04373042184,-2.277225367768,
    2.422477832493));
#2813 = CARTESIAN_POINT('',(-49.91942204436,-2.356334263842,
    2.488756217471));
#2814 = CARTESIAN_POINT('',(-49.86193910885,-2.390617863844,
    2.519444009772));
#2815 = CARTESIAN_POINT('',(-49.80405755904,-2.422942574037,
    2.550384835431));
#2816 = CARTESIAN_POINT('',(-49.74582378026,-2.453356353352,
    2.581555073701));
#2817 = CARTESIAN_POINT('',(-49.68727934942,-2.481902868077,
    2.612933507102));
#2818 = CARTESIAN_POINT('',(-49.62846124665,-2.508622059878,
    2.644501233431));
#2819 = CARTESIAN_POINT('',(-49.39774805187,-2.606005217041,
    2.768494087122));
#2820 = CARTESIAN_POINT('',(-49.22410791102,-2.663312594706,
    2.862177720567));
#2821 = CARTESIAN_POINT('',(-49.04921811419,-2.706414431793,
    2.956916983352));
#2822 = CARTESIAN_POINT('',(-48.87369412255,-2.735892302539,
    3.05239302376));
#2823 = CARTESIAN_POINT('',(-48.69806045926,-2.752162045348,
    3.148328945057));
#2824 = CARTESIAN_POINT('',(-48.52275327845,-2.755461743443,
    3.24448986813));
#2825 = CARTESIAN_POINT('',(-48.17240782439,-2.736083981676,
    3.437474175166));
#2826 = CARTESIAN_POINT('',(-47.99748177408,-2.713249204547,
    3.534240845035));
#2827 = CARTESIAN_POINT('',(-47.82369929896,-2.677334848528,
    3.630787557848));
#2828 = CARTESIAN_POINT('',(-47.65149649367,-2.62815121281,
    3.726868812742));
#2829 = CARTESIAN_POINT('',(-47.48140149196,-2.565311271174,
    3.822181145798));
#2830 = CARTESIAN_POINT('',(-47.31403143159,-2.48824530512,
    3.916362785479));
#2831 = CARTESIAN_POINT('',(-47.09747669467,-2.366237995403,
    4.038719877589));
#2832 = CARTESIAN_POINT('',(-47.04517759332,-2.334993416009,
    4.068309537708));
#2833 = CARTESIAN_POINT('',(-46.99327085613,-2.302142397741,
    4.097716486972));
#2834 = CARTESIAN_POINT('',(-46.94178778193,-2.267649120993,
    4.126922116168));
#2835 = CARTESIAN_POINT('',(-46.89076377221,-2.231474090676,
    4.155905346385));
#2836 = CARTESIAN_POINT('',(-46.84023853964,-2.193573398739,
    4.184642483435));
#2837 = CARTESIAN_POINT('',(-46.73247931667,-2.108035155085,
    4.24601074175));
#2838 = CARTESIAN_POINT('',(-46.67543117555,-2.059803639928,
    4.278548358818));
#2839 = CARTESIAN_POINT('',(-46.61917774579,-2.009125221896,
    4.310680460988));
#2840 = CARTESIAN_POINT('',(-46.56379950688,-1.955917683972,
    4.342358928111));
#2841 = CARTESIAN_POINT('',(-46.50939238909,-1.900092905111,
    4.373526413327));
#2842 = CARTESIAN_POINT('',(-46.45606859745,-1.841554953916,
    4.404115774012));
#2843 = CARTESIAN_POINT('',(-46.34728801233,-1.71347441836,
    4.466601591037));
#2844 = CARTESIAN_POINT('',(-46.2920640698,-1.643430454852,4.49837175126
    ));
#2845 = CARTESIAN_POINT('',(-46.23844287825,-1.569921361876,
    4.529265520446));
#2846 = CARTESIAN_POINT('',(-46.18663116631,-1.492812557587,
    4.559159201591));
#2847 = CARTESIAN_POINT('',(-46.13688329731,-1.411984396974,
    4.587900767498));
#2848 = CARTESIAN_POINT('',(-46.0894994455,-1.32733676063,4.615310764652
    ));
#2849 = CARTESIAN_POINT('',(-46.01441122811,-1.178518749436,
    4.658795645703));
#2850 = CARTESIAN_POINT('',(-45.98525861816,-1.11644794017,
    4.675692703591));
#2851 = CARTESIAN_POINT('',(-45.9574759658,-1.052563624273,
    4.691808609425));
#2852 = CARTESIAN_POINT('',(-45.93119011435,-0.986866912649,
    4.707067594966));
#2853 = CARTESIAN_POINT('',(-45.906539891,-0.919383026061,4.721386773437
    ));
#2854 = CARTESIAN_POINT('',(-45.88367127068,-0.85016670263,4.73467900791
    ));
#2855 = CARTESIAN_POINT('',(-45.83218535325,-0.675932377497,
    4.764620281412));
#2856 = CARTESIAN_POINT('',(-45.80572314968,-0.568986579547,
    4.780023772659));
#2857 = CARTESIAN_POINT('',(-45.78385314736,-0.458867158561,
    4.792764361113));
#2858 = CARTESIAN_POINT('',(-45.76704231744,-0.346113821682,
    4.802563271882));
#2859 = CARTESIAN_POINT('',(-45.75567819823,-0.231426506831,
    4.809189281549));
#2860 = CARTESIAN_POINT('',(-45.75,-0.115689185842,4.8125));
#2861 = CARTESIAN_POINT('',(-45.75,5.329070518201E-15,4.8125));
#2862 = PCURVE('',#198,#2863);
#2863 = DEFINITIONAL_REPRESENTATION('',(#2864),#3029);
#2864 = B_SPLINE_CURVE_WITH_KNOTS('',7,(#2865,#2866,#2867,#2868,#2869,
    #2870,#2871,#2872,#2873,#2874,#2875,#2876,#2877,#2878,#2879,#2880,
    #2881,#2882,#2883,#2884,#2885,#2886,#2887,#2888,#2889,#2890,#2891,
    #2892,#2893,#2894,#2895,#2896,#2897,#2898,#2899,#2900,#2901,#2902,
    #2903,#2904,#2905,#2906,#2907,#2908,#2909,#2910,#2911,#2912,#2913,
    #2914,#2915,#2916,#2917,#2918,#2919,#2920,#2921,#2922,#2923,#2924,
    #2925,#2926,#2927,#2928,#2929,#2930,#2931,#2932,#2933,#2934,#2935,
    #2936,#2937,#2938,#2939,#2940,#2941,#2942,#2943,#2944,#2945,#2946,
    #2947,#2948,#2949,#2950,#2951,#2952,#2953,#2954,#2955,#2956,#2957,
    #2958,#2959,#2960,#2961,#2962,#2963,#2964,#2965,#2966,#2967,#2968,
    #2969,#2970,#2971,#2972,#2973,#2974,#2975,#2976,#2977,#2978,#2979,
    #2980,#2981,#2982,#2983,#2984,#2985,#2986,#2987,#2988,#2989,#2990,
    #2991,#2992,#2993,#2994,#2995,#2996,#2997,#2998,#2999,#3000,#3001,
    #3002,#3003,#3004,#3005,#3006,#3007,#3008,#3009,#3010,#3011,#3012,
    #3013,#3014,#3015,#3016,#3017,#3018,#3019,#3020,#3021,#3022,#3023,
    #3024,#3025,#3026,#3027,#3028),.UNSPECIFIED.,.F.,.F.,(8,6,6,6,6,6,6,
    6,6,6,6,6,6,6,6,6,6,6,6,6,6,6,6,6,6,6,6,8),(0.,3.500506707822E-02,
    5.900020562273E-02,9.424878455851E-02,0.126662108979,0.15470250592,
    0.241964284262,0.328681931683,0.358517954663,0.393712231177,
    0.433352921209,0.460354155139,0.473802147761,0.50000710929,
    0.518129209772,0.526212923173,0.53966045781,0.566660772184,
    0.606300112211,0.641493190147,0.671328197029,0.758042891191,
    0.845301697741,0.873341139736,0.905753360287,0.941000738795,
    0.96499506016,1.),.UNSPECIFIED.);
#2865 = CARTESIAN_POINT('',(0.,20.8125));
#2866 = CARTESIAN_POINT('',(4.20727816519E-02,20.8125));
#2867 = CARTESIAN_POINT('',(8.415908895819E-02,20.809188640041));
#2868 = CARTESIAN_POINT('',(0.125983478896,20.802562530818));
#2869 = CARTESIAN_POINT('',(0.167348055631,20.792764104518));
#2870 = CARTESIAN_POINT('',(0.208102103742,20.780023758459));
#2871 = CARTESIAN_POINT('',(0.248124876494,20.764619740993));
#2872 = CARTESIAN_POINT('',(0.314189916524,20.73467900791));
#2873 = CARTESIAN_POINT('',(0.340684242621,20.721386773437));
#2874 = CARTESIAN_POINT('',(0.366789810901,20.707067594966));
#2875 = CARTESIAN_POINT('',(0.392499983055,20.691808609425));
#2876 = CARTESIAN_POINT('',(0.41781520856,20.675692703591));
#2877 = CARTESIAN_POINT('',(0.442742044199,20.658795645703));
#2878 = CARTESIAN_POINT('',(0.503356027635,20.615310764652));
#2879 = CARTESIAN_POINT('',(0.53859884608,20.587900767498));
#2880 = CARTESIAN_POINT('',(0.573065461842,20.559159201591));
#2881 = CARTESIAN_POINT('',(0.606800247391,20.529265520446));
#2882 = CARTESIAN_POINT('',(0.639849267094,20.49837175126));
#2883 = CARTESIAN_POINT('',(0.672262429557,20.466601591037));
#2884 = CARTESIAN_POINT('',(0.733368314395,20.404115774012));
#2885 = CARTESIAN_POINT('',(0.762145198388,20.373526413327));
#2886 = CARTESIAN_POINT('',(0.79046598137,20.342358928111));
#2887 = CARTESIAN_POINT('',(0.818365740871,20.310680460988));
#2888 = CARTESIAN_POINT('',(0.845876499512,20.278548358818));
#2889 = CARTESIAN_POINT('',(0.873028782,20.24601074175));
#2890 = CARTESIAN_POINT('',(0.923058645824,20.184642483434));
#2891 = CARTESIAN_POINT('',(0.946017551386,20.155905346384));
#2892 = CARTESIAN_POINT('',(0.96874876156,20.126922116168));
#2893 = CARTESIAN_POINT('',(0.991269393024,20.097716486971));
#2894 = CARTESIAN_POINT('',(1.013595259191,20.068309537708));
#2895 = CARTESIAN_POINT('',(1.035741322996,20.038719877589));
#2896 = CARTESIAN_POINT('',(1.126126531841,19.916362785478));
#2897 = CARTESIAN_POINT('',(1.192907630985,19.8221811458));
#2898 = CARTESIAN_POINT('',(1.258535174633,19.726868812739));
#2899 = CARTESIAN_POINT('',(1.323328329483,19.630787557851));
#2900 = CARTESIAN_POINT('',(1.387575229281,19.534240845033));
#2901 = CARTESIAN_POINT('',(1.451546122473,19.437474175166));
#2902 = CARTESIAN_POINT('',(1.579139191966,19.24448986813));
#2903 = CARTESIAN_POINT('',(1.642723658534,19.148328945057));
#2904 = CARTESIAN_POINT('',(1.706586609564,19.05239302376));
#2905 = CARTESIAN_POINT('',(1.770983210187,18.956916983351));
#2906 = CARTESIAN_POINT('',(1.836176657672,18.862177720567));
#2907 = CARTESIAN_POINT('',(1.902452489946,18.768494087122));
#2908 = CARTESIAN_POINT('',(1.99351567393,18.644501233431));
#2909 = CARTESIAN_POINT('',(2.016998932081,18.612933507102));
#2910 = CARTESIAN_POINT('',(2.040669617835,18.581555073701));
#2911 = CARTESIAN_POINT('',(2.064543022679,18.550384835431));
#2912 = CARTESIAN_POINT('',(2.08863516279,18.519444009772));
#2913 = CARTESIAN_POINT('',(2.112963215585,18.488756217471));
#2914 = CARTESIAN_POINT('',(2.166543513122,18.422477832493));
#2915 = CARTESIAN_POINT('',(2.195893821406,18.386998453958));
#2916 = CARTESIAN_POINT('',(2.225629158566,18.351950818118));
#2917 = CARTESIAN_POINT('',(2.255781521017,18.317385118475));
#2918 = CARTESIAN_POINT('',(2.28638423735,18.283360724501));
#2919 = CARTESIAN_POINT('',(2.31747358155,18.249946547299));
#2920 = CARTESIAN_POINT('',(2.384701629767,18.180361797944));
#2921 = CARTESIAN_POINT('',(2.420974696105,18.144383950915));
#2922 = CARTESIAN_POINT('',(2.457973730876,18.109394284267));
#2923 = CARTESIAN_POINT('',(2.495755385233,18.075532598612));
#2924 = CARTESIAN_POINT('',(2.534371678147,18.042970598166));
#2925 = CARTESIAN_POINT('',(2.573872858723,18.01191041384));
#2926 = CARTESIAN_POINT('',(2.641854187665,17.962606860775));
#2927 = CARTESIAN_POINT('',(2.66982806734,17.943437993022));
#2928 = CARTESIAN_POINT('',(2.698245098928,17.925150710121));
#2929 = CARTESIAN_POINT('',(2.727112657716,17.907830400777));
#2930 = CARTESIAN_POINT('',(2.756431233896,17.89157044699));
#2931 = CARTESIAN_POINT('',(2.786193363579,17.876469015703));
#2932 = CARTESIAN_POINT('',(2.831418320356,17.855731247609));
#2933 = CARTESIAN_POINT('',(2.846559548214,17.849148948702));
#2934 = CARTESIAN_POINT('',(2.861803742886,17.842891365068));
#2935 = CARTESIAN_POINT('',(2.877147696264,17.836970970185));
#2936 = CARTESIAN_POINT('',(2.892587399827,17.831400072058));
#2937 = CARTESIAN_POINT('',(2.908117951838,17.82619058561));
#2938 = CARTESIAN_POINT('',(2.954162088456,17.811928781457));
#2939 = CARTESIAN_POINT('',(2.984919750373,17.803917099215));
#2940 = CARTESIAN_POINT('',(3.015953716319,17.797405621282));
#2941 = CARTESIAN_POINT('',(3.047207106296,17.792467231274));
#2942 = CARTESIAN_POINT('',(3.078616028736,17.789155608006));
#2943 = CARTESIAN_POINT('',(3.110106714952,17.7875));
#2944 = CARTESIAN_POINT('',(3.163366825749,17.7875));
#2945 = CARTESIAN_POINT('',(3.185141958941,17.788291735643));
#2946 = CARTESIAN_POINT('',(3.206890837565,17.789875285355));
#2947 = CARTESIAN_POINT('',(3.228588449324,17.792244112814));
#2948 = CARTESIAN_POINT('',(3.250211521515,17.795385718091));
#2949 = CARTESIAN_POINT('',(3.271738057313,17.799282288781));
#2950 = CARTESIAN_POINT('',(3.302696687916,17.80597623393));
#2951 = CARTESIAN_POINT('',(3.312223302501,17.808186922879));
#2952 = CARTESIAN_POINT('',(3.321724988835,17.810541437673));
#2953 = CARTESIAN_POINT('',(3.331200132243,17.813037673886));
#2954 = CARTESIAN_POINT('',(3.340647230348,17.815673402979));
#2955 = CARTESIAN_POINT('',(3.350064893071,17.818446272296));
#2956 = CARTESIAN_POINT('',(3.375067355342,17.82619058561));
#2957 = CARTESIAN_POINT('',(3.390597907353,17.831400072058));
#2958 = CARTESIAN_POINT('',(3.406037610915,17.836970970185));
#2959 = CARTESIAN_POINT('',(3.421381564294,17.842891365068));
#2960 = CARTESIAN_POINT('',(3.436625758966,17.849148948702));
#2961 = CARTESIAN_POINT('',(3.451766986824,17.855731247609));
#2962 = CARTESIAN_POINT('',(3.4969919436,17.876469015703));
#2963 = CARTESIAN_POINT('',(3.526754073284,17.89157044699));
#2964 = CARTESIAN_POINT('',(3.556072649464,17.907830400777));
#2965 = CARTESIAN_POINT('',(3.584940208251,17.925150710121));
#2966 = CARTESIAN_POINT('',(3.613357239839,17.943437993022));
#2967 = CARTESIAN_POINT('',(3.641331119515,17.962606860775));
#2968 = CARTESIAN_POINT('',(3.709312448457,18.01191041384));
#2969 = CARTESIAN_POINT('',(3.748813629032,18.042970598166));
#2970 = CARTESIAN_POINT('',(3.787429921947,18.075532598612));
#2971 = CARTESIAN_POINT('',(3.825211576304,18.109394284267));
#2972 = CARTESIAN_POINT('',(3.862210611074,18.144383950915));
#2973 = CARTESIAN_POINT('',(3.898483677413,18.180361797944));
#2974 = CARTESIAN_POINT('',(3.96571172563,18.249946547299));
#2975 = CARTESIAN_POINT('',(3.996801069829,18.283360724501));
#2976 = CARTESIAN_POINT('',(4.027403786163,18.317385118475));
#2977 = CARTESIAN_POINT('',(4.057556148613,18.351950818118));
#2978 = CARTESIAN_POINT('',(4.087291485773,18.386998453958));
#2979 = CARTESIAN_POINT('',(4.116641794058,18.422477832493));
#2980 = CARTESIAN_POINT('',(4.170222091594,18.488756217471));
#2981 = CARTESIAN_POINT('',(4.194550144389,18.519444009772));
#2982 = CARTESIAN_POINT('',(4.218642284501,18.550384835431));
#2983 = CARTESIAN_POINT('',(4.242515689345,18.581555073701));
#2984 = CARTESIAN_POINT('',(4.266186375099,18.612933507102));
#2985 = CARTESIAN_POINT('',(4.28966963325,18.644501233431));
#2986 = CARTESIAN_POINT('',(4.380732817234,18.768494087122));
#2987 = CARTESIAN_POINT('',(4.447008649507,18.862177720567));
#2988 = CARTESIAN_POINT('',(4.512202096994,18.956916983352));
#2989 = CARTESIAN_POINT('',(4.576598697615,19.05239302376));
#2990 = CARTESIAN_POINT('',(4.640461648645,19.148328945057));
#2991 = CARTESIAN_POINT('',(4.704046115213,19.24448986813));
#2992 = CARTESIAN_POINT('',(4.831639184707,19.437474175166));
#2993 = CARTESIAN_POINT('',(4.8956100779,19.534240845035));
#2994 = CARTESIAN_POINT('',(4.959856977694,19.630787557848));
#2995 = CARTESIAN_POINT('',(5.02465013255,19.726868812742));
#2996 = CARTESIAN_POINT('',(5.090277676193,19.822181145798));
#2997 = CARTESIAN_POINT('',(5.157058775339,19.916362785479));
#2998 = CARTESIAN_POINT('',(5.247443984183,20.038719877589));
#2999 = CARTESIAN_POINT('',(5.269590047989,20.068309537708));
#3000 = CARTESIAN_POINT('',(5.291915914155,20.097716486972));
#3001 = CARTESIAN_POINT('',(5.31443654562,20.126922116168));
#3002 = CARTESIAN_POINT('',(5.337167755794,20.155905346385));
#3003 = CARTESIAN_POINT('',(5.360126661356,20.184642483435));
#3004 = CARTESIAN_POINT('',(5.410156525179,20.24601074175));
#3005 = CARTESIAN_POINT('',(5.437308807668,20.278548358818));
#3006 = CARTESIAN_POINT('',(5.464819566308,20.310680460988));
#3007 = CARTESIAN_POINT('',(5.492719325809,20.342358928111));
#3008 = CARTESIAN_POINT('',(5.521040108791,20.373526413327));
#3009 = CARTESIAN_POINT('',(5.549816992785,20.404115774012));
#3010 = CARTESIAN_POINT('',(5.610922877623,20.466601591037));
#3011 = CARTESIAN_POINT('',(5.643336040085,20.49837175126));
#3012 = CARTESIAN_POINT('',(5.676385059789,20.529265520446));
#3013 = CARTESIAN_POINT('',(5.710119845337,20.559159201591));
#3014 = CARTESIAN_POINT('',(5.744586461099,20.587900767498));
#3015 = CARTESIAN_POINT('',(5.779829279545,20.615310764652));
#3016 = CARTESIAN_POINT('',(5.84044326298,20.658795645703));
#3017 = CARTESIAN_POINT('',(5.86537009862,20.675692703591));
#3018 = CARTESIAN_POINT('',(5.890685324124,20.691808609425));
#3019 = CARTESIAN_POINT('',(5.916395496279,20.707067594966));
#3020 = CARTESIAN_POINT('',(5.942501064559,20.721386773437));
#3021 = CARTESIAN_POINT('',(5.968995390656,20.73467900791));
#3022 = CARTESIAN_POINT('',(6.035061623136,20.764620281412));
#3023 = CARTESIAN_POINT('',(6.075083623887,20.780023772659));
#3024 = CARTESIAN_POINT('',(6.115837794828,20.792764361113));
#3025 = CARTESIAN_POINT('',(6.157203989961,20.802563271882));
#3026 = CARTESIAN_POINT('',(6.19903026745,20.809189281549));
#3027 = CARTESIAN_POINT('',(6.241116512328,20.8125));
#3028 = CARTESIAN_POINT('',(6.28318530718,20.8125));
#3029 = ( GEOMETRIC_REPRESENTATION_CONTEXT(2) 
PARAMETRIC_REPRESENTATION_CONTEXT() REPRESENTATION_CONTEXT('2D SPACE',''
  ) );
#3030 = PCURVE('',#283,#3031);
#3031 = DEFINITIONAL_REPRESENTATION('',(#3032),#3197);
#3032 = B_SPLINE_CURVE_WITH_KNOTS('',7,(#3033,#3034,#3035,#3036,#3037,
    #3038,#3039,#3040,#3041,#3042,#3043,#3044,#3045,#3046,#3047,#3048,
    #3049,#3050,#3051,#3052,#3053,#3054,#3055,#3056,#3057,#3058,#3059,
    #3060,#3061,#3062,#3063,#3064,#3065,#3066,#3067,#3068,#3069,#3070,
    #3071,#3072,#3073,#3074,#3075,#3076,#3077,#3078,#3079,#3080,#3081,
    #3082,#3083,#3084,#3085,#3086,#3087,#3088,#3089,#3090,#3091,#3092,
    #3093,#3094,#3095,#3096,#3097,#3098,#3099,#3100,#3101,#3102,#3103,
    #3104,#3105,#3106,#3107,#3108,#3109,#3110,#3111,#3112,#3113,#3114,
    #3115,#3116,#3117,#3118,#3119,#3120,#3121,#3122,#3123,#3124,#3125,
    #3126,#3127,#3128,#3129,#3130,#3131,#3132,#3133,#3134,#3135,#3136,
    #3137,#3138,#3139,#3140,#3141,#3142,#3143,#3144,#3145,#3146,#3147,
    #3148,#3149,#3150,#3151,#3152,#3153,#3154,#3155,#3156,#3157,#3158,
    #3159,#3160,#3161,#3162,#3163,#3164,#3165,#3166,#3167,#3168,#3169,
    #3170,#3171,#3172,#3173,#3174,#3175,#3176,#3177,#3178,#3179,#3180,
    #3181,#3182,#3183,#3184,#3185,#3186,#3187,#3188,#3189,#3190,#3191,
    #3192,#3193,#3194,#3195,#3196),.UNSPECIFIED.,.T.,.F.,(8,6,6,6,6,6,6,
    6,6,6,6,6,6,6,6,6,6,6,6,6,6,6,6,6,6,6,6,8),(0.,3.500506707822E-02,
    5.900020562273E-02,9.424878455851E-02,0.126662108979,0.15470250592,
    0.241964284262,0.328681931683,0.358517954663,0.393712231177,
    0.433352921209,0.460354155139,0.473802147761,0.50000710929,
    0.518129209772,0.526212923173,0.53966045781,0.566660772184,
    0.606300112211,0.641493190147,0.671328197029,0.758042891191,
    0.845301697741,0.873341139736,0.905753360287,0.941000738795,
    0.96499506016,1.),.UNSPECIFIED.);
#3033 = CARTESIAN_POINT('',(-3.14159265359,-4.8125));
#3034 = CARTESIAN_POINT('',(-3.139063688572,-4.8125));
#3035 = CARTESIAN_POINT('',(-3.136533906575,-4.809188640041));
#3036 = CARTESIAN_POINT('',(-3.134028569289,-4.802562530818));
#3037 = CARTESIAN_POINT('',(-3.131568227791,-4.792764104518));
#3038 = CARTESIAN_POINT('',(-3.129169212409,-4.780023758459));
#3039 = CARTESIAN_POINT('',(-3.126844093493,-4.764619740993));
#3040 = CARTESIAN_POINT('',(-3.123065289019,-4.73467900791));
#3041 = CARTESIAN_POINT('',(-3.1215667193,-4.721386773437));
#3042 = CARTESIAN_POINT('',(-3.120108506542,-4.707067594966));
#3043 = CARTESIAN_POINT('',(-3.118691925314,-4.691808609425));
#3044 = CARTESIAN_POINT('',(-3.117317553852,-4.675692703591));
#3045 = CARTESIAN_POINT('',(-3.115985405746,-4.658795645703));
#3046 = CARTESIAN_POINT('',(-3.112799561171,-4.615310764652));
#3047 = CARTESIAN_POINT('',(-3.110994700507,-4.587900767498));
#3048 = CARTESIAN_POINT('',(-3.109278708863,-4.559159201591));
#3049 = CARTESIAN_POINT('',(-3.107649165885,-4.529265520446));
#3050 = CARTESIAN_POINT('',(-3.106103149596,-4.49837175126));
#3051 = CARTESIAN_POINT('',(-3.10463738435,-4.466601591037));
#3052 = CARTESIAN_POINT('',(-3.101971118458,-4.404115774012));
#3053 = CARTESIAN_POINT('',(-3.100758998269,-4.373526413327));
#3054 = CARTESIAN_POINT('',(-3.099609460801,-4.342358928111));
#3055 = CARTESIAN_POINT('',(-3.098520138357,-4.310680460988));
#3056 = CARTESIAN_POINT('',(-3.097488829738,-4.278548358818));
#3057 = CARTESIAN_POINT('',(-3.096513467025,-4.24601074175));
#3058 = CARTESIAN_POINT('',(-3.094795003005,-4.184642483434));
#3059 = CARTESIAN_POINT('',(-3.094038360801,-4.155905346384));
#3060 = CARTESIAN_POINT('',(-3.093320912901,-4.126922116168));
#3061 = CARTESIAN_POINT('',(-3.092641529831,-4.097716486971));
#3062 = CARTESIAN_POINT('',(-3.091999180494,-4.068309537708));
#3063 = CARTESIAN_POINT('',(-3.091392917169,-4.038719877589));
#3064 = CARTESIAN_POINT('',(-3.0890447309,-3.916362785478));
#3065 = CARTESIAN_POINT('',(-3.087609160924,-3.8221811458));
#3066 = CARTESIAN_POINT('',(-3.086487578642,-3.726868812739));
#3067 = CARTESIAN_POINT('',(-3.08566282048,-3.630787557851));
#3068 = CARTESIAN_POINT('',(-3.085121807496,-3.534240845033));
#3069 = CARTESIAN_POINT('',(-3.084855889613,-3.437474175166));
#3070 = CARTESIAN_POINT('',(-3.084866593355,-3.24448986813));
#3071 = CARTESIAN_POINT('',(-3.085139841073,-3.148328945057));
#3072 = CARTESIAN_POINT('',(-3.085676762918,-3.05239302376));
#3073 = CARTESIAN_POINT('',(-3.086477806613,-2.956916983351));
#3074 = CARTESIAN_POINT('',(-3.08754695417,-2.862177720567));
#3075 = CARTESIAN_POINT('',(-3.088891507724,-2.768494087122));
#3076 = CARTESIAN_POINT('',(-3.091088240298,-2.644501233431));
#3077 = CARTESIAN_POINT('',(-3.091684825666,-2.612933507102));
#3078 = CARTESIAN_POINT('',(-3.092316219877,-2.581555073701));
#3079 = CARTESIAN_POINT('',(-3.092983037221,-2.550384835431));
#3080 = CARTESIAN_POINT('',(-3.09368596369,-2.519444009772));
#3081 = CARTESIAN_POINT('',(-3.094425769042,-2.488756217471));
#3082 = CARTESIAN_POINT('',(-3.096120508929,-2.422477832493));
#3083 = CARTESIAN_POINT('',(-3.097090165269,-2.386998453958));
#3084 = CARTESIAN_POINT('',(-3.098113755654,-2.351950818118));
#3085 = CARTESIAN_POINT('',(-3.099192831105,-2.317385118475));
#3086 = CARTESIAN_POINT('',(-3.100329060859,-2.283360724501));
#3087 = CARTESIAN_POINT('',(-3.101524267321,-2.249946547299));
#3088 = CARTESIAN_POINT('',(-3.10419536109,-2.180361797944));
#3089 = CARTESIAN_POINT('',(-3.105687340047,-2.144383950915));
#3090 = CARTESIAN_POINT('',(-3.107259479234,-2.109394284267));
#3091 = CARTESIAN_POINT('',(-3.108914620991,-2.075532598612));
#3092 = CARTESIAN_POINT('',(-3.110655272092,-2.042970598166));
#3093 = CARTESIAN_POINT('',(-3.112483507179,-2.01191041384));
#3094 = CARTESIAN_POINT('',(-3.115706884327,-1.962606860775));
#3095 = CARTESIAN_POINT('',(-3.117054039972,-1.943437993022));
#3096 = CARTESIAN_POINT('',(-3.118442676534,-1.925150710121));
#3097 = CARTESIAN_POINT('',(-3.119872714682,-1.907830400777));
#3098 = CARTESIAN_POINT('',(-3.121343537975,-1.89157044699));
#3099 = CARTESIAN_POINT('',(-3.122853872485,-1.876469015703));
#3100 = CARTESIAN_POINT('',(-3.125172546787,-1.855731247609));
#3101 = CARTESIAN_POINT('',(-3.125952695382,-1.849148948702));
#3102 = CARTESIAN_POINT('',(-3.126741835384,-1.842891365068));
#3103 = CARTESIAN_POINT('',(-3.127539633948,-1.836970970185));
#3104 = CARTESIAN_POINT('',(-3.128345696636,-1.831400072058));
#3105 = CARTESIAN_POINT('',(-3.12915956186,-1.82619058561));
#3106 = CARTESIAN_POINT('',(-3.131580768393,-1.811928781457));
#3107 = CARTESIAN_POINT('',(-3.133208774635,-1.803917099215));
#3108 = CARTESIAN_POINT('',(-3.134860302202,-1.797405621282));
#3109 = CARTESIAN_POINT('',(-3.136530378079,-1.792467231274));
#3110 = CARTESIAN_POINT('',(-3.138213415971,-1.789155608006));
#3111 = CARTESIAN_POINT('',(-3.139903164199,-1.7875));
#3112 = CARTESIAN_POINT('',(-3.142761023803,-1.7875));
#3113 = CARTESIAN_POINT('',(-3.14392944594,-1.788291735643));
#3114 = CARTESIAN_POINT('',(-3.145095693927,-1.789875285355));
#3115 = CARTESIAN_POINT('',(-3.146257662777,-1.792244112814));
#3116 = CARTESIAN_POINT('',(-3.147413363026,-1.795385718091));
#3117 = CARTESIAN_POINT('',(-3.148560915177,-1.799282288781));
#3118 = CARTESIAN_POINT('',(-3.15020600553,-1.80597623393));
#3119 = CARTESIAN_POINT('',(-3.150711504258,-1.808186922879));
#3120 = CARTESIAN_POINT('',(-3.15121489058,-1.810541437673));
#3121 = CARTESIAN_POINT('',(-3.151716023185,-1.813037673886));
#3122 = CARTESIAN_POINT('',(-3.152214769178,-1.815673402979));
#3123 = CARTESIAN_POINT('',(-3.152711004086,-1.818446272296));
#3124 = CARTESIAN_POINT('',(-3.154025745319,-1.82619058561));
#3125 = CARTESIAN_POINT('',(-3.154839610544,-1.831400072058));
#3126 = CARTESIAN_POINT('',(-3.155645673232,-1.836970970185));
#3127 = CARTESIAN_POINT('',(-3.156443471796,-1.842891365068));
#3128 = CARTESIAN_POINT('',(-3.157232611798,-1.849148948702));
#3129 = CARTESIAN_POINT('',(-3.158012760392,-1.855731247609));
#3130 = CARTESIAN_POINT('',(-3.160331434695,-1.876469015703));
#3131 = CARTESIAN_POINT('',(-3.161841769205,-1.89157044699));
#3132 = CARTESIAN_POINT('',(-3.163312592498,-1.907830400777));
#3133 = CARTESIAN_POINT('',(-3.164742630645,-1.925150710121));
#3134 = CARTESIAN_POINT('',(-3.166131267208,-1.943437993022));
#3135 = CARTESIAN_POINT('',(-3.167478422853,-1.962606860775));
#3136 = CARTESIAN_POINT('',(-3.170701800001,-2.01191041384));
#3137 = CARTESIAN_POINT('',(-3.172530035088,-2.042970598166));
#3138 = CARTESIAN_POINT('',(-3.174270686188,-2.075532598612));
#3139 = CARTESIAN_POINT('',(-3.175925827946,-2.109394284267));
#3140 = CARTESIAN_POINT('',(-3.177497967132,-2.144383950915));
#3141 = CARTESIAN_POINT('',(-3.178989946089,-2.180361797944));
#3142 = CARTESIAN_POINT('',(-3.181661039859,-2.249946547299));
#3143 = CARTESIAN_POINT('',(-3.18285624632,-2.283360724501));
#3144 = CARTESIAN_POINT('',(-3.183992476075,-2.317385118475));
#3145 = CARTESIAN_POINT('',(-3.185071551526,-2.351950818118));
#3146 = CARTESIAN_POINT('',(-3.18609514191,-2.386998453958));
#3147 = CARTESIAN_POINT('',(-3.187064798251,-2.422477832493));
#3148 = CARTESIAN_POINT('',(-3.188759538138,-2.488756217471));
#3149 = CARTESIAN_POINT('',(-3.18949934349,-2.519444009772));
#3150 = CARTESIAN_POINT('',(-3.190202269959,-2.550384835431));
#3151 = CARTESIAN_POINT('',(-3.190869087303,-2.581555073701));
#3152 = CARTESIAN_POINT('',(-3.191500481513,-2.612933507102));
#3153 = CARTESIAN_POINT('',(-3.192097066881,-2.644501233431));
#3154 = CARTESIAN_POINT('',(-3.194293799455,-2.768494087122));
#3155 = CARTESIAN_POINT('',(-3.19563835301,-2.862177720567));
#3156 = CARTESIAN_POINT('',(-3.196707500566,-2.956916983352));
#3157 = CARTESIAN_POINT('',(-3.197508544262,-3.05239302376));
#3158 = CARTESIAN_POINT('',(-3.198045466106,-3.148328945057));
#3159 = CARTESIAN_POINT('',(-3.198318713824,-3.24448986813));
#3160 = CARTESIAN_POINT('',(-3.198329417567,-3.437474175166));
#3161 = CARTESIAN_POINT('',(-3.198063499684,-3.534240845035));
#3162 = CARTESIAN_POINT('',(-3.1975224867,-3.630787557848));
#3163 = CARTESIAN_POINT('',(-3.196697728538,-3.726868812742));
#3164 = CARTESIAN_POINT('',(-3.195576146255,-3.822181145798));
#3165 = CARTESIAN_POINT('',(-3.19414057628,-3.916362785479));
#3166 = CARTESIAN_POINT('',(-3.19179239001,-4.038719877589));
#3167 = CARTESIAN_POINT('',(-3.191186126685,-4.068309537708));
#3168 = CARTESIAN_POINT('',(-3.190543777349,-4.097716486972));
#3169 = CARTESIAN_POINT('',(-3.189864394279,-4.126922116168));
#3170 = CARTESIAN_POINT('',(-3.189146946378,-4.155905346385));
#3171 = CARTESIAN_POINT('',(-3.188390304174,-4.184642483435));
#3172 = CARTESIAN_POINT('',(-3.186671840155,-4.24601074175));
#3173 = CARTESIAN_POINT('',(-3.185696477442,-4.278548358818));
#3174 = CARTESIAN_POINT('',(-3.184665168823,-4.310680460988));
#3175 = CARTESIAN_POINT('',(-3.183575846379,-4.342358928111));
#3176 = CARTESIAN_POINT('',(-3.182426308911,-4.373526413327));
#3177 = CARTESIAN_POINT('',(-3.181214188721,-4.404115774012));
#3178 = CARTESIAN_POINT('',(-3.17854792283,-4.466601591037));
#3179 = CARTESIAN_POINT('',(-3.177082157583,-4.49837175126));
#3180 = CARTESIAN_POINT('',(-3.175536141294,-4.529265520446));
#3181 = CARTESIAN_POINT('',(-3.173906598317,-4.559159201591));
#3182 = CARTESIAN_POINT('',(-3.172190606673,-4.587900767498));
#3183 = CARTESIAN_POINT('',(-3.170385746008,-4.615310764652));
#3184 = CARTESIAN_POINT('',(-3.167199901434,-4.658795645703));
#3185 = CARTESIAN_POINT('',(-3.165867753328,-4.675692703591));
#3186 = CARTESIAN_POINT('',(-3.164493381865,-4.691808609425));
#3187 = CARTESIAN_POINT('',(-3.163076800638,-4.707067594966));
#3188 = CARTESIAN_POINT('',(-3.161618587879,-4.721386773437));
#3189 = CARTESIAN_POINT('',(-3.160120018161,-4.73467900791));
#3190 = CARTESIAN_POINT('',(-3.15634114548,-4.764620281412));
#3191 = CARTESIAN_POINT('',(-3.154016068564,-4.780023772659));
#3192 = CARTESIAN_POINT('',(-3.151617048658,-4.792764361113));
#3193 = CARTESIAN_POINT('',(-3.149156610972,-4.802563271882));
#3194 = CARTESIAN_POINT('',(-3.146651156937,-4.809189281548));
#3195 = CARTESIAN_POINT('',(-3.144121378963,-4.8125));
#3196 = CARTESIAN_POINT('',(-3.14159265359,-4.8125));
#3197 = ( GEOMETRIC_REPRESENTATION_CONTEXT(2) 
PARAMETRIC_REPRESENTATION_CONTEXT() REPRESENTATION_CONTEXT('2D SPACE',''
  ) );
#3198 = ORIENTED_EDGE('',*,*,#3199,.F.);
#3199 = EDGE_CURVE('',#182,#2694,#3200,.T.);
#3200 = SEAM_CURVE('',#3201,(#3205,#3212),.PCURVE_S1.);
#3201 = LINE('',#3202,#3203);
#3202 = CARTESIAN_POINT('',(-45.75,5.265981236334E-15,-16.));
#3203 = VECTOR('',#3204,1.);
#3204 = DIRECTION('',(0.,0.,1.));
#3205 = PCURVE('',#198,#3206);
#3206 = DEFINITIONAL_REPRESENTATION('',(#3207),#3211);
#3207 = LINE('',#3208,#3209);
#3208 = CARTESIAN_POINT('',(6.28318530718,-0.));
#3209 = VECTOR('',#3210,1.);
#3210 = DIRECTION('',(0.,1.));
#3211 = ( GEOMETRIC_REPRESENTATION_CONTEXT(2) 
PARAMETRIC_REPRESENTATION_CONTEXT() REPRESENTATION_CONTEXT('2D SPACE',''
  ) );
#3212 = PCURVE('',#198,#3213);
#3213 = DEFINITIONAL_REPRESENTATION('',(#3214),#3218);
#3214 = LINE('',#3215,#3216);
#3215 = CARTESIAN_POINT('',(0.,-0.));
#3216 = VECTOR('',#3217,1.);
#3217 = DIRECTION('',(0.,1.));
#3218 = ( GEOMETRIC_REPRESENTATION_CONTEXT(2) 
PARAMETRIC_REPRESENTATION_CONTEXT() REPRESENTATION_CONTEXT('2D SPACE',''
  ) );
#3219 = ORIENTED_EDGE('',*,*,#181,.T.);
#3220 = ORIENTED_EDGE('',*,*,#3199,.T.);
#3221 = ADVANCED_FACE('',(#3222),#229,.F.);
#3222 = FACE_BOUND('',#3223,.F.);
#3223 = EDGE_LOOP('',(#3224,#3790,#3811,#3812));
#3224 = ORIENTED_EDGE('',*,*,#3225,.F.);
#3225 = EDGE_CURVE('',#3226,#3226,#3228,.T.);
#3226 = VERTEX_POINT('',#3227);
#3227 = CARTESIAN_POINT('',(-21.5,42.002232083545,4.023172631778));
#3228 = SURFACE_CURVE('',#3229,(#3414,#3602),.PCURVE_S1.);
#3229 = B_SPLINE_CURVE_WITH_KNOTS('',8,(#3230,#3231,#3232,#3233,#3234,
    #3235,#3236,#3237,#3238,#3239,#3240,#3241,#3242,#3243,#3244,#3245,
    #3246,#3247,#3248,#3249,#3250,#3251,#3252,#3253,#3254,#3255,#3256,
    #3257,#3258,#3259,#3260,#3261,#3262,#3263,#3264,#3265,#3266,#3267,
    #3268,#3269,#3270,#3271,#3272,#3273,#3274,#3275,#3276,#3277,#3278,
    #3279,#3280,#3281,#3282,#3283,#3284,#3285,#3286,#3287,#3288,#3289,
    #3290,#3291,#3292,#3293,#3294,#3295,#3296,#3297,#3298,#3299,#3300,
    #3301,#3302,#3303,#3304,#3305,#3306,#3307,#3308,#3309,#3310,#3311,
    #3312,#3313,#3314,#3315,#3316,#3317,#3318,#3319,#3320,#3321,#3322,
    #3323,#3324,#3325,#3326,#3327,#3328,#3329,#3330,#3331,#3332,#3333,
    #3334,#3335,#3336,#3337,#3338,#3339,#3340,#3341,#3342,#3343,#3344,
    #3345,#3346,#3347,#3348,#3349,#3350,#3351,#3352,#3353,#3354,#3355,
    #3356,#3357,#3358,#3359,#3360,#3361,#3362,#3363,#3364,#3365,#3366,
    #3367,#3368,#3369,#3370,#3371,#3372,#3373,#3374,#3375,#3376,#3377,
    #3378,#3379,#3380,#3381,#3382,#3383,#3384,#3385,#3386,#3387,#3388,
    #3389,#3390,#3391,#3392,#3393,#3394,#3395,#3396,#3397,#3398,#3399,
    #3400,#3401,#3402,#3403,#3404,#3405,#3406,#3407,#3408,#3409,#3410,
    #3411,#3412,#3413),.UNSPECIFIED.,.T.,.F.,(9,7,7,7,7,7,7,7,7,7,7,7,7,
    7,7,7,7,7,7,7,7,7,7,7,7,7,9),(0.,8.894360154773E-02,0.205521398653,
    0.240722858456,0.280374593915,0.307382675187,0.32083264321,
    0.329298717762,0.347037850278,0.373233490353,0.386673934902,
    0.413657119475,0.453270294552,0.488442752053,0.518263133109,
    0.605566824786,0.692209861957,0.720254986026,0.752677270964,
    0.787938607867,0.811941830938,0.823798086343,0.846961052881,
    0.869340421008,0.880756895127,0.902439112767,1.),.UNSPECIFIED.);
#3230 = CARTESIAN_POINT('',(-21.5,42.002232083545,4.023172631778));
#3231 = CARTESIAN_POINT('',(-21.5,42.170585030201,3.94074923131));
#3232 = CARTESIAN_POINT('',(-21.511778505,42.33534956818,3.857052495425)
  );
#3233 = CARTESIAN_POINT('',(-21.53445862446,42.496442340717,
    3.772387269453));
#3234 = CARTESIAN_POINT('',(-21.56743235737,42.653713678922,
    3.687009035597));
#3235 = CARTESIAN_POINT('',(-21.61024020072,42.806992838516,
    3.601136880022));
#3236 = CARTESIAN_POINT('',(-21.66253616261,42.956101406877,
    3.514957761658));
#3237 = CARTESIAN_POINT('',(-21.72409565881,43.100849044771,
    3.428627272787));
#3238 = CARTESIAN_POINT('',(-21.88752664842,43.424754388195,
    3.229086896743));
#3239 = CARTESIAN_POINT('',(-21.99585699771,43.600384334865,
    3.116010724603));
#3240 = CARTESIAN_POINT('',(-22.11958072116,43.767583078892,
    3.003264829971));
#3241 = CARTESIAN_POINT('',(-22.25876060162,43.925612632903,
    2.891176050068));
#3242 = CARTESIAN_POINT('',(-22.41357394419,44.073440606315,
    2.780169924341));
#3243 = CARTESIAN_POINT('',(-22.58438142781,44.209657602218,
    2.670786332516));
#3244 = CARTESIAN_POINT('',(-22.77163465021,44.332540632057,
    2.563671662512));
#3245 = CARTESIAN_POINT('',(-23.03829397477,44.471875295633,
    2.428239848005));
#3246 = CARTESIAN_POINT('',(-23.10172012194,44.502733724785,
    2.397121941065));
#3247 = CARTESIAN_POINT('',(-23.16674995031,44.532063493563,
    2.366322021903));
#3248 = CARTESIAN_POINT('',(-23.23340382497,44.55978414243,
    2.335870307191));
#3249 = CARTESIAN_POINT('',(-23.30170017107,44.585806053564,
    2.305801546073));
#3250 = CARTESIAN_POINT('',(-23.37165576447,44.610029905519,
    2.276155157451));
#3251 = CARTESIAN_POINT('',(-23.44328602244,44.632346127886,
    2.246975367268));
#3252 = CARTESIAN_POINT('',(-23.59919381152,44.675487483551,
    2.186023531504));
#3253 = CARTESIAN_POINT('',(-23.68391080534,44.695763342346,
    2.154395855338));
#3254 = CARTESIAN_POINT('',(-23.77078571709,44.713293274218,
    2.12349471551));
#3255 = CARTESIAN_POINT('',(-23.85982693164,44.727883307171,
    2.093403175472));
#3256 = CARTESIAN_POINT('',(-23.95101981884,44.739316337797,
    2.064220420326));
#3257 = CARTESIAN_POINT('',(-24.04432477487,44.747354313723,
    2.036061213221));
#3258 = CARTESIAN_POINT('',(-24.1396752636,44.751740416062,
    2.009055351762));
#3259 = CARTESIAN_POINT('',(-24.30325044431,44.75251512525,
    1.965836418113));
#3260 = CARTESIAN_POINT('',(-24.37042049525,44.751007644594,
    1.948930290109));
#3261 = CARTESIAN_POINT('',(-24.43845105176,44.74759364992,
    1.932675056629));
#3262 = CARTESIAN_POINT('',(-24.50729188367,44.742184129085,
    1.917122646101));
#3263 = CARTESIAN_POINT('',(-24.57687642696,44.734689521592,
    1.902329402385));
#3264 = CARTESIAN_POINT('',(-24.64712072106,44.725023032408,
    1.888354888001));
#3265 = CARTESIAN_POINT('',(-24.71792234612,44.713103945774,
    1.875260687362));
#3266 = CARTESIAN_POINT('',(-24.82463524447,44.691767951429,
    1.857057799678));
#3267 = CARTESIAN_POINT('',(-24.86021818597,44.684098850961,
    1.851240326646));
#3268 = CARTESIAN_POINT('',(-24.89589243316,44.675845108765,
    1.845664554763));
#3269 = CARTESIAN_POINT('',(-24.93164086553,44.666998910006,
    1.840338282161));
#3270 = CARTESIAN_POINT('',(-24.96744498251,44.657553353945,
    1.835269255993));
#3271 = CARTESIAN_POINT('',(-25.00328489232,44.647502654005,
    1.830465087195));
#3272 = CARTESIAN_POINT('',(-25.03913930075,44.636842337844,
    1.825933165236));
#3273 = CARTESIAN_POINT('',(-25.09754886929,44.618473733118,
    1.819003781082));
#3274 = CARTESIAN_POINT('',(-25.12010902989,44.611135321787,
    1.816437646328));
#3275 = CARTESIAN_POINT('',(-25.14266029715,44.603553445088,
    1.813983953982));
#3276 = CARTESIAN_POINT('',(-25.16519682097,44.595727600644,
    1.811644414339));
#3277 = CARTESIAN_POINT('',(-25.18771258586,44.587657552059,
    1.809420662616));
#3278 = CARTESIAN_POINT('',(-25.21020141089,44.579343328914,
    1.807314258954));
#3279 = CARTESIAN_POINT('',(-25.23265694973,44.570785226768,
    1.805326688417));
#3280 = CARTESIAN_POINT('',(-25.30204083341,44.543542019542,
    1.799546713115));
#3281 = CARTESIAN_POINT('',(-25.34883622563,44.524031282137,
    1.796161777866));
#3282 = CARTESIAN_POINT('',(-25.39539674071,44.50345790877,
    1.793317589486));
#3283 = CARTESIAN_POINT('',(-25.44165996414,44.481833268027,
    1.79102502499));
#3284 = CARTESIAN_POINT('',(-25.48756339273,44.459174166063,
    1.789292585405));
#3285 = CARTESIAN_POINT('',(-25.53304463389,44.435503229413,
    1.788126177019));
#3286 = CARTESIAN_POINT('',(-25.57804160493,44.410849287807,
    1.787528892617));
#3287 = CARTESIAN_POINT('',(-25.68813437128,44.347441596714,
    1.787459297206));
#3288 = CARTESIAN_POINT('',(-25.75259774618,44.30756193619,
    1.788659086237));
#3289 = CARTESIAN_POINT('',(-25.81567708419,44.265726184494,
    1.791100759441));
#3290 = CARTESIAN_POINT('',(-25.87719714577,44.222067809804,
    1.794770078115));
#3291 = CARTESIAN_POINT('',(-25.93701084247,44.176733286103,
    1.799639909855));
#3292 = CARTESIAN_POINT('',(-25.99499685472,44.129879039899,
    1.805672173172));
#3293 = CARTESIAN_POINT('',(-26.05105724966,44.081668396937,
    1.812819782113));
#3294 = CARTESIAN_POINT('',(-26.13285107046,44.006922471902,
    1.825240361954));
#3295 = CARTESIAN_POINT('',(-26.16006244393,43.981261048927,
    1.829731861354));
#3296 = CARTESIAN_POINT('',(-26.18674025656,43.955305394301,
    1.834496054187));
#3297 = CARTESIAN_POINT('',(-26.21287756966,43.92907618836,
    1.839525591575));
#3298 = CARTESIAN_POINT('',(-26.23846929023,43.902593566381,
    1.844812896122));
#3299 = CARTESIAN_POINT('',(-26.26351199252,43.875877027486,
    1.850350247367));
#3300 = CARTESIAN_POINT('',(-26.28800373961,43.848945343557,
    1.856129867246));
#3301 = CARTESIAN_POINT('',(-26.36000644477,43.767352238946,
    1.874218055876));
#3302 = CARTESIAN_POINT('',(-26.40584321616,43.712095954203,
    1.88723677971));
#3303 = CARTESIAN_POINT('',(-26.44945390621,43.656189198471,
    1.901137908103));
#3304 = CARTESIAN_POINT('',(-26.49085628685,43.599761405365,
    1.915859923415));
#3305 = CARTESIAN_POINT('',(-26.53008279203,43.542929104275,
    1.931343268812));
#3306 = CARTESIAN_POINT('',(-26.56717709477,43.485795167078,
    1.947531557764));
#3307 = CARTESIAN_POINT('',(-26.60219068432,43.428448054856,
    1.964372783542));
#3308 = CARTESIAN_POINT('',(-26.68360921542,43.286566199968,
    2.007435021427));
#3309 = CARTESIAN_POINT('',(-26.72766549511,43.201887417616,
    2.03435122567));
#3310 = CARTESIAN_POINT('',(-26.76753627654,43.117145291367,
    2.062424579853));
#3311 = CARTESIAN_POINT('',(-26.8034100099,43.032526943314,
    2.091524980967));
#3312 = CARTESIAN_POINT('',(-26.83547265849,42.948186643821,
    2.121537348743));
#3313 = CARTESIAN_POINT('',(-26.86390475604,42.864246411524,
    2.152362189812));
#3314 = CARTESIAN_POINT('',(-26.88887846388,42.780796613335,
    2.183916161864));
#3315 = CARTESIAN_POINT('',(-26.9298008505,42.624289779802,
    2.244737581194));
#3316 = CARTESIAN_POINT('',(-26.94644442667,42.5511279933,2.273860309883
    ));
#3317 = CARTESIAN_POINT('',(-26.96059686747,42.478459320262,
    2.303451471069));
#3318 = CARTESIAN_POINT('',(-26.9723608915,42.406325499226,
    2.333466674899));
#3319 = CARTESIAN_POINT('',(-26.98183103802,42.334761915073,
    2.363866357515));
#3320 = CARTESIAN_POINT('',(-26.98909427951,42.263797622166,2.3946156441
    ));
#3321 = CARTESIAN_POINT('',(-26.99423063439,42.193455367481,
    2.425684211927));
#3322 = CARTESIAN_POINT('',(-26.99992777287,42.064654449514,
    2.483635852055));
#3323 = CARTESIAN_POINT('',(-27.00106571003,42.006018628424,
    2.510435382041));
#3324 = CARTESIAN_POINT('',(-27.00077230466,41.94785550747,
    2.537428391328));
#3325 = CARTESIAN_POINT('',(-26.99908890801,41.890175478739,
    2.564599776985));
#3326 = CARTESIAN_POINT('',(-26.99605373341,41.832987931719,
    2.591935652103));
#3327 = CARTESIAN_POINT('',(-26.99170208064,41.776301215608,
    2.619423312699));
#3328 = CARTESIAN_POINT('',(-26.9860665603,41.720122601623,
    2.647051204623));
#3329 = CARTESIAN_POINT('',(-26.9590080163,41.501492393463,
    2.756073728856));
#3330 = CARTESIAN_POINT('',(-26.92809801889,41.342976416032,
    2.838430078501));
#3331 = CARTESIAN_POINT('',(-26.88720474043,41.189016375696,
    2.921638051946));
#3332 = CARTESIAN_POINT('',(-26.83689357555,41.039757327073,
    3.005486895095));
#3333 = CARTESIAN_POINT('',(-26.77760941165,40.895355579425,
    3.08978925109));
#3334 = CARTESIAN_POINT('',(-26.70969795193,40.755971633014,
    3.174379280821));
#3335 = CARTESIAN_POINT('',(-26.63339823138,40.621776442665,
    3.259112341776));
#3336 = CARTESIAN_POINT('',(-26.46489715678,40.365125648374,
    3.427974170145));
#3337 = CARTESIAN_POINT('',(-26.37286261078,40.242652939595,
    3.512060503328));
#3338 = CARTESIAN_POINT('',(-26.27284813519,40.125721366828,
    3.59600455592));
#3339 = CARTESIAN_POINT('',(-26.16490411726,40.014598344083,
    3.679662186784));
#3340 = CARTESIAN_POINT('',(-26.04901694074,39.909639333752,
    3.762861632598));
#3341 = CARTESIAN_POINT('',(-25.92511471248,39.811284437111,
    3.845402776785));
#3342 = CARTESIAN_POINT('',(-25.79304228439,39.720078724511,
    3.927053448733));
#3343 = CARTESIAN_POINT('',(-25.60698040926,39.609764329069,
    4.03359058711));
#3344 = CARTESIAN_POINT('',(-25.56059652158,39.583615424394,
    4.059518033281));
#3345 = CARTESIAN_POINT('',(-25.51331793885,39.558318267715,
    4.085310841826));
#3346 = CARTESIAN_POINT('',(-25.46513514634,39.533900336979,
    4.110957694457));
#3347 = CARTESIAN_POINT('',(-25.41603812637,39.510391731828,
    4.136446059944));
#3348 = CARTESIAN_POINT('',(-25.36601615807,39.487825379221,
    4.161762139689));
#3349 = CARTESIAN_POINT('',(-25.31505761704,39.466237239047,
    4.186890813295));
#3350 = CARTESIAN_POINT('',(-25.20314038328,39.421885190586,
    4.240630504708));
#3351 = CARTESIAN_POINT('',(-25.14186523736,39.399464753535,
    4.269171509794));
#3352 = CARTESIAN_POINT('',(-25.07930258295,39.378465192274,
    4.297413983315));
#3353 = CARTESIAN_POINT('',(-25.01543257128,39.358953822985,
    4.325328991646));
#3354 = CARTESIAN_POINT('',(-24.95023679251,39.341005910768,
    4.352883070143));
#3355 = CARTESIAN_POINT('',(-24.88369780912,39.324705296063,
    4.38003800965));
#3356 = CARTESIAN_POINT('',(-24.81579868916,39.310145021066,
    4.406750643019));
#3357 = CARTESIAN_POINT('',(-24.67118023571,39.283597323558,
    4.461490744282));
#3358 = CARTESIAN_POINT('',(-24.59422210433,39.271949270301,
    4.489423590601));
#3359 = CARTESIAN_POINT('',(-24.51561869057,39.262614078564,
    4.516712246809));
#3360 = CARTESIAN_POINT('',(-24.43535730424,39.255740854686,
    4.543283198758));
#3361 = CARTESIAN_POINT('',(-24.35344315235,39.251496106095,
    4.569048670167));
#3362 = CARTESIAN_POINT('',(-24.26990047168,39.250062318251,
    4.593906950852));
#3363 = CARTESIAN_POINT('',(-24.18477366116,39.251636531584,
    4.617742724966));
#3364 = CARTESIAN_POINT('',(-24.03914695296,39.259691209119,
    4.655869391632));
#3365 = CARTESIAN_POINT('',(-23.97946975627,39.264444491157,
    4.670775831401));
#3366 = CARTESIAN_POINT('',(-23.91912142501,39.270753863438,
    4.68510565652));
#3367 = CARTESIAN_POINT('',(-23.85813883521,39.278687069701,
    4.698812800804));
#3368 = CARTESIAN_POINT('',(-23.79657198844,39.288311926425,
    4.711847262813));
#3369 = CARTESIAN_POINT('',(-23.73448486207,39.299693750722,
    4.724156174764));
#3370 = CARTESIAN_POINT('',(-23.67195625949,39.312892788224,
    4.735684871456));
#3371 = CARTESIAN_POINT('',(-23.57802361598,39.335404815017,
    4.751659748988));
#3372 = CARTESIAN_POINT('',(-23.54688268633,39.343303971673,
    4.756737550865));
#3373 = CARTESIAN_POINT('',(-23.51566982763,39.351665206351,
    4.761604647915));
#3374 = CARTESIAN_POINT('',(-23.48439808203,39.360494045769,4.7662542938
    ));
#3375 = CARTESIAN_POINT('',(-23.45308158927,39.369795297711,
    4.770679786898));
#3376 = CARTESIAN_POINT('',(-23.42173559845,39.379572900794,
    4.774874544447));
#3377 = CARTESIAN_POINT('',(-23.39037647974,39.389829774229,
    4.778832176703));
#3378 = CARTESIAN_POINT('',(-23.29776555934,39.42154574673,4.78980316602
    ));
#3379 = CARTESIAN_POINT('',(-23.23651620184,39.444363234047,
    4.79613248308));
#3380 = CARTESIAN_POINT('',(-23.1754157563,39.469029808653,
    4.801487174107));
#3381 = CARTESIAN_POINT('',(-23.11461264541,39.495539940785,
    4.80582585315));
#3382 = CARTESIAN_POINT('',(-23.05426061678,39.523870093079,
    4.809114837438));
#3383 = CARTESIAN_POINT('',(-22.99451773789,39.553975921847,
    4.811329898343));
#3384 = CARTESIAN_POINT('',(-22.93554539091,39.585789478355,
    4.81245801234));
#3385 = CARTESIAN_POINT('',(-22.82143256233,39.651512515615,
    4.81253882121));
#3386 = CARTESIAN_POINT('',(-22.76621727696,39.685321956469,
    4.811563837466));
#3387 = CARTESIAN_POINT('',(-22.71200899798,39.720560555666,
    4.809573617974));
#3388 = CARTESIAN_POINT('',(-22.65893489844,39.757134062036,4.8065789158
    ));
#3389 = CARTESIAN_POINT('',(-22.60710326536,39.794940018046,
    4.802600355128));
#3390 = CARTESIAN_POINT('',(-22.55660502699,39.833869627607,
    4.797667006556));
#3391 = CARTESIAN_POINT('',(-22.50751528007,39.873809623883,
    4.791814962384));
#3392 = CARTESIAN_POINT('',(-22.43560200508,39.935475206161,
    4.781653195217));
#3393 = CARTESIAN_POINT('',(-22.41168975298,39.956540582387,
    4.777992005753));
#3394 = CARTESIAN_POINT('',(-22.38816512875,39.977825829869,
    4.774107691289));
#3395 = CARTESIAN_POINT('',(-22.36503380864,39.999316817545,
    4.770005857878));
#3396 = CARTESIAN_POINT('',(-22.34230019061,40.020999776436,
    4.765692306425));
#3397 = CARTESIAN_POINT('',(-22.31996750767,40.042861356883,
    4.761172969259));
#3398 = CARTESIAN_POINT('',(-22.29803794123,40.064888685794,
    4.756453846699));
#3399 = CARTESIAN_POINT('',(-22.23563196764,40.129195178797,
    4.742210336606));
#3400 = CARTESIAN_POINT('',(-22.19621101652,40.171873048949,
    4.73218100607));
#3401 = CARTESIAN_POINT('',(-22.15825595307,40.21502029678,
    4.721493904963));
#3402 = CARTESIAN_POINT('',(-22.121762015,40.25856075216,4.710189826437)
  );
#3403 = CARTESIAN_POINT('',(-22.08671541184,40.302425241005,
    4.698308646949));
#3404 = CARTESIAN_POINT('',(-22.05309513107,40.346552013886,
    4.68588856935));
#3405 = CARTESIAN_POINT('',(-22.02087474421,40.390887174638,
    4.672965365984));
#3406 = CARTESIAN_POINT('',(-21.85120975873,40.635607153886,
    4.599305389325));
#3407 = CARTESIAN_POINT('',(-21.74079778649,40.838155240457,
    4.529805542289));
#3408 = CARTESIAN_POINT('',(-21.65445522249,41.040428017147,
    4.453721175379));
#3409 = CARTESIAN_POINT('',(-21.58955660887,41.240459534438,
    4.372866249348));
#3410 = CARTESIAN_POINT('',(-21.54346636529,41.43697090881,
    4.288684193613));
#3411 = CARTESIAN_POINT('',(-21.51417357987,41.629340037948,
    4.202089306043));
#3412 = CARTESIAN_POINT('',(-21.5,41.817564839091,4.113583299042));
#3413 = CARTESIAN_POINT('',(-21.5,42.002232083545,4.023172631778));
#3414 = PCURVE('',#229,#3415);
#3415 = DEFINITIONAL_REPRESENTATION('',(#3416),#3601);
#3416 = B_SPLINE_CURVE_WITH_KNOTS('',8,(#3417,#3418,#3419,#3420,#3421,
    #3422,#3423,#3424,#3425,#3426,#3427,#3428,#3429,#3430,#3431,#3432,
    #3433,#3434,#3435,#3436,#3437,#3438,#3439,#3440,#3441,#3442,#3443,
    #3444,#3445,#3446,#3447,#3448,#3449,#3450,#3451,#3452,#3453,#3454,
    #3455,#3456,#3457,#3458,#3459,#3460,#3461,#3462,#3463,#3464,#3465,
    #3466,#3467,#3468,#3469,#3470,#3471,#3472,#3473,#3474,#3475,#3476,
    #3477,#3478,#3479,#3480,#3481,#3482,#3483,#3484,#3485,#3486,#3487,
    #3488,#3489,#3490,#3491,#3492,#3493,#3494,#3495,#3496,#3497,#3498,
    #3499,#3500,#3501,#3502,#3503,#3504,#3505,#3506,#3507,#3508,#3509,
    #3510,#3511,#3512,#3513,#3514,#3515,#3516,#3517,#3518,#3519,#3520,
    #3521,#3522,#3523,#3524,#3525,#3526,#3527,#3528,#3529,#3530,#3531,
    #3532,#3533,#3534,#3535,#3536,#3537,#3538,#3539,#3540,#3541,#3542,
    #3543,#3544,#3545,#3546,#3547,#3548,#3549,#3550,#3551,#3552,#3553,
    #3554,#3555,#3556,#3557,#3558,#3559,#3560,#3561,#3562,#3563,#3564,
    #3565,#3566,#3567,#3568,#3569,#3570,#3571,#3572,#3573,#3574,#3575,
    #3576,#3577,#3578,#3579,#3580,#3581,#3582,#3583,#3584,#3585,#3586,
    #3587,#3588,#3589,#3590,#3591,#3592,#3593,#3594,#3595,#3596,#3597,
    #3598,#3599,#3600),.UNSPECIFIED.,.F.,.F.,(9,7,7,7,7,7,7,7,7,7,7,7,7,
    7,7,7,7,7,7,7,7,7,7,7,7,7,9),(0.,8.894360154773E-02,0.205521398653,
    0.240722858456,0.280374593915,0.307382675187,0.32083264321,
    0.329298717762,0.347037850278,0.373233490353,0.386673934902,
    0.413657119475,0.453270294552,0.488442752053,0.518263133109,
    0.605566824786,0.692209861957,0.720254986026,0.752677270964,
    0.787938607867,0.811941830938,0.823798086343,0.846961052881,
    0.869340421008,0.880756895127,0.902439112767,1.),.UNSPECIFIED.);
#3417 = CARTESIAN_POINT('',(0.,20.023172631778));
#3418 = CARTESIAN_POINT('',(6.121925332936E-02,19.94074923131));
#3419 = CARTESIAN_POINT('',(0.121133682187,19.857052495425));
#3420 = CARTESIAN_POINT('',(0.180062251688,19.772387269453));
#3421 = CARTESIAN_POINT('',(0.238238636378,19.687009035597));
#3422 = CARTESIAN_POINT('',(0.295862825956,19.601136880022));
#3423 = CARTESIAN_POINT('',(0.353121470358,19.514957761658));
#3424 = CARTESIAN_POINT('',(0.410197827083,19.428627272787));
#3425 = CARTESIAN_POINT('',(0.54212536034,19.229086896743));
#3426 = CARTESIAN_POINT('',(0.616889348287,19.116010724603));
#3427 = CARTESIAN_POINT('',(0.692075160644,19.003264829971));
#3428 = CARTESIAN_POINT('',(0.768091807623,18.891176050068));
#3429 = CARTESIAN_POINT('',(0.845326938602,18.780169924341));
#3430 = CARTESIAN_POINT('',(0.924219513024,18.670786332516));
#3431 = CARTESIAN_POINT('',(1.0052636502,18.563671662512));
#3432 = CARTESIAN_POINT('',(1.114670069006,18.428239848005));
#3433 = CARTESIAN_POINT('',(1.140308401068,18.397121941065));
#3434 = CARTESIAN_POINT('',(1.166231108506,18.366322021903));
#3435 = CARTESIAN_POINT('',(1.192458220921,18.335870307191));
#3436 = CARTESIAN_POINT('',(1.219010235324,18.305801546073));
#3437 = CARTESIAN_POINT('',(1.245908721065,18.276155157451));
#3438 = CARTESIAN_POINT('',(1.273176924748,18.246975367268));
#3439 = CARTESIAN_POINT('',(1.332001123134,18.186023531504));
#3440 = CARTESIAN_POINT('',(1.363657875915,18.154395855338));
#3441 = CARTESIAN_POINT('',(1.395850747858,18.12349471551));
#3442 = CARTESIAN_POINT('',(1.428616122111,18.093403175472));
#3443 = CARTESIAN_POINT('',(1.461987731769,18.064220420326));
#3444 = CARTESIAN_POINT('',(1.495997741021,18.036061213221));
#3445 = CARTESIAN_POINT('',(1.530677826307,18.009055351762));
#3446 = CARTESIAN_POINT('',(1.590160377308,17.965836418113));
#3447 = CARTESIAN_POINT('',(1.614583030484,17.948930290109));
#3448 = CARTESIAN_POINT('',(1.639336532382,17.932675056629));
#3449 = CARTESIAN_POINT('',(1.664426298312,17.917122646101));
#3450 = CARTESIAN_POINT('',(1.689854446058,17.902329402385));
#3451 = CARTESIAN_POINT('',(1.71561939843,17.888354888001));
#3452 = CARTESIAN_POINT('',(1.741715485821,17.875260687362));
#3453 = CARTESIAN_POINT('',(1.781288190879,17.857057799678));
#3454 = CARTESIAN_POINT('',(1.794523082449,17.851240326646));
#3455 = CARTESIAN_POINT('',(1.807835678734,17.845664554763));
#3456 = CARTESIAN_POINT('',(1.821224081207,17.840338282161));
#3457 = CARTESIAN_POINT('',(1.834686002789,17.835269255993));
#3458 = CARTESIAN_POINT('',(1.848218733109,17.830465087195));
#3459 = CARTESIAN_POINT('',(1.861819103749,17.825933165236));
#3460 = CARTESIAN_POINT('',(1.884084470506,17.819003781082));
#3461 = CARTESIAN_POINT('',(1.892710847294,17.816437646328));
#3462 = CARTESIAN_POINT('',(1.901361670652,17.813983953982));
#3463 = CARTESIAN_POINT('',(1.910035959937,17.811644414339));
#3464 = CARTESIAN_POINT('',(1.918732667082,17.809420662616));
#3465 = CARTESIAN_POINT('',(1.927450676597,17.807314258954));
#3466 = CARTESIAN_POINT('',(1.93618880556,17.805326688417));
#3467 = CARTESIAN_POINT('',(1.963294513913,17.799546713115));
#3468 = CARTESIAN_POINT('',(1.9817268233,17.796161777866));
#3469 = CARTESIAN_POINT('',(2.000230258909,17.793317589486));
#3470 = CARTESIAN_POINT('',(2.018791971183,17.79102502499));
#3471 = CARTESIAN_POINT('',(2.03739857729,17.789292585405));
#3472 = CARTESIAN_POINT('',(2.056036004523,17.788126177019));
#3473 = CARTESIAN_POINT('',(2.074689333695,17.787528892617));
#3474 = CARTESIAN_POINT('',(2.120888260365,17.787459297206));
#3475 = CARTESIAN_POINT('',(2.148438838062,17.788659086237));
#3476 = CARTESIAN_POINT('',(2.1759403048,17.791100759441));
#3477 = CARTESIAN_POINT('',(2.203344924661,17.794770078115));
#3478 = CARTESIAN_POINT('',(2.230610223294,17.799639909855));
#3479 = CARTESIAN_POINT('',(2.257697914574,17.805672173172));
#3480 = CARTESIAN_POINT('',(2.284572827246,17.812819782113));
#3481 = CARTESIAN_POINT('',(2.324864626432,17.825240361954));
#3482 = CARTESIAN_POINT('',(2.33846396005,17.829731861354));
#3483 = CARTESIAN_POINT('',(2.351996134003,17.834496054187));
#3484 = CARTESIAN_POINT('',(2.365457943061,17.839525591575));
#3485 = CARTESIAN_POINT('',(2.378846640349,17.844812896122));
#3486 = CARTESIAN_POINT('',(2.392159902498,17.850350247367));
#3487 = CARTESIAN_POINT('',(2.405395794794,17.856129867246));
#3488 = CARTESIAN_POINT('',(2.444966757134,17.874218055876));
#3489 = CARTESIAN_POINT('',(2.471061156863,17.88723677971));
#3490 = CARTESIAN_POINT('',(2.496825486123,17.901137908103));
#3491 = CARTESIAN_POINT('',(2.522253828681,17.915859923415));
#3492 = CARTESIAN_POINT('',(2.547344397176,17.931343268812));
#3493 = CARTESIAN_POINT('',(2.572099128825,17.947531557764));
#3494 = CARTESIAN_POINT('',(2.596523281137,17.964372783542));
#3495 = CARTESIAN_POINT('',(2.656008052939,18.007435021427));
#3496 = CARTESIAN_POINT('',(2.690689084802,18.03435122567));
#3497 = CARTESIAN_POINT('',(2.72470002937,18.062424579853));
#3498 = CARTESIAN_POINT('',(2.758072293962,18.091524980967));
#3499 = CARTESIAN_POINT('',(2.790837852601,18.121537348743));
#3500 = CARTESIAN_POINT('',(2.823030311551,18.152362189812));
#3501 = CARTESIAN_POINT('',(2.854685974866,18.183916161864));
#3502 = CARTESIAN_POINT('',(2.913510864936,18.244737581194));
#3503 = CARTESIAN_POINT('',(2.940780877062,18.273860309883));
#3504 = CARTESIAN_POINT('',(2.967680458062,18.303451471069));
#3505 = CARTESIAN_POINT('',(2.994232843309,18.333466674899));
#3506 = CARTESIAN_POINT('',(3.020459596776,18.363866357515));
#3507 = CARTESIAN_POINT('',(3.04638121602,18.3946156441));
#3508 = CARTESIAN_POINT('',(3.072017737162,18.425684211927));
#3509 = CARTESIAN_POINT('',(3.11890022977,18.483635852055));
#3510 = CARTESIAN_POINT('',(3.140219809896,18.510435382041));
#3511 = CARTESIAN_POINT('',(3.161359820795,18.537428391328));
#3512 = CARTESIAN_POINT('',(3.18233120331,18.564599776985));
#3513 = CARTESIAN_POINT('',(3.203144262497,18.591935652103));
#3514 = CARTESIAN_POINT('',(3.223808831539,18.619423312699));
#3515 = CARTESIAN_POINT('',(3.244334435671,18.647051204623));
#3516 = CARTESIAN_POINT('',(3.324442901582,18.756073728856));
#3517 = CARTESIAN_POINT('',(3.383029215146,18.838430078501));
#3518 = CARTESIAN_POINT('',(3.440741547948,18.921638051946));
#3519 = CARTESIAN_POINT('',(3.497775901263,19.005486895095));
#3520 = CARTESIAN_POINT('',(3.554305737536,19.08978925109));
#3521 = CARTESIAN_POINT('',(3.610496790467,19.174379280821));
#3522 = CARTESIAN_POINT('',(3.666516374124,19.259112341776));
#3523 = CARTESIAN_POINT('',(3.778160580157,19.427974170145));
#3524 = CARTESIAN_POINT('',(3.83375702053,19.512060503328));
#3525 = CARTESIAN_POINT('',(3.889523976662,19.59600455592));
#3526 = CARTESIAN_POINT('',(3.945630829601,19.679662186784));
#3527 = CARTESIAN_POINT('',(4.00224979571,19.762861632598));
#3528 = CARTESIAN_POINT('',(4.059565097836,19.845402776785));
#3529 = CARTESIAN_POINT('',(4.117790641209,19.927053448733));
#3530 = CARTESIAN_POINT('',(4.196447369813,20.03359058711));
#3531 = CARTESIAN_POINT('',(4.215805248651,20.059518033281));
#3532 = CARTESIAN_POINT('',(4.235295879716,20.085310841826));
#3533 = CARTESIAN_POINT('',(4.254928558715,20.110957694457));
#3534 = CARTESIAN_POINT('',(4.274712949809,20.136446059944));
#3535 = CARTESIAN_POINT('',(4.294659255134,20.161762139689));
#3536 = CARTESIAN_POINT('',(4.314778384316,20.186890813295));
#3537 = CARTESIAN_POINT('',(4.358554782978,20.240630504708));
#3538 = CARTESIAN_POINT('',(4.382272996259,20.269171509794));
#3539 = CARTESIAN_POINT('',(4.406255868806,20.297413983315));
#3540 = CARTESIAN_POINT('',(4.430522479406,20.325328991646));
#3541 = CARTESIAN_POINT('',(4.455092464494,20.352883070143));
#3542 = CARTESIAN_POINT('',(4.479986601984,20.38003800965));
#3543 = CARTESIAN_POINT('',(4.505227395097,20.406750643019));
#3544 = CARTESIAN_POINT('',(4.558694650633,20.461490744282));
#3545 = CARTESIAN_POINT('',(4.586984247302,20.489423590601));
#3546 = CARTESIAN_POINT('',(4.615743405857,20.516712246809));
#3547 = CARTESIAN_POINT('',(4.645004104254,20.543283198758));
#3548 = CARTESIAN_POINT('',(4.674796153506,20.569048670167));
#3549 = CARTESIAN_POINT('',(4.705148012452,20.593906950852));
#3550 = CARTESIAN_POINT('',(4.736087602528,20.617742724966));
#3551 = CARTESIAN_POINT('',(4.789123708703,20.655869391632));
#3552 = CARTESIAN_POINT('',(4.810886880393,20.670775831401));
#3553 = CARTESIAN_POINT('',(4.832940008899,20.68510565652));
#3554 = CARTESIAN_POINT('',(4.855287910837,20.698812800804));
#3555 = CARTESIAN_POINT('',(4.877932483602,20.711847262813));
#3556 = CARTESIAN_POINT('',(4.900872340816,20.724156174764));
#3557 = CARTESIAN_POINT('',(4.924102447786,20.735684871456));
#3558 = CARTESIAN_POINT('',(4.959227034296,20.751659748988));
#3559 = CARTESIAN_POINT('',(4.970908620912,20.756737550865));
#3560 = CARTESIAN_POINT('',(4.982657188396,20.761604647915));
#3561 = CARTESIAN_POINT('',(4.994471100437,20.7662542938));
#3562 = CARTESIAN_POINT('',(5.006348385181,20.770679786898));
#3563 = CARTESIAN_POINT('',(5.018286707591,20.774874544447));
#3564 = CARTESIAN_POINT('',(5.030283341807,20.778832176703));
#3565 = CARTESIAN_POINT('',(5.065880138932,20.78980316602));
#3566 = CARTESIAN_POINT('',(5.089639551733,20.79613248308));
#3567 = CARTESIAN_POINT('',(5.113585362179,20.801487174107));
#3568 = CARTESIAN_POINT('',(5.137687390685,20.80582585315));
#3569 = CARTESIAN_POINT('',(5.161912526338,20.809114837438));
#3570 = CARTESIAN_POINT('',(5.186223955419,20.811329898343));
#3571 = CARTESIAN_POINT('',(5.210580389933,20.81245801234));
#3572 = CARTESIAN_POINT('',(5.258466280848,20.81253882121));
#3573 = CARTESIAN_POINT('',(5.282001066185,20.811563837466));
#3574 = CARTESIAN_POINT('',(5.305497847058,20.809573617974));
#3575 = CARTESIAN_POINT('',(5.328919225236,20.8065789158));
#3576 = CARTESIAN_POINT('',(5.352231561188,20.802600355128));
#3577 = CARTESIAN_POINT('',(5.37540432593,20.797667006556));
#3578 = CARTESIAN_POINT('',(5.39840945287,20.791814962384));
#3579 = CARTESIAN_POINT('',(5.432857474622,20.781653195217));
#3580 = CARTESIAN_POINT('',(5.444444669542,20.777992005753));
#3581 = CARTESIAN_POINT('',(5.4559793104,20.774107691289));
#3582 = CARTESIAN_POINT('',(5.467458798213,20.770005857878));
#3583 = CARTESIAN_POINT('',(5.478880875485,20.765692306425));
#3584 = CARTESIAN_POINT('',(5.490243602644,20.761172969259));
#3585 = CARTESIAN_POINT('',(5.501545334494,20.756453846699));
#3586 = CARTESIAN_POINT('',(5.534130542479,20.742210336606));
#3587 = CARTESIAN_POINT('',(5.55525075646,20.73218100607));
#3588 = CARTESIAN_POINT('',(5.576137095752,20.721493904963));
#3589 = CARTESIAN_POINT('',(5.596784337382,20.710189826437));
#3590 = CARTESIAN_POINT('',(5.617190008071,20.698308646949));
#3591 = CARTESIAN_POINT('',(5.637354114054,20.68588856935));
#3592 = CARTESIAN_POINT('',(5.657278870896,20.672965365984));
#3593 = CARTESIAN_POINT('',(5.765563207678,20.599305389325));
#3594 = CARTESIAN_POINT('',(5.84896880969,20.529805542289));
#3595 = CARTESIAN_POINT('',(5.928362444462,20.453721175379));
#3596 = CARTESIAN_POINT('',(6.004251478824,20.372866249348));
#3597 = CARTESIAN_POINT('',(6.077176602625,20.288684193613));
#3598 = CARTESIAN_POINT('',(6.147587709432,20.202089306043));
#3599 = CARTESIAN_POINT('',(6.216033581924,20.113583299042));
#3600 = CARTESIAN_POINT('',(6.28318530718,20.023172631778));
#3601 = ( GEOMETRIC_REPRESENTATION_CONTEXT(2) 
PARAMETRIC_REPRESENTATION_CONTEXT() REPRESENTATION_CONTEXT('2D SPACE',''
  ) );
#3602 = PCURVE('',#283,#3603);
#3603 = DEFINITIONAL_REPRESENTATION('',(#3604),#3789);
#3604 = B_SPLINE_CURVE_WITH_KNOTS('',8,(#3605,#3606,#3607,#3608,#3609,
    #3610,#3611,#3612,#3613,#3614,#3615,#3616,#3617,#3618,#3619,#3620,
    #3621,#3622,#3623,#3624,#3625,#3626,#3627,#3628,#3629,#3630,#3631,
    #3632,#3633,#3634,#3635,#3636,#3637,#3638,#3639,#3640,#3641,#3642,
    #3643,#3644,#3645,#3646,#3647,#3648,#3649,#3650,#3651,#3652,#3653,
    #3654,#3655,#3656,#3657,#3658,#3659,#3660,#3661,#3662,#3663,#3664,
    #3665,#3666,#3667,#3668,#3669,#3670,#3671,#3672,#3673,#3674,#3675,
    #3676,#3677,#3678,#3679,#3680,#3681,#3682,#3683,#3684,#3685,#3686,
    #3687,#3688,#3689,#3690,#3691,#3692,#3693,#3694,#3695,#3696,#3697,
    #3698,#3699,#3700,#3701,#3702,#3703,#3704,#3705,#3706,#3707,#3708,
    #3709,#3710,#3711,#3712,#3713,#3714,#3715,#3716,#3717,#3718,#3719,
    #3720,#3721,#3722,#3723,#3724,#3725,#3726,#3727,#3728,#3729,#3730,
    #3731,#3732,#3733,#3734,#3735,#3736,#3737,#3738,#3739,#3740,#3741,
    #3742,#3743,#3744,#3745,#3746,#3747,#3748,#3749,#3750,#3751,#3752,
    #3753,#3754,#3755,#3756,#3757,#3758,#3759,#3760,#3761,#3762,#3763,
    #3764,#3765,#3766,#3767,#3768,#3769,#3770,#3771,#3772,#3773,#3774,
    #3775,#3776,#3777,#3778,#3779,#3780,#3781,#3782,#3783,#3784,#3785,
    #3786,#3787,#3788),.UNSPECIFIED.,.F.,.F.,(9,7,7,7,7,7,7,7,7,7,7,7,7,
    7,7,7,7,7,7,7,7,7,7,7,7,7,9),(0.,8.894360154773E-02,0.205521398653,
    0.240722858456,0.280374593915,0.307382675187,0.32083264321,
    0.329298717762,0.347037850278,0.373233490353,0.386673934902,
    0.413657119475,0.453270294552,0.488442752053,0.518263133109,
    0.605566824786,0.692209861957,0.720254986026,0.752677270964,
    0.787938607867,0.811941830938,0.823798086343,0.846961052881,
    0.869340421008,0.880756895127,0.902439112767,1.),.UNSPECIFIED.);
#3605 = CARTESIAN_POINT('',(-2.043900769496,-4.023172631778));
#3606 = CARTESIAN_POINT('',(-2.042275038545,-3.94074923131));
#3607 = CARTESIAN_POINT('',(-2.040917965597,-3.857052495425));
#3608 = CARTESIAN_POINT('',(-2.039810713183,-3.772387269453));
#3609 = CARTESIAN_POINT('',(-2.038940275809,-3.687009035597));
#3610 = CARTESIAN_POINT('',(-2.038296732068,-3.601136880022));
#3611 = CARTESIAN_POINT('',(-2.037872452157,-3.514957761658));
#3612 = CARTESIAN_POINT('',(-2.037662272629,-3.428627272787));
#3613 = CARTESIAN_POINT('',(-2.037665455734,-3.229086896743));
#3614 = CARTESIAN_POINT('',(-2.038030710501,-3.116010724603));
#3615 = CARTESIAN_POINT('',(-2.038752012705,-3.003264829972));
#3616 = CARTESIAN_POINT('',(-2.039831406456,-2.891176050068));
#3617 = CARTESIAN_POINT('',(-2.04127573402,-2.780169924341));
#3618 = CARTESIAN_POINT('',(-2.043098597788,-2.670786332516));
#3619 = CARTESIAN_POINT('',(-2.045318293903,-2.563671662512));
#3620 = CARTESIAN_POINT('',(-2.048773957944,-2.428239848005));
#3621 = CARTESIAN_POINT('',(-2.049614770538,-2.397121941065));
#3622 = CARTESIAN_POINT('',(-2.050495855894,-2.366322021903));
#3623 = CARTESIAN_POINT('',(-2.051418172203,-2.335870307191));
#3624 = CARTESIAN_POINT('',(-2.052382732679,-2.305801546073));
#3625 = CARTESIAN_POINT('',(-2.053390618705,-2.276155157451));
#3626 = CARTESIAN_POINT('',(-2.054442992981,-2.246975367268));
#3627 = CARTESIAN_POINT('',(-2.056778059991,-2.186023531504));
#3628 = CARTESIAN_POINT('',(-2.05807283185,-2.154395855338));
#3629 = CARTESIAN_POINT('',(-2.059427355379,-2.12349471551));
#3630 = CARTESIAN_POINT('',(-2.060843439566,-2.093403175472));
#3631 = CARTESIAN_POINT('',(-2.062322739601,-2.064220420326));
#3632 = CARTESIAN_POINT('',(-2.063866721223,-2.036061213221));
#3633 = CARTESIAN_POINT('',(-2.065476625057,-2.009055351762));
#3634 = CARTESIAN_POINT('',(-2.068295557779,-1.965836418113));
#3635 = CARTESIAN_POINT('',(-2.069468566045,-1.948930290109));
#3636 = CARTESIAN_POINT('',(-2.070672671606,-1.932675056629));
#3637 = CARTESIAN_POINT('',(-2.071907882767,-1.917122646101));
#3638 = CARTESIAN_POINT('',(-2.073173955258,-1.902329402385));
#3639 = CARTESIAN_POINT('',(-2.074470347216,-1.888354888001));
#3640 = CARTESIAN_POINT('',(-2.075796174153,-1.875260687362));
#3641 = CARTESIAN_POINT('',(-2.07782444801,-1.857057799678));
#3642 = CARTESIAN_POINT('',(-2.078505698619,-1.851240326646));
#3643 = CARTESIAN_POINT('',(-2.079193744053,-1.845664554763));
#3644 = CARTESIAN_POINT('',(-2.0798883846,-1.840338282161));
#3645 = CARTESIAN_POINT('',(-2.080589390456,-1.835269255993));
#3646 = CARTESIAN_POINT('',(-2.081296499633,-1.830465087195));
#3647 = CARTESIAN_POINT('',(-2.082009415871,-1.825933165236));
#3648 = CARTESIAN_POINT('',(-2.083179997136,-1.819003781082));
#3649 = CARTESIAN_POINT('',(-2.083634357375,-1.816437646328));
#3650 = CARTESIAN_POINT('',(-2.084090804253,-1.813983953982));
#3651 = CARTESIAN_POINT('',(-2.084549249705,-1.811644414339));
#3652 = CARTESIAN_POINT('',(-2.085009600607,-1.809420662616));
#3653 = CARTESIAN_POINT('',(-2.08547175878,-1.807314258954));
#3654 = CARTESIAN_POINT('',(-2.085935620983,-1.805326688417));
#3655 = CARTESIAN_POINT('',(-2.087376362098,-1.799546713115));
#3656 = CARTESIAN_POINT('',(-2.088358691409,-1.796161777866));
#3657 = CARTESIAN_POINT('',(-2.089347021237,-1.793317589486));
#3658 = CARTESIAN_POINT('',(-2.090340258136,-1.79102502499));
#3659 = CARTESIAN_POINT('',(-2.091337258965,-1.789292585405));
#3660 = CARTESIAN_POINT('',(-2.092336829019,-1.788126177019));
#3661 = CARTESIAN_POINT('',(-2.09333772016,-1.787528892617));
#3662 = CARTESIAN_POINT('',(-2.095816685797,-1.787459297206));
#3663 = CARTESIAN_POINT('',(-2.097295053203,-1.788659086237));
#3664 = CARTESIAN_POINT('',(-2.098769376182,-1.791100759441));
#3665 = CARTESIAN_POINT('',(-2.100235655318,-1.794770078115));
#3666 = CARTESIAN_POINT('',(-2.101690227515,-1.799639909855));
#3667 = CARTESIAN_POINT('',(-2.103129746751,-1.805672173172));
#3668 = CARTESIAN_POINT('',(-2.104551164838,-1.812819782113));
#3669 = CARTESIAN_POINT('',(-2.106670304225,-1.825240361954));
#3670 = CARTESIAN_POINT('',(-2.1073834684,-1.829731861354));
#3671 = CARTESIAN_POINT('',(-2.108090869454,-1.834496054187));
#3672 = CARTESIAN_POINT('',(-2.108792208486,-1.839525591575));
#3673 = CARTESIAN_POINT('',(-2.109487220865,-1.844812896122));
#3674 = CARTESIAN_POINT('',(-2.110175674144,-1.850350247367));
#3675 = CARTESIAN_POINT('',(-2.110857365982,-1.856129867246));
#3676 = CARTESIAN_POINT('',(-2.112886769826,-1.874218055876));
#3677 = CARTESIAN_POINT('',(-2.114213391501,-1.88723677971));
#3678 = CARTESIAN_POINT('',(-2.115510694477,-1.901137908103));
#3679 = CARTESIAN_POINT('',(-2.116777776348,-1.915859923415));
#3680 = CARTESIAN_POINT('',(-2.118014079666,-1.931343268812));
#3681 = CARTESIAN_POINT('',(-2.119219346683,-1.947531557764));
#3682 = CARTESIAN_POINT('',(-2.120393574088,-1.964372783542));
#3683 = CARTESIAN_POINT('',(-2.123215548481,-2.007435021427));
#3684 = CARTESIAN_POINT('',(-2.124827336664,-2.03435122567));
#3685 = CARTESIAN_POINT('',(-2.12637328482,-2.062424579853));
#3686 = CARTESIAN_POINT('',(-2.127854613399,-2.091524980967));
#3687 = CARTESIAN_POINT('',(-2.129272774022,-2.121537348743));
#3688 = CARTESIAN_POINT('',(-2.130629412711,-2.152362189812));
#3689 = CARTESIAN_POINT('',(-2.131926333128,-2.183916161864));
#3690 = CARTESIAN_POINT('',(-2.134265677864,-2.244737581194));
#3691 = CARTESIAN_POINT('',(-2.135320160555,-2.273860309883));
#3692 = CARTESIAN_POINT('',(-2.136330163853,-2.303451471069));
#3693 = CARTESIAN_POINT('',(-2.137296850079,-2.333466674899));
#3694 = CARTESIAN_POINT('',(-2.138221300968,-2.363866357515));
#3695 = CARTESIAN_POINT('',(-2.139104530737,-2.3946156441));
#3696 = CARTESIAN_POINT('',(-2.139947499151,-2.425684211927));
#3697 = CARTESIAN_POINT('',(-2.141432465004,-2.483635852055));
#3698 = CARTESIAN_POINT('',(-2.142085496375,-2.510435382041));
#3699 = CARTESIAN_POINT('',(-2.142710760431,-2.537428391328));
#3700 = CARTESIAN_POINT('',(-2.143308750996,-2.564599776985));
#3701 = CARTESIAN_POINT('',(-2.14387991852,-2.591935652103));
#3702 = CARTESIAN_POINT('',(-2.144424674614,-2.619423312699));
#3703 = CARTESIAN_POINT('',(-2.144943396575,-2.647051204623));
#3704 = CARTESIAN_POINT('',(-2.146879867714,-2.756073728856));
#3705 = CARTESIAN_POINT('',(-2.148102765492,-2.838430078501));
#3706 = CARTESIAN_POINT('',(-2.149114381939,-2.921638051946));
#3707 = CARTESIAN_POINT('',(-2.149920289231,-3.005486895095));
#3708 = CARTESIAN_POINT('',(-2.150523865202,-3.08978925109));
#3709 = CARTESIAN_POINT('',(-2.150926731723,-3.174379280821));
#3710 = CARTESIAN_POINT('',(-2.151128545883,-3.259112341776));
#3711 = CARTESIAN_POINT('',(-2.151124566318,-3.427974170145));
#3712 = CARTESIAN_POINT('',(-2.150921847725,-3.512060503328));
#3713 = CARTESIAN_POINT('',(-2.150516007529,-3.59600455592));
#3714 = CARTESIAN_POINT('',(-2.149902308414,-3.679662186784));
#3715 = CARTESIAN_POINT('',(-2.149073808076,-3.762861632598));
#3716 = CARTESIAN_POINT('',(-2.148021485757,-3.845402776785));
#3717 = CARTESIAN_POINT('',(-2.146733559791,-3.927053448733));
#3718 = CARTESIAN_POINT('',(-2.144694617613,-4.03359058711));
#3719 = CARTESIAN_POINT('',(-2.144169625634,-4.059518033281));
#3720 = CARTESIAN_POINT('',(-2.143617683074,-4.085310841826));
#3721 = CARTESIAN_POINT('',(-2.143038206982,-4.110957694457));
#3722 = CARTESIAN_POINT('',(-2.142430574574,-4.136446059944));
#3723 = CARTESIAN_POINT('',(-2.141794117616,-4.161762139689));
#3724 = CARTESIAN_POINT('',(-2.141128116802,-4.186890813295));
#3725 = CARTESIAN_POINT('',(-2.139626796759,-4.240630504708));
#3726 = CARTESIAN_POINT('',(-2.138781315628,-4.269171509794));
#3727 = CARTESIAN_POINT('',(-2.137894123737,-4.297413983315));
#3728 = CARTESIAN_POINT('',(-2.136963941789,-4.325328991646));
#3729 = CARTESIAN_POINT('',(-2.135989427664,-4.352883070143));
#3730 = CARTESIAN_POINT('',(-2.134969163893,-4.38003800965));
#3731 = CARTESIAN_POINT('',(-2.13390164513,-4.406750643019));
#3732 = CARTESIAN_POINT('',(-2.13157113054,-4.461490744282));
#3733 = CARTESIAN_POINT('',(-2.130299410028,-4.489423590601));
#3734 = CARTESIAN_POINT('',(-2.128967926243,-4.516712246809));
#3735 = CARTESIAN_POINT('',(-2.127574602634,-4.543283198758));
#3736 = CARTESIAN_POINT('',(-2.126117518759,-4.569048670167));
#3737 = CARTESIAN_POINT('',(-2.1245949651,-4.593906950852));
#3738 = CARTESIAN_POINT('',(-2.123005497871,-4.617742724966));
#3739 = CARTESIAN_POINT('',(-2.120219691775,-4.655869391632));
#3740 = CARTESIAN_POINT('',(-2.119060011841,-4.670775831401));
#3741 = CARTESIAN_POINT('',(-2.117868686048,-4.68510565652));
#3742 = CARTESIAN_POINT('',(-2.116645661854,-4.698812800804));
#3743 = CARTESIAN_POINT('',(-2.11539115145,-4.711847262813));
#3744 = CARTESIAN_POINT('',(-2.11410568103,-4.724156174764));
#3745 = CARTESIAN_POINT('',(-2.112790140077,-4.735684871456));
#3746 = CARTESIAN_POINT('',(-2.110781816645,-4.751659748988));
#3747 = CARTESIAN_POINT('',(-2.110110800571,-4.756737550865));
#3748 = CARTESIAN_POINT('',(-2.109432952629,-4.761604647915));
#3749 = CARTESIAN_POINT('',(-2.10874847173,-4.7662542938));
#3750 = CARTESIAN_POINT('',(-2.108057587395,-4.770679786898));
#3751 = CARTESIAN_POINT('',(-2.107360561671,-4.774874544447));
#3752 = CARTESIAN_POINT('',(-2.106657691038,-4.778832176703));
#3753 = CARTESIAN_POINT('',(-2.104565376843,-4.78980316602));
#3754 = CARTESIAN_POINT('',(-2.103160183594,-4.79613248308));
#3755 = CARTESIAN_POINT('',(-2.101736462123,-4.801487174107));
#3756 = CARTESIAN_POINT('',(-2.100297268311,-4.80582585315));
#3757 = CARTESIAN_POINT('',(-2.098845983868,-4.809114837438));
#3758 = CARTESIAN_POINT('',(-2.097386319847,-4.811329898343));
#3759 = CARTESIAN_POINT('',(-2.095922320141,-4.81245801234));
#3760 = CARTESIAN_POINT('',(-2.093043935148,-4.81253882121));
#3761 = CARTESIAN_POINT('',(-2.091629226455,-4.811563837466));
#3762 = CARTESIAN_POINT('',(-2.090218178241,-4.809573617974));
#3763 = CARTESIAN_POINT('',(-2.088814450775,-4.8065789158));
#3764 = CARTESIAN_POINT('',(-2.087421426708,-4.802600355128));
#3765 = CARTESIAN_POINT('',(-2.086042212515,-4.797667006556));
#3766 = CARTESIAN_POINT('',(-2.084679639936,-4.791814962384));
#3767 = CARTESIAN_POINT('',(-2.082650967572,-4.781653195217));
#3768 = CARTESIAN_POINT('',(-2.081970613856,-4.777992005753));
#3769 = CARTESIAN_POINT('',(-2.081295517045,-4.774107691289));
#3770 = CARTESIAN_POINT('',(-2.080625956428,-4.770005857878));
#3771 = CARTESIAN_POINT('',(-2.079962181356,-4.765692306425));
#3772 = CARTESIAN_POINT('',(-2.079304412789,-4.761172969259));
#3773 = CARTESIAN_POINT('',(-2.07865284484,-4.756453846699));
#3774 = CARTESIAN_POINT('',(-2.076782282464,-4.742210336606));
#3775 = CARTESIAN_POINT('',(-2.075579930655,-4.73218100607));
#3776 = CARTESIAN_POINT('',(-2.074401682381,-4.721493904963));
#3777 = CARTESIAN_POINT('',(-2.073248330088,-4.710189826437));
#3778 = CARTESIAN_POINT('',(-2.072120399719,-4.698308646949));
#3779 = CARTESIAN_POINT('',(-2.071018183251,-4.68588856935));
#3780 = CARTESIAN_POINT('',(-2.069941771233,-4.672965365984));
#3781 = CARTESIAN_POINT('',(-2.064163439315,-4.599305389325));
#3782 = CARTESIAN_POINT('',(-2.059979467531,-4.529805542289));
#3783 = CARTESIAN_POINT('',(-2.056285020455,-4.453721175378));
#3784 = CARTESIAN_POINT('',(-2.053047584092,-4.372866249349));
#3785 = CARTESIAN_POINT('',(-2.050225808269,-4.288684193612));
#3786 = CARTESIAN_POINT('',(-2.047783257202,-4.202089306044));
#3787 = CARTESIAN_POINT('',(-2.04568404244,-4.113583299042));
#3788 = CARTESIAN_POINT('',(-2.043900769496,-4.023172631778));
#3789 = ( GEOMETRIC_REPRESENTATION_CONTEXT(2) 
PARAMETRIC_REPRESENTATION_CONTEXT() REPRESENTATION_CONTEXT('2D SPACE',''
  ) );
#3790 = ORIENTED_EDGE('',*,*,#3791,.F.);
#3791 = EDGE_CURVE('',#213,#3226,#3792,.T.);
#3792 = SEAM_CURVE('',#3793,(#3797,#3804),.PCURVE_S1.);
#3793 = LINE('',#3794,#3795);
#3794 = CARTESIAN_POINT('',(-21.5,42.002232083545,-16.));
#3795 = VECTOR('',#3796,1.);
#3796 = DIRECTION('',(0.,0.,1.));
#3797 = PCURVE('',#229,#3798);
#3798 = DEFINITIONAL_REPRESENTATION('',(#3799),#3803);
#3799 = LINE('',#3800,#3801);
#3800 = CARTESIAN_POINT('',(6.28318530718,-0.));
#3801 = VECTOR('',#3802,1.);
#3802 = DIRECTION('',(0.,1.));
#3803 = ( GEOMETRIC_REPRESENTATION_CONTEXT(2) 
PARAMETRIC_REPRESENTATION_CONTEXT() REPRESENTATION_CONTEXT('2D SPACE',''
  ) );
#3804 = PCURVE('',#229,#3805);
#3805 = DEFINITIONAL_REPRESENTATION('',(#3806),#3810);
#3806 = LINE('',#3807,#3808);
#3807 = CARTESIAN_POINT('',(0.,-0.));
#3808 = VECTOR('',#3809,1.);
#3809 = DIRECTION('',(0.,1.));
#3810 = ( GEOMETRIC_REPRESENTATION_CONTEXT(2) 
PARAMETRIC_REPRESENTATION_CONTEXT() REPRESENTATION_CONTEXT('2D SPACE',''
  ) );
#3811 = ORIENTED_EDGE('',*,*,#212,.T.);
#3812 = ORIENTED_EDGE('',*,*,#3791,.T.);
#3813 = ADVANCED_FACE('',(#3814,#3892,#3895,#3898,#3901,#3904),#283,.T.
  );
#3814 = FACE_BOUND('',#3815,.T.);
#3815 = EDGE_LOOP('',(#3816,#3837,#3838,#3839,#3840,#3863,#3890,#3891));
#3816 = ORIENTED_EDGE('',*,*,#3817,.F.);
#3817 = EDGE_CURVE('',#246,#934,#3818,.T.);
#3818 = SEAM_CURVE('',#3819,(#3823,#3830),.PCURVE_S1.);
#3819 = LINE('',#3820,#3821);
#3820 = CARTESIAN_POINT('',(54.5,0.,0.));
#3821 = VECTOR('',#3822,1.);
#3822 = DIRECTION('',(-0.876215908677,0.,0.481918749772));
#3823 = PCURVE('',#283,#3824);
#3824 = DEFINITIONAL_REPRESENTATION('',(#3825),#3829);
#3825 = LINE('',#3826,#3827);
#3826 = CARTESIAN_POINT('',(-0.,-0.));
#3827 = VECTOR('',#3828,1.);
#3828 = DIRECTION('',(-0.,-1.));
#3829 = ( GEOMETRIC_REPRESENTATION_CONTEXT(2) 
PARAMETRIC_REPRESENTATION_CONTEXT() REPRESENTATION_CONTEXT('2D SPACE',''
  ) );
#3830 = PCURVE('',#283,#3831);
#3831 = DEFINITIONAL_REPRESENTATION('',(#3832),#3836);
#3832 = LINE('',#3833,#3834);
#3833 = CARTESIAN_POINT('',(-6.28318530718,-0.));
#3834 = VECTOR('',#3835,1.);
#3835 = DIRECTION('',(-0.,-1.));
#3836 = ( GEOMETRIC_REPRESENTATION_CONTEXT(2) 
PARAMETRIC_REPRESENTATION_CONTEXT() REPRESENTATION_CONTEXT('2D SPACE',''
  ) );
#3837 = ORIENTED_EDGE('',*,*,#268,.T.);
#3838 = ORIENTED_EDGE('',*,*,#3817,.T.);
#3839 = ORIENTED_EDGE('',*,*,#1194,.F.);
#3840 = ORIENTED_EDGE('',*,*,#3841,.T.);
#3841 = EDGE_CURVE('',#936,#3842,#3844,.T.);
#3842 = VERTEX_POINT('',#3843);
#3843 = CARTESIAN_POINT('',(9.9395393414,0.,24.50825336223));
#3844 = SEAM_CURVE('',#3845,(#3849,#3856),.PCURVE_S1.);
#3845 = LINE('',#3846,#3847);
#3846 = CARTESIAN_POINT('',(54.5,0.,0.));
#3847 = VECTOR('',#3848,1.);
#3848 = DIRECTION('',(-0.876215908677,0.,0.481918749772));
#3849 = PCURVE('',#283,#3850);
#3850 = DEFINITIONAL_REPRESENTATION('',(#3851),#3855);
#3851 = LINE('',#3852,#3853);
#3852 = CARTESIAN_POINT('',(-0.,-0.));
#3853 = VECTOR('',#3854,1.);
#3854 = DIRECTION('',(-0.,-1.));
#3855 = ( GEOMETRIC_REPRESENTATION_CONTEXT(2) 
PARAMETRIC_REPRESENTATION_CONTEXT() REPRESENTATION_CONTEXT('2D SPACE',''
  ) );
#3856 = PCURVE('',#283,#3857);
#3857 = DEFINITIONAL_REPRESENTATION('',(#3858),#3862);
#3858 = LINE('',#3859,#3860);
#3859 = CARTESIAN_POINT('',(-6.28318530718,-0.));
#3860 = VECTOR('',#3861,1.);
#3861 = DIRECTION('',(-0.,-1.));
#3862 = ( GEOMETRIC_REPRESENTATION_CONTEXT(2) 
PARAMETRIC_REPRESENTATION_CONTEXT() REPRESENTATION_CONTEXT('2D SPACE',''
  ) );
#3863 = ORIENTED_EDGE('',*,*,#3864,.F.);
#3864 = EDGE_CURVE('',#3842,#3842,#3865,.T.);
#3865 = SURFACE_CURVE('',#3866,(#3871,#3878),.PCURVE_S1.);
#3866 = CIRCLE('',#3867,9.9395393414);
#3867 = AXIS2_PLACEMENT_3D('',#3868,#3869,#3870);
#3868 = CARTESIAN_POINT('',(0.,0.,24.50825336223));
#3869 = DIRECTION('',(0.,0.,1.));
#3870 = DIRECTION('',(1.,0.,-0.));
#3871 = PCURVE('',#283,#3872);
#3872 = DEFINITIONAL_REPRESENTATION('',(#3873),#3877);
#3873 = LINE('',#3874,#3875);
#3874 = CARTESIAN_POINT('',(-0.,-24.50825336223));
#3875 = VECTOR('',#3876,1.);
#3876 = DIRECTION('',(-1.,-0.));
#3877 = ( GEOMETRIC_REPRESENTATION_CONTEXT(2) 
PARAMETRIC_REPRESENTATION_CONTEXT() REPRESENTATION_CONTEXT('2D SPACE',''
  ) );
#3878 = PCURVE('',#3879,#3884);
#3879 = CONICAL_SURFACE('',#3880,9.9395393414,0.785398163397);
#3880 = AXIS2_PLACEMENT_3D('',#3881,#3882,#3883);
#3881 = CARTESIAN_POINT('',(0.,0.,24.50825336223));
#3882 = DIRECTION('',(-0.,-0.,-1.));
#3883 = DIRECTION('',(1.,0.,-0.));
#3884 = DEFINITIONAL_REPRESENTATION('',(#3885),#3889);
#3885 = LINE('',#3886,#3887);
#3886 = CARTESIAN_POINT('',(-0.,-0.));
#3887 = VECTOR('',#3888,1.);
#3888 = DIRECTION('',(-1.,-0.));
#3889 = ( GEOMETRIC_REPRESENTATION_CONTEXT(2) 
PARAMETRIC_REPRESENTATION_CONTEXT() REPRESENTATION_CONTEXT('2D SPACE',''
  ) );
#3890 = ORIENTED_EDGE('',*,*,#3841,.F.);
#3891 = ORIENTED_EDGE('',*,*,#933,.F.);
#3892 = FACE_BOUND('',#3893,.T.);
#3893 = EDGE_LOOP('',(#3894));
#3894 = ORIENTED_EDGE('',*,*,#3225,.F.);
#3895 = FACE_BOUND('',#3896,.T.);
#3896 = EDGE_LOOP('',(#3897));
#3897 = ORIENTED_EDGE('',*,*,#1446,.F.);
#3898 = FACE_BOUND('',#3899,.T.);
#3899 = EDGE_LOOP('',(#3900));
#3900 = ORIENTED_EDGE('',*,*,#2059,.F.);
#3901 = FACE_BOUND('',#3902,.T.);
#3902 = EDGE_LOOP('',(#3903));
#3903 = ORIENTED_EDGE('',*,*,#2693,.F.);
#3904 = FACE_BOUND('',#3905,.T.);
#3905 = EDGE_LOOP('',(#3906));
#3906 = ORIENTED_EDGE('',*,*,#299,.F.);
#3907 = ADVANCED_FACE('',(#3908),#3879,.T.);
#3908 = FACE_BOUND('',#3909,.T.);
#3909 = EDGE_LOOP('',(#3910,#3911,#3934,#3961));
#3910 = ORIENTED_EDGE('',*,*,#3864,.T.);
#3911 = ORIENTED_EDGE('',*,*,#3912,.T.);
#3912 = EDGE_CURVE('',#3842,#3913,#3915,.T.);
#3913 = VERTEX_POINT('',#3914);
#3914 = CARTESIAN_POINT('',(3.97581573656,0.,30.47197696707));
#3915 = SEAM_CURVE('',#3916,(#3920,#3927),.PCURVE_S1.);
#3916 = LINE('',#3917,#3918);
#3917 = CARTESIAN_POINT('',(9.9395393414,0.,24.50825336223));
#3918 = VECTOR('',#3919,1.);
#3919 = DIRECTION('',(-0.707106781187,0.,0.707106781187));
#3920 = PCURVE('',#3879,#3921);
#3921 = DEFINITIONAL_REPRESENTATION('',(#3922),#3926);
#3922 = LINE('',#3923,#3924);
#3923 = CARTESIAN_POINT('',(-0.,-0.));
#3924 = VECTOR('',#3925,1.);
#3925 = DIRECTION('',(-0.,-1.));
#3926 = ( GEOMETRIC_REPRESENTATION_CONTEXT(2) 
PARAMETRIC_REPRESENTATION_CONTEXT() REPRESENTATION_CONTEXT('2D SPACE',''
  ) );
#3927 = PCURVE('',#3879,#3928);
#3928 = DEFINITIONAL_REPRESENTATION('',(#3929),#3933);
#3929 = LINE('',#3930,#3931);
#3930 = CARTESIAN_POINT('',(-6.28318530718,-0.));
#3931 = VECTOR('',#3932,1.);
#3932 = DIRECTION('',(-0.,-1.));
#3933 = ( GEOMETRIC_REPRESENTATION_CONTEXT(2) 
PARAMETRIC_REPRESENTATION_CONTEXT() REPRESENTATION_CONTEXT('2D SPACE',''
  ) );
#3934 = ORIENTED_EDGE('',*,*,#3935,.F.);
#3935 = EDGE_CURVE('',#3913,#3913,#3936,.T.);
#3936 = SURFACE_CURVE('',#3937,(#3942,#3949),.PCURVE_S1.);
#3937 = CIRCLE('',#3938,3.97581573656);
#3938 = AXIS2_PLACEMENT_3D('',#3939,#3940,#3941);
#3939 = CARTESIAN_POINT('',(0.,0.,30.47197696707));
#3940 = DIRECTION('',(0.,0.,1.));
#3941 = DIRECTION('',(1.,0.,-0.));
#3942 = PCURVE('',#3879,#3943);
#3943 = DEFINITIONAL_REPRESENTATION('',(#3944),#3948);
#3944 = LINE('',#3945,#3946);
#3945 = CARTESIAN_POINT('',(-0.,-5.96372360484));
#3946 = VECTOR('',#3947,1.);
#3947 = DIRECTION('',(-1.,-0.));
#3948 = ( GEOMETRIC_REPRESENTATION_CONTEXT(2) 
PARAMETRIC_REPRESENTATION_CONTEXT() REPRESENTATION_CONTEXT('2D SPACE',''
  ) );
#3949 = PCURVE('',#3950,#3955);
#3950 = CYLINDRICAL_SURFACE('',#3951,3.97581573656);
#3951 = AXIS2_PLACEMENT_3D('',#3952,#3953,#3954);
#3952 = CARTESIAN_POINT('',(0.,0.,30.47197696707));
#3953 = DIRECTION('',(0.,0.,1.));
#3954 = DIRECTION('',(1.,0.,-0.));
#3955 = DEFINITIONAL_REPRESENTATION('',(#3956),#3960);
#3956 = LINE('',#3957,#3958);
#3957 = CARTESIAN_POINT('',(0.,0.));
#3958 = VECTOR('',#3959,1.);
#3959 = DIRECTION('',(1.,0.));
#3960 = ( GEOMETRIC_REPRESENTATION_CONTEXT(2) 
PARAMETRIC_REPRESENTATION_CONTEXT() REPRESENTATION_CONTEXT('2D SPACE',''
  ) );
#3961 = ORIENTED_EDGE('',*,*,#3912,.F.);
#3962 = ADVANCED_FACE('',(#3963),#3950,.T.);
#3963 = FACE_BOUND('',#3964,.T.);
#3964 = EDGE_LOOP('',(#3965,#3988,#3989,#3990));
#3965 = ORIENTED_EDGE('',*,*,#3966,.F.);
#3966 = EDGE_CURVE('',#3913,#3967,#3969,.T.);
#3967 = VERTEX_POINT('',#3968);
#3968 = CARTESIAN_POINT('',(3.97581573656,0.,37.395699296747));
#3969 = SEAM_CURVE('',#3970,(#3974,#3981),.PCURVE_S1.);
#3970 = LINE('',#3971,#3972);
#3971 = CARTESIAN_POINT('',(3.97581573656,0.,30.47197696707));
#3972 = VECTOR('',#3973,1.);
#3973 = DIRECTION('',(0.,0.,1.));
#3974 = PCURVE('',#3950,#3975);
#3975 = DEFINITIONAL_REPRESENTATION('',(#3976),#3980);
#3976 = LINE('',#3977,#3978);
#3977 = CARTESIAN_POINT('',(0.,0.));
#3978 = VECTOR('',#3979,1.);
#3979 = DIRECTION('',(0.,1.));
#3980 = ( GEOMETRIC_REPRESENTATION_CONTEXT(2) 
PARAMETRIC_REPRESENTATION_CONTEXT() REPRESENTATION_CONTEXT('2D SPACE',''
  ) );
#3981 = PCURVE('',#3950,#3982);
#3982 = DEFINITIONAL_REPRESENTATION('',(#3983),#3987);
#3983 = LINE('',#3984,#3985);
#3984 = CARTESIAN_POINT('',(6.28318530718,0.));
#3985 = VECTOR('',#3986,1.);
#3986 = DIRECTION('',(0.,1.));
#3987 = ( GEOMETRIC_REPRESENTATION_CONTEXT(2) 
PARAMETRIC_REPRESENTATION_CONTEXT() REPRESENTATION_CONTEXT('2D SPACE',''
  ) );
#3988 = ORIENTED_EDGE('',*,*,#3935,.T.);
#3989 = ORIENTED_EDGE('',*,*,#3966,.T.);
#3990 = ORIENTED_EDGE('',*,*,#3991,.F.);
#3991 = EDGE_CURVE('',#3967,#3967,#3992,.T.);
#3992 = SURFACE_CURVE('',#3993,(#3998,#4005),.PCURVE_S1.);
#3993 = CIRCLE('',#3994,3.97581573656);
#3994 = AXIS2_PLACEMENT_3D('',#3995,#3996,#3997);
#3995 = CARTESIAN_POINT('',(0.,0.,37.395699296747));
#3996 = DIRECTION('',(0.,0.,1.));
#3997 = DIRECTION('',(1.,0.,-0.));
#3998 = PCURVE('',#3950,#3999);
#3999 = DEFINITIONAL_REPRESENTATION('',(#4000),#4004);
#4000 = LINE('',#4001,#4002);
#4001 = CARTESIAN_POINT('',(0.,6.923722329677));
#4002 = VECTOR('',#4003,1.);
#4003 = DIRECTION('',(1.,0.));
#4004 = ( GEOMETRIC_REPRESENTATION_CONTEXT(2) 
PARAMETRIC_REPRESENTATION_CONTEXT() REPRESENTATION_CONTEXT('2D SPACE',''
  ) );
#4005 = PCURVE('',#4006,#4011);
#4006 = PLANE('',#4007);
#4007 = AXIS2_PLACEMENT_3D('',#4008,#4009,#4010);
#4008 = CARTESIAN_POINT('',(0.,0.,37.395699296747));
#4009 = DIRECTION('',(0.,0.,1.));
#4010 = DIRECTION('',(1.,0.,-0.));
#4011 = DEFINITIONAL_REPRESENTATION('',(#4012),#4016);
#4012 = CIRCLE('',#4013,3.97581573656);
#4013 = AXIS2_PLACEMENT_2D('',#4014,#4015);
#4014 = CARTESIAN_POINT('',(0.,0.));
#4015 = DIRECTION('',(1.,0.));
#4016 = ( GEOMETRIC_REPRESENTATION_CONTEXT(2) 
PARAMETRIC_REPRESENTATION_CONTEXT() REPRESENTATION_CONTEXT('2D SPACE',''
  ) );
#4017 = ADVANCED_FACE('',(#4018,#4021),#4006,.T.);
#4018 = FACE_BOUND('',#4019,.T.);
#4019 = EDGE_LOOP('',(#4020));
#4020 = ORIENTED_EDGE('',*,*,#3991,.T.);
#4021 = FACE_BOUND('',#4022,.T.);
#4022 = EDGE_LOOP('',(#4023));
#4023 = ORIENTED_EDGE('',*,*,#4024,.F.);
#4024 = EDGE_CURVE('',#4025,#4025,#4027,.T.);
#4025 = VERTEX_POINT('',#4026);
#4026 = CARTESIAN_POINT('',(3.37581573656,-8.268363872579E-16,
    37.395699296747));
#4027 = SURFACE_CURVE('',#4028,(#4033,#4040),.PCURVE_S1.);
#4028 = CIRCLE('',#4029,3.37581573656);
#4029 = AXIS2_PLACEMENT_3D('',#4030,#4031,#4032);
#4030 = CARTESIAN_POINT('',(0.,0.,37.395699296747));
#4031 = DIRECTION('',(0.,0.,1.));
#4032 = DIRECTION('',(1.,0.,-0.));
#4033 = PCURVE('',#4006,#4034);
#4034 = DEFINITIONAL_REPRESENTATION('',(#4035),#4039);
#4035 = CIRCLE('',#4036,3.37581573656);
#4036 = AXIS2_PLACEMENT_2D('',#4037,#4038);
#4037 = CARTESIAN_POINT('',(0.,0.));
#4038 = DIRECTION('',(1.,0.));
#4039 = ( GEOMETRIC_REPRESENTATION_CONTEXT(2) 
PARAMETRIC_REPRESENTATION_CONTEXT() REPRESENTATION_CONTEXT('2D SPACE',''
  ) );
#4040 = PCURVE('',#4041,#4046);
#4041 = CYLINDRICAL_SURFACE('',#4042,3.37581573656);
#4042 = AXIS2_PLACEMENT_3D('',#4043,#4044,#4045);
#4043 = CARTESIAN_POINT('',(0.,0.,37.095699296747));
#4044 = DIRECTION('',(0.,0.,1.));
#4045 = DIRECTION('',(1.,0.,-0.));
#4046 = DEFINITIONAL_REPRESENTATION('',(#4047),#4051);
#4047 = LINE('',#4048,#4049);
#4048 = CARTESIAN_POINT('',(0.,0.3));
#4049 = VECTOR('',#4050,1.);
#4050 = DIRECTION('',(1.,0.));
#4051 = ( GEOMETRIC_REPRESENTATION_CONTEXT(2) 
PARAMETRIC_REPRESENTATION_CONTEXT() REPRESENTATION_CONTEXT('2D SPACE',''
  ) );
#4052 = ADVANCED_FACE('',(#4053),#4041,.T.);
#4053 = FACE_BOUND('',#4054,.T.);
#4054 = EDGE_LOOP('',(#4055,#4084,#4105,#4106));
#4055 = ORIENTED_EDGE('',*,*,#4056,.F.);
#4056 = EDGE_CURVE('',#4057,#4057,#4059,.T.);
#4057 = VERTEX_POINT('',#4058);
#4058 = CARTESIAN_POINT('',(3.37581573656,-8.268363872579E-16,
    38.395699296747));
#4059 = SURFACE_CURVE('',#4060,(#4065,#4072),.PCURVE_S1.);
#4060 = CIRCLE('',#4061,3.37581573656);
#4061 = AXIS2_PLACEMENT_3D('',#4062,#4063,#4064);
#4062 = CARTESIAN_POINT('',(0.,0.,38.395699296747));
#4063 = DIRECTION('',(0.,0.,1.));
#4064 = DIRECTION('',(1.,0.,-0.));
#4065 = PCURVE('',#4041,#4066);
#4066 = DEFINITIONAL_REPRESENTATION('',(#4067),#4071);
#4067 = LINE('',#4068,#4069);
#4068 = CARTESIAN_POINT('',(0.,1.3));
#4069 = VECTOR('',#4070,1.);
#4070 = DIRECTION('',(1.,0.));
#4071 = ( GEOMETRIC_REPRESENTATION_CONTEXT(2) 
PARAMETRIC_REPRESENTATION_CONTEXT() REPRESENTATION_CONTEXT('2D SPACE',''
  ) );
#4072 = PCURVE('',#4073,#4078);
#4073 = PLANE('',#4074);
#4074 = AXIS2_PLACEMENT_3D('',#4075,#4076,#4077);
#4075 = CARTESIAN_POINT('',(0.,0.,38.395699296747));
#4076 = DIRECTION('',(0.,0.,1.));
#4077 = DIRECTION('',(1.,0.,-0.));
#4078 = DEFINITIONAL_REPRESENTATION('',(#4079),#4083);
#4079 = CIRCLE('',#4080,3.37581573656);
#4080 = AXIS2_PLACEMENT_2D('',#4081,#4082);
#4081 = CARTESIAN_POINT('',(0.,0.));
#4082 = DIRECTION('',(1.,0.));
#4083 = ( GEOMETRIC_REPRESENTATION_CONTEXT(2) 
PARAMETRIC_REPRESENTATION_CONTEXT() REPRESENTATION_CONTEXT('2D SPACE',''
  ) );
#4084 = ORIENTED_EDGE('',*,*,#4085,.F.);
#4085 = EDGE_CURVE('',#4025,#4057,#4086,.T.);
#4086 = SEAM_CURVE('',#4087,(#4091,#4098),.PCURVE_S1.);
#4087 = LINE('',#4088,#4089);
#4088 = CARTESIAN_POINT('',(3.37581573656,-8.268363872579E-16,
    37.095699296747));
#4089 = VECTOR('',#4090,1.);
#4090 = DIRECTION('',(0.,0.,1.));
#4091 = PCURVE('',#4041,#4092);
#4092 = DEFINITIONAL_REPRESENTATION('',(#4093),#4097);
#4093 = LINE('',#4094,#4095);
#4094 = CARTESIAN_POINT('',(6.28318530718,-0.));
#4095 = VECTOR('',#4096,1.);
#4096 = DIRECTION('',(0.,1.));
#4097 = ( GEOMETRIC_REPRESENTATION_CONTEXT(2) 
PARAMETRIC_REPRESENTATION_CONTEXT() REPRESENTATION_CONTEXT('2D SPACE',''
  ) );
#4098 = PCURVE('',#4041,#4099);
#4099 = DEFINITIONAL_REPRESENTATION('',(#4100),#4104);
#4100 = LINE('',#4101,#4102);
#4101 = CARTESIAN_POINT('',(0.,-0.));
#4102 = VECTOR('',#4103,1.);
#4103 = DIRECTION('',(0.,1.));
#4104 = ( GEOMETRIC_REPRESENTATION_CONTEXT(2) 
PARAMETRIC_REPRESENTATION_CONTEXT() REPRESENTATION_CONTEXT('2D SPACE',''
  ) );
#4105 = ORIENTED_EDGE('',*,*,#4024,.T.);
#4106 = ORIENTED_EDGE('',*,*,#4085,.T.);
#4107 = ADVANCED_FACE('',(#4108,#4139),#4073,.F.);
#4108 = FACE_BOUND('',#4109,.F.);
#4109 = EDGE_LOOP('',(#4110));
#4110 = ORIENTED_EDGE('',*,*,#4111,.T.);
#4111 = EDGE_CURVE('',#4112,#4112,#4114,.T.);
#4112 = VERTEX_POINT('',#4113);
#4113 = CARTESIAN_POINT('',(3.97581573656,0.,38.395699296747));
#4114 = SURFACE_CURVE('',#4115,(#4120,#4127),.PCURVE_S1.);
#4115 = CIRCLE('',#4116,3.97581573656);
#4116 = AXIS2_PLACEMENT_3D('',#4117,#4118,#4119);
#4117 = CARTESIAN_POINT('',(0.,0.,38.395699296747));
#4118 = DIRECTION('',(0.,0.,1.));
#4119 = DIRECTION('',(1.,0.,-0.));
#4120 = PCURVE('',#4073,#4121);
#4121 = DEFINITIONAL_REPRESENTATION('',(#4122),#4126);
#4122 = CIRCLE('',#4123,3.97581573656);
#4123 = AXIS2_PLACEMENT_2D('',#4124,#4125);
#4124 = CARTESIAN_POINT('',(0.,0.));
#4125 = DIRECTION('',(1.,0.));
#4126 = ( GEOMETRIC_REPRESENTATION_CONTEXT(2) 
PARAMETRIC_REPRESENTATION_CONTEXT() REPRESENTATION_CONTEXT('2D SPACE',''
  ) );
#4127 = PCURVE('',#4128,#4133);
#4128 = CYLINDRICAL_SURFACE('',#4129,3.97581573656);
#4129 = AXIS2_PLACEMENT_3D('',#4130,#4131,#4132);
#4130 = CARTESIAN_POINT('',(0.,0.,30.47197696707));
#4131 = DIRECTION('',(0.,0.,1.));
#4132 = DIRECTION('',(1.,0.,-0.));
#4133 = DEFINITIONAL_REPRESENTATION('',(#4134),#4138);
#4134 = LINE('',#4135,#4136);
#4135 = CARTESIAN_POINT('',(0.,7.923722329677));
#4136 = VECTOR('',#4137,1.);
#4137 = DIRECTION('',(1.,0.));
#4138 = ( GEOMETRIC_REPRESENTATION_CONTEXT(2) 
PARAMETRIC_REPRESENTATION_CONTEXT() REPRESENTATION_CONTEXT('2D SPACE',''
  ) );
#4139 = FACE_BOUND('',#4140,.F.);
#4140 = EDGE_LOOP('',(#4141));
#4141 = ORIENTED_EDGE('',*,*,#4056,.F.);
#4142 = ADVANCED_FACE('',(#4143),#4128,.T.);
#4143 = FACE_BOUND('',#4144,.T.);
#4144 = EDGE_LOOP('',(#4145,#4146,#4169,#4196));
#4145 = ORIENTED_EDGE('',*,*,#4111,.T.);
#4146 = ORIENTED_EDGE('',*,*,#4147,.T.);
#4147 = EDGE_CURVE('',#4112,#4148,#4150,.T.);
#4148 = VERTEX_POINT('',#4149);
#4149 = CARTESIAN_POINT('',(3.97581573656,0.,45.319421626423));
#4150 = SEAM_CURVE('',#4151,(#4155,#4162),.PCURVE_S1.);
#4151 = LINE('',#4152,#4153);
#4152 = CARTESIAN_POINT('',(3.97581573656,0.,30.47197696707));
#4153 = VECTOR('',#4154,1.);
#4154 = DIRECTION('',(0.,0.,1.));
#4155 = PCURVE('',#4128,#4156);
#4156 = DEFINITIONAL_REPRESENTATION('',(#4157),#4161);
#4157 = LINE('',#4158,#4159);
#4158 = CARTESIAN_POINT('',(0.,0.));
#4159 = VECTOR('',#4160,1.);
#4160 = DIRECTION('',(0.,1.));
#4161 = ( GEOMETRIC_REPRESENTATION_CONTEXT(2) 
PARAMETRIC_REPRESENTATION_CONTEXT() REPRESENTATION_CONTEXT('2D SPACE',''
  ) );
#4162 = PCURVE('',#4128,#4163);
#4163 = DEFINITIONAL_REPRESENTATION('',(#4164),#4168);
#4164 = LINE('',#4165,#4166);
#4165 = CARTESIAN_POINT('',(6.28318530718,0.));
#4166 = VECTOR('',#4167,1.);
#4167 = DIRECTION('',(0.,1.));
#4168 = ( GEOMETRIC_REPRESENTATION_CONTEXT(2) 
PARAMETRIC_REPRESENTATION_CONTEXT() REPRESENTATION_CONTEXT('2D SPACE',''
  ) );
#4169 = ORIENTED_EDGE('',*,*,#4170,.F.);
#4170 = EDGE_CURVE('',#4148,#4148,#4171,.T.);
#4171 = SURFACE_CURVE('',#4172,(#4177,#4184),.PCURVE_S1.);
#4172 = CIRCLE('',#4173,3.97581573656);
#4173 = AXIS2_PLACEMENT_3D('',#4174,#4175,#4176);
#4174 = CARTESIAN_POINT('',(0.,0.,45.319421626423));
#4175 = DIRECTION('',(0.,0.,1.));
#4176 = DIRECTION('',(1.,0.,-0.));
#4177 = PCURVE('',#4128,#4178);
#4178 = DEFINITIONAL_REPRESENTATION('',(#4179),#4183);
#4179 = LINE('',#4180,#4181);
#4180 = CARTESIAN_POINT('',(0.,14.847444659353));
#4181 = VECTOR('',#4182,1.);
#4182 = DIRECTION('',(1.,0.));
#4183 = ( GEOMETRIC_REPRESENTATION_CONTEXT(2) 
PARAMETRIC_REPRESENTATION_CONTEXT() REPRESENTATION_CONTEXT('2D SPACE',''
  ) );
#4184 = PCURVE('',#4185,#4190);
#4185 = CONICAL_SURFACE('',#4186,3.97581573656,0.785398163397);
#4186 = AXIS2_PLACEMENT_3D('',#4187,#4188,#4189);
#4187 = CARTESIAN_POINT('',(0.,0.,45.319421626423));
#4188 = DIRECTION('',(0.,0.,1.));
#4189 = DIRECTION('',(1.,0.,-0.));
#4190 = DEFINITIONAL_REPRESENTATION('',(#4191),#4195);
#4191 = LINE('',#4192,#4193);
#4192 = CARTESIAN_POINT('',(0.,0.));
#4193 = VECTOR('',#4194,1.);
#4194 = DIRECTION('',(1.,0.));
#4195 = ( GEOMETRIC_REPRESENTATION_CONTEXT(2) 
PARAMETRIC_REPRESENTATION_CONTEXT() REPRESENTATION_CONTEXT('2D SPACE',''
  ) );
#4196 = ORIENTED_EDGE('',*,*,#4147,.F.);
#4197 = ADVANCED_FACE('',(#4198),#4185,.T.);
#4198 = FACE_BOUND('',#4199,.T.);
#4199 = EDGE_LOOP('',(#4200,#4201,#4224,#4251));
#4200 = ORIENTED_EDGE('',*,*,#4170,.T.);
#4201 = ORIENTED_EDGE('',*,*,#4202,.T.);
#4202 = EDGE_CURVE('',#4148,#4203,#4205,.T.);
#4203 = VERTEX_POINT('',#4204);
#4204 = CARTESIAN_POINT('',(39.85,0.,81.193605889863));
#4205 = SEAM_CURVE('',#4206,(#4210,#4217),.PCURVE_S1.);
#4206 = LINE('',#4207,#4208);
#4207 = CARTESIAN_POINT('',(3.97581573656,0.,45.319421626423));
#4208 = VECTOR('',#4209,1.);
#4209 = DIRECTION('',(0.707106781187,0.,0.707106781187));
#4210 = PCURVE('',#4185,#4211);
#4211 = DEFINITIONAL_REPRESENTATION('',(#4212),#4216);
#4212 = LINE('',#4213,#4214);
#4213 = CARTESIAN_POINT('',(6.28318530718,0.));
#4214 = VECTOR('',#4215,1.);
#4215 = DIRECTION('',(0.,1.));
#4216 = ( GEOMETRIC_REPRESENTATION_CONTEXT(2) 
PARAMETRIC_REPRESENTATION_CONTEXT() REPRESENTATION_CONTEXT('2D SPACE',''
  ) );
#4217 = PCURVE('',#4185,#4218);
#4218 = DEFINITIONAL_REPRESENTATION('',(#4219),#4223);
#4219 = LINE('',#4220,#4221);
#4220 = CARTESIAN_POINT('',(0.,0.));
#4221 = VECTOR('',#4222,1.);
#4222 = DIRECTION('',(0.,1.));
#4223 = ( GEOMETRIC_REPRESENTATION_CONTEXT(2) 
PARAMETRIC_REPRESENTATION_CONTEXT() REPRESENTATION_CONTEXT('2D SPACE',''
  ) );
#4224 = ORIENTED_EDGE('',*,*,#4225,.F.);
#4225 = EDGE_CURVE('',#4203,#4203,#4226,.T.);
#4226 = SURFACE_CURVE('',#4227,(#4232,#4239),.PCURVE_S1.);
#4227 = CIRCLE('',#4228,39.85);
#4228 = AXIS2_PLACEMENT_3D('',#4229,#4230,#4231);
#4229 = CARTESIAN_POINT('',(0.,0.,81.193605889863));
#4230 = DIRECTION('',(0.,0.,1.));
#4231 = DIRECTION('',(1.,0.,-0.));
#4232 = PCURVE('',#4185,#4233);
#4233 = DEFINITIONAL_REPRESENTATION('',(#4234),#4238);
#4234 = LINE('',#4235,#4236);
#4235 = CARTESIAN_POINT('',(0.,34.127450060704));
#4236 = VECTOR('',#4237,1.);
#4237 = DIRECTION('',(1.,0.));
#4238 = ( GEOMETRIC_REPRESENTATION_CONTEXT(2) 
PARAMETRIC_REPRESENTATION_CONTEXT() REPRESENTATION_CONTEXT('2D SPACE',''
  ) );
#4239 = PCURVE('',#4240,#4245);
#4240 = CYLINDRICAL_SURFACE('',#4241,39.85);
#4241 = AXIS2_PLACEMENT_3D('',#4242,#4243,#4244);
#4242 = CARTESIAN_POINT('',(0.,0.,81.193605889863));
#4243 = DIRECTION('',(0.,0.,1.));
#4244 = DIRECTION('',(1.,0.,-0.));
#4245 = DEFINITIONAL_REPRESENTATION('',(#4246),#4250);
#4246 = LINE('',#4247,#4248);
#4247 = CARTESIAN_POINT('',(0.,0.));
#4248 = VECTOR('',#4249,1.);
#4249 = DIRECTION('',(1.,0.));
#4250 = ( GEOMETRIC_REPRESENTATION_CONTEXT(2) 
PARAMETRIC_REPRESENTATION_CONTEXT() REPRESENTATION_CONTEXT('2D SPACE',''
  ) );
#4251 = ORIENTED_EDGE('',*,*,#4202,.F.);
#4252 = ADVANCED_FACE('',(#4253),#4240,.T.);
#4253 = FACE_BOUND('',#4254,.T.);
#4254 = EDGE_LOOP('',(#4255,#4256,#4279,#4306));
#4255 = ORIENTED_EDGE('',*,*,#4225,.T.);
#4256 = ORIENTED_EDGE('',*,*,#4257,.T.);
#4257 = EDGE_CURVE('',#4203,#4258,#4260,.T.);
#4258 = VERTEX_POINT('',#4259);
#4259 = CARTESIAN_POINT('',(39.85,0.,115.19360588986));
#4260 = SEAM_CURVE('',#4261,(#4265,#4272),.PCURVE_S1.);
#4261 = LINE('',#4262,#4263);
#4262 = CARTESIAN_POINT('',(39.85,0.,81.193605889863));
#4263 = VECTOR('',#4264,1.);
#4264 = DIRECTION('',(0.,0.,1.));
#4265 = PCURVE('',#4240,#4266);
#4266 = DEFINITIONAL_REPRESENTATION('',(#4267),#4271);
#4267 = LINE('',#4268,#4269);
#4268 = CARTESIAN_POINT('',(0.,0.));
#4269 = VECTOR('',#4270,1.);
#4270 = DIRECTION('',(0.,1.));
#4271 = ( GEOMETRIC_REPRESENTATION_CONTEXT(2) 
PARAMETRIC_REPRESENTATION_CONTEXT() REPRESENTATION_CONTEXT('2D SPACE',''
  ) );
#4272 = PCURVE('',#4240,#4273);
#4273 = DEFINITIONAL_REPRESENTATION('',(#4274),#4278);
#4274 = LINE('',#4275,#4276);
#4275 = CARTESIAN_POINT('',(6.28318530718,0.));
#4276 = VECTOR('',#4277,1.);
#4277 = DIRECTION('',(0.,1.));
#4278 = ( GEOMETRIC_REPRESENTATION_CONTEXT(2) 
PARAMETRIC_REPRESENTATION_CONTEXT() REPRESENTATION_CONTEXT('2D SPACE',''
  ) );
#4279 = ORIENTED_EDGE('',*,*,#4280,.F.);
#4280 = EDGE_CURVE('',#4258,#4258,#4281,.T.);
#4281 = SURFACE_CURVE('',#4282,(#4287,#4294),.PCURVE_S1.);
#4282 = CIRCLE('',#4283,39.85);
#4283 = AXIS2_PLACEMENT_3D('',#4284,#4285,#4286);
#4284 = CARTESIAN_POINT('',(0.,0.,115.19360588986));
#4285 = DIRECTION('',(0.,0.,1.));
#4286 = DIRECTION('',(1.,0.,-0.));
#4287 = PCURVE('',#4240,#4288);
#4288 = DEFINITIONAL_REPRESENTATION('',(#4289),#4293);
#4289 = LINE('',#4290,#4291);
#4290 = CARTESIAN_POINT('',(0.,34.));
#4291 = VECTOR('',#4292,1.);
#4292 = DIRECTION('',(1.,0.));
#4293 = ( GEOMETRIC_REPRESENTATION_CONTEXT(2) 
PARAMETRIC_REPRESENTATION_CONTEXT() REPRESENTATION_CONTEXT('2D SPACE',''
  ) );
#4294 = PCURVE('',#4295,#4300);
#4295 = PLANE('',#4296);
#4296 = AXIS2_PLACEMENT_3D('',#4297,#4298,#4299);
#4297 = CARTESIAN_POINT('',(0.,0.,115.19360588986));
#4298 = DIRECTION('',(0.,0.,1.));
#4299 = DIRECTION('',(1.,0.,-0.));
#4300 = DEFINITIONAL_REPRESENTATION('',(#4301),#4305);
#4301 = CIRCLE('',#4302,39.85);
#4302 = AXIS2_PLACEMENT_2D('',#4303,#4304);
#4303 = CARTESIAN_POINT('',(0.,0.));
#4304 = DIRECTION('',(1.,0.));
#4305 = ( GEOMETRIC_REPRESENTATION_CONTEXT(2) 
PARAMETRIC_REPRESENTATION_CONTEXT() REPRESENTATION_CONTEXT('2D SPACE',''
  ) );
#4306 = ORIENTED_EDGE('',*,*,#4257,.F.);
#4307 = ADVANCED_FACE('',(#4308,#4311),#4295,.T.);
#4308 = FACE_BOUND('',#4309,.T.);
#4309 = EDGE_LOOP('',(#4310));
#4310 = ORIENTED_EDGE('',*,*,#4280,.T.);
#4311 = FACE_BOUND('',#4312,.T.);
#4312 = EDGE_LOOP('',(#4313));
#4313 = ORIENTED_EDGE('',*,*,#4314,.F.);
#4314 = EDGE_CURVE('',#4315,#4315,#4317,.T.);
#4315 = VERTEX_POINT('',#4316);
#4316 = CARTESIAN_POINT('',(34.55,-8.462309382108E-15,115.19360588986));
#4317 = SURFACE_CURVE('',#4318,(#4323,#4330),.PCURVE_S1.);
#4318 = CIRCLE('',#4319,34.55);
#4319 = AXIS2_PLACEMENT_3D('',#4320,#4321,#4322);
#4320 = CARTESIAN_POINT('',(0.,0.,115.19360588986));
#4321 = DIRECTION('',(0.,0.,1.));
#4322 = DIRECTION('',(1.,0.,-0.));
#4323 = PCURVE('',#4295,#4324);
#4324 = DEFINITIONAL_REPRESENTATION('',(#4325),#4329);
#4325 = CIRCLE('',#4326,34.55);
#4326 = AXIS2_PLACEMENT_2D('',#4327,#4328);
#4327 = CARTESIAN_POINT('',(0.,0.));
#4328 = DIRECTION('',(1.,0.));
#4329 = ( GEOMETRIC_REPRESENTATION_CONTEXT(2) 
PARAMETRIC_REPRESENTATION_CONTEXT() REPRESENTATION_CONTEXT('2D SPACE',''
  ) );
#4330 = PCURVE('',#4331,#4336);
#4331 = CYLINDRICAL_SURFACE('',#4332,34.55);
#4332 = AXIS2_PLACEMENT_3D('',#4333,#4334,#4335);
#4333 = CARTESIAN_POINT('',(0.,0.,79.193605889863));
#4334 = DIRECTION('',(0.,0.,1.));
#4335 = DIRECTION('',(1.,0.,-0.));
#4336 = DEFINITIONAL_REPRESENTATION('',(#4337),#4341);
#4337 = LINE('',#4338,#4339);
#4338 = CARTESIAN_POINT('',(0.,36.));
#4339 = VECTOR('',#4340,1.);
#4340 = DIRECTION('',(1.,0.));
#4341 = ( GEOMETRIC_REPRESENTATION_CONTEXT(2) 
PARAMETRIC_REPRESENTATION_CONTEXT() REPRESENTATION_CONTEXT('2D SPACE',''
  ) );
#4342 = ADVANCED_FACE('',(#4343),#4331,.F.);
#4343 = FACE_BOUND('',#4344,.F.);
#4344 = EDGE_LOOP('',(#4345,#4346,#4369,#4396));
#4345 = ORIENTED_EDGE('',*,*,#4314,.F.);
#4346 = ORIENTED_EDGE('',*,*,#4347,.F.);
#4347 = EDGE_CURVE('',#4348,#4315,#4350,.T.);
#4348 = VERTEX_POINT('',#4349);
#4349 = CARTESIAN_POINT('',(34.55,-8.462309382108E-15,79.193605889863));
#4350 = SEAM_CURVE('',#4351,(#4355,#4362),.PCURVE_S1.);
#4351 = LINE('',#4352,#4353);
#4352 = CARTESIAN_POINT('',(34.55,-8.462309382108E-15,79.193605889863));
#4353 = VECTOR('',#4354,1.);
#4354 = DIRECTION('',(0.,0.,1.));
#4355 = PCURVE('',#4331,#4356);
#4356 = DEFINITIONAL_REPRESENTATION('',(#4357),#4361);
#4357 = LINE('',#4358,#4359);
#4358 = CARTESIAN_POINT('',(6.28318530718,-0.));
#4359 = VECTOR('',#4360,1.);
#4360 = DIRECTION('',(0.,1.));
#4361 = ( GEOMETRIC_REPRESENTATION_CONTEXT(2) 
PARAMETRIC_REPRESENTATION_CONTEXT() REPRESENTATION_CONTEXT('2D SPACE',''
  ) );
#4362 = PCURVE('',#4331,#4363);
#4363 = DEFINITIONAL_REPRESENTATION('',(#4364),#4368);
#4364 = LINE('',#4365,#4366);
#4365 = CARTESIAN_POINT('',(0.,-0.));
#4366 = VECTOR('',#4367,1.);
#4367 = DIRECTION('',(0.,1.));
#4368 = ( GEOMETRIC_REPRESENTATION_CONTEXT(2) 
PARAMETRIC_REPRESENTATION_CONTEXT() REPRESENTATION_CONTEXT('2D SPACE',''
  ) );
#4369 = ORIENTED_EDGE('',*,*,#4370,.T.);
#4370 = EDGE_CURVE('',#4348,#4348,#4371,.T.);
#4371 = SURFACE_CURVE('',#4372,(#4377,#4384),.PCURVE_S1.);
#4372 = CIRCLE('',#4373,34.55);
#4373 = AXIS2_PLACEMENT_3D('',#4374,#4375,#4376);
#4374 = CARTESIAN_POINT('',(0.,0.,79.193605889863));
#4375 = DIRECTION('',(0.,0.,1.));
#4376 = DIRECTION('',(1.,0.,-0.));
#4377 = PCURVE('',#4331,#4378);
#4378 = DEFINITIONAL_REPRESENTATION('',(#4379),#4383);
#4379 = LINE('',#4380,#4381);
#4380 = CARTESIAN_POINT('',(0.,0.));
#4381 = VECTOR('',#4382,1.);
#4382 = DIRECTION('',(1.,0.));
#4383 = ( GEOMETRIC_REPRESENTATION_CONTEXT(2) 
PARAMETRIC_REPRESENTATION_CONTEXT() REPRESENTATION_CONTEXT('2D SPACE',''
  ) );
#4384 = PCURVE('',#4385,#4390);
#4385 = PLANE('',#4386);
#4386 = AXIS2_PLACEMENT_3D('',#4387,#4388,#4389);
#4387 = CARTESIAN_POINT('',(0.,0.,79.193605889863));
#4388 = DIRECTION('',(0.,0.,1.));
#4389 = DIRECTION('',(1.,0.,-0.));
#4390 = DEFINITIONAL_REPRESENTATION('',(#4391),#4395);
#4391 = CIRCLE('',#4392,34.55);
#4392 = AXIS2_PLACEMENT_2D('',#4393,#4394);
#4393 = CARTESIAN_POINT('',(0.,0.));
#4394 = DIRECTION('',(1.,0.));
#4395 = ( GEOMETRIC_REPRESENTATION_CONTEXT(2) 
PARAMETRIC_REPRESENTATION_CONTEXT() REPRESENTATION_CONTEXT('2D SPACE',''
  ) );
#4396 = ORIENTED_EDGE('',*,*,#4347,.T.);
#4397 = ADVANCED_FACE('',(#4398),#4385,.T.);
#4398 = FACE_BOUND('',#4399,.F.);
#4399 = EDGE_LOOP('',(#4400));
#4400 = ORIENTED_EDGE('',*,*,#4370,.F.);
#4401 = ( GEOMETRIC_REPRESENTATION_CONTEXT(3) 
GLOBAL_UNCERTAINTY_ASSIGNED_CONTEXT((#4405)) 
GLOBAL_UNIT_ASSIGNED_CONTEXT((#4402,#4403,#4404)) REPRESENTATION_CONTEXT
('Context #1','3D Context with UNIT and UNCERTAINTY') );
#4402 = ( LENGTH_UNIT() NAMED_UNIT(*) SI_UNIT(.MILLI.,.METRE.) );
#4403 = ( NAMED_UNIT(*) PLANE_ANGLE_UNIT() SI_UNIT($,.RADIAN.) );
#4404 = ( NAMED_UNIT(*) SI_UNIT($,.STERADIAN.) SOLID_ANGLE_UNIT() );
#4405 = UNCERTAINTY_MEASURE_WITH_UNIT(LENGTH_MEASURE(0.1),#4402,
  'distance_accuracy_value','confusion accuracy');
#4406 = PRODUCT_RELATED_PRODUCT_CATEGORY('part',$,(#7));
ENDSEC;
END-ISO-10303-21;
